unique_member_code,first_name,last_name,full_name,party_end_date,party_start_date,party,party_code,membership_end_date,membership_start_date,committee_1_expiry_type,committee_1_name_end_date,committee_1_name_start_date,committee_1_name_en,committee_1_status,committee_1_main_status,committee_1_type,committee_1_end_date,committee_1_start_date,committee_1_member_end_date,committee_1_member_start_date,committee_2_expiry_type,committee_2_name_end_date,committee_2_name_start_date,committee_2_name_en,committee_2_status,committee_2_main_status,committee_2_end_date,committee_2_start_date,committee_2_type,committee_2_member_end_date,committee_2_member_start_date,committee_3_expiry_type,committee_3_name_end_date,committee_3_name_start_date,committee_3_name_en,committee_3_status,committee_3_main_status,committee_3_end_date,committee_3_start_date,committee_3_type,committee_3_member_end_date,committee_3_member_start_date,constituency_code,constituency_name,dail_code,dail_chamber_type,dail_term,dail_number,date_of_death,committee_1_role_end_date,committee_1_role_start_date,committee_1_role_title,committee_3_role_end_date,committee_3_role_start_date,committee_3_role_title,committee_4_expiry_type,committee_4_name_end_date,committee_4_name_start_date,committee_4_name_en,committee_4_status,committee_4_main_status,committee_4_end_date,committee_4_start_date,committee_4_type,committee_4_member_end_date,committee_4_member_start_date,office_1_end_date,office_1_start_date,office_1_name,committee_1_alt_name_end_date,committee_1_alt_name_start_date,committee_1_alt_name_en,committee_4_alt_name_end_date,committee_4_alt_name_start_date,committee_4_alt_name_en,committee_5_expiry_type,committee_5_name_end_date,committee_5_name_start_date,committee_5_name_en,committee_5_status,committee_5_main_status,committee_5_end_date,committee_5_start_date,committee_5_type,committee_5_member_end_date,committee_5_member_start_date,committee_6_expiry_type,committee_6_name_end_date,committee_6_name_start_date,committee_6_name_en,committee_6_status,committee_6_main_status,committee_6_end_date,committee_6_start_date,committee_6_type,committee_6_member_end_date,committee_6_member_start_date,committee_7_expiry_type,committee_7_name_end_date,committee_7_name_start_date,committee_7_name_en,committee_7_status,committee_7_main_status,committee_7_end_date,committee_7_start_date,committee_7_type,committee_7_member_end_date,committee_7_member_start_date,committee_8_expiry_type,committee_8_name_end_date,committee_8_name_start_date,committee_8_name_en,committee_8_status,committee_8_main_status,committee_8_end_date,committee_8_start_date,committee_8_type,committee_8_member_end_date,committee_8_member_start_date,committee_2_role_end_date,committee_2_role_start_date,committee_2_role_title,committee_4_role_end_date,committee_4_role_start_date,committee_4_role_title,committee_7_role_end_date,committee_7_role_start_date,committee_7_role_title,committee_9_expiry_type,committee_9_name_end_date,committee_9_name_start_date,committee_9_name_en,committee_9_status,committee_9_main_status,committee_9_end_date,committee_9_start_date,committee_9_type,committee_9_member_end_date,committee_9_member_start_date,committee_10_expiry_type,committee_10_name_end_date,committee_10_name_start_date,committee_10_name_en,committee_10_status,committee_10_main_status,committee_10_role_title,committee_10_end_date,committee_10_start_date,committee_10_type,committee_10_member_end_date,committee_10_member_start_date,office_2_end_date,office_2_start_date,office_2_name,committee_5_role_end_date,committee_5_role_start_date,committee_5_role_title,committee_6_role_end_date,committee_6_role_start_date,committee_6_role_title,office_3_end_date,office_3_start_date,office_3_name,office_4_end_date,office_4_start_date,office_4_name,committee_2_alt_name_end_date,committee_2_alt_name_start_date,committee_2_alt_name_en,committee_8_alt_name_end_date,committee_8_alt_name_start_date,committee_8_alt_name_en,committee_11_expiry_type,committee_11_name_end_date,committee_11_name_start_date,committee_11_name_en,committee_11_status,committee_11_main_status,committee_11_role,committee_11_end_date,committee_11_start_date,committee_11_type,committee_11_member_end_date,committee_11_member_start_date,committee_12_expiry_type,committee_12_name_end_date,committee_12_name_start_date,committee_12_name_en,committee_12_status,committee_12_main_status,committee_12_role,committee_12_end_date,committee_12_start_date,committee_12_type,committee_12_member_end_date,committee_12_member_start_date,committee_12_service_unit,committee_6_alt_name_end_date,committee_6_alt_name_start_date,committee_6_alt_name_en,committee_3_alt_name_end_date,committee_3_alt_name_start_date,committee_3_alt_name_en,office_5_end_date,office_5_start_date,office_5_name,office_6_end_date,office_6_start_date,office_6_name,party_1_end_date,party_1_start_date,party_1_name,party_1_code,party_2_end_date,party_2_start_date,party_2_name,party_2_code,committee_8_role_end_date,committee_8_role_start_date,committee_8_role_title,committee_12_role_end_date,committee_12_role_start_date,committee_12_role_title,ministerial_office,year_elected
Ciarán-Ahern.D.2024-11-29,Ciarán,Ahern,Ciarán Ahern,,2024-11-29,Labour Party,Labour_Party,,2024-11-29,Sessional,,2025-05-01 00:00:00+00:00,"Joint Committee on Climate, Environment and Energy",Live - Primary,Live,Shadow Department,,2025-05-13 00:00:00+00:00,,2025-05-07 00:00:00+00:00,Standing,,2024-11-29 00:00:00+00:00,Committee on Members' Interests of Dáil Éireann,Live - Primary,Live,,2024-12-18 00:00:00+00:00,Statutory,,2025-05-07 00:00:00+00:00,Sessional,,2025-05-01 00:00:00+00:00,"Select Committee on Climate, Environment and Energy",Live - Primary,Live,,2025-04-30 00:00:00+00:00,Shadow Department,,2025-05-07 00:00:00+00:00,Dublin-South-West,Dublin South-West,dail,house,34th Dáil,34,,,,,,,,,,,,,,,,,,,,,,,,,,,,,,,,,,,,,,,,,,,,,,,,,,,,,,,,,,,,,,,,,,,,,,,,,,,,,,,,,,,,,,,,,,,,,,,,,,,,,,,,,,,,,,,,,,,,,,,,,,,,,,,,,,,,,,,,,,,,,,,,,,,,,,,,,,,,,,,,,,,,,,,,,,,,,,,,false,2024
William-Aird.D.2024-11-29,William,Aird,William Aird,,2024-11-29,Fine Gael,Fine_Gael,,2024-11-29,Sessional,,2025-05-01 00:00:00+00:00,Joint Committee on Agriculture and Food,Live - Primary,Live,Shadow Department,,2025-05-07 00:00:00+00:00,,2025-05-07 00:00:00+00:00,Sessional,,2025-05-01 00:00:00+00:00,"Joint Committee on Social Protection, Rural and Community Development",Live - Primary,Live,,2025-05-13 00:00:00+00:00,Shadow Department,,2025-05-07 00:00:00+00:00,Sessional,,2025-05-01 00:00:00+00:00,Select Committee on Agriculture and Food,Live - Primary,Live,,2025-04-30 00:00:00+00:00,Shadow Department,,2025-05-07 00:00:00+00:00,Laois,Laois,dail,house,34th Dáil,34,,,2025-05-21 00:00:00+00:00,Leas-Chathaoirleach,,2025-05-21 00:00:00+00:00,Leas-Chathaoirleach,Sessional,,2025-05-01 00:00:00+00:00,"Select Committee on Social Protection, Rural and Community Development",Live - Primary,Live,,2025-04-30 00:00:00+00:00,Shadow Department,,2025-05-07 00:00:00+00:00,,,,,,,,,,,,,,,,,,,,,,,,,,,,,,,,,,,,,,,,,,,,,,,,,,,,,,,,,,,,,,,,,,,,,,,,,,,,,,,,,,,,,,,,,,,,,,,,,,,,,,,,,,,,,,,,,,,,,,,,,,,,,,,,,,,,,,,,,,,,,,,,,,,,,,,,,,,,,,false,2024
Catherine-Ardagh.S.2016-04-25,Catherine,Ardagh,Catherine Ardagh,,2024-11-29,Fianna Fáil,Fianna_Fáil,,2024-11-29,Sessional,,2025-05-01 00:00:00+00:00,"Joint Committee on Social Protection, Rural and Community Development",Live - Primary,Live,Shadow Department,,2025-05-13 00:00:00+00:00,2026-05-28 00:00:00+00:00,2025-05-07 00:00:00+00:00,Standing,,2024-11-29 00:00:00+00:00,Committee of Public Accounts,Live - Primary,Live,,2024-12-18 00:00:00+00:00,Oversight,2026-05-28 00:00:00+00:00,2025-05-07 00:00:00+00:00,Sessional,,2025-05-01 00:00:00+00:00,"Select Committee on Social Protection, Rural and Community Development",Live - Primary,Live,,2025-04-30 00:00:00+00:00,Shadow Department,2026-05-28 00:00:00+00:00,2025-05-07 00:00:00+00:00,Dublin-South-Central,Dublin South-Central,dail,house,34th Dáil,34,,,,,,,,,,,,,,,,,,,,2026-05-28,"Minister of State at the Department of Justice, Home Affairs and Migration",,,,,,,,,,,,,,,,,,,,,,,,,,,,,,,,,,,,,,,,,,,,,,,,,,,,,,,,,,,,,,,,,,,,,,,,,,,,,,,,,,,,,,,,,,,,,,,,,,,,,,,,,,,,,,,,,,,,,,,,,,,,,,,,,,,,,,,,,,,,,,,,,,,,,,,,,,,true,2016
Ivana-Bacik.S.2007-07-23,Ivana,Bacik,Ivana Bacik,,2024-11-29,Labour Party,Labour_Party,,2024-11-29,,,,,,,,,,,,,,,,,,,,,,,,,,,,,,,,,,Dublin-Bay-South,Dublin Bay South,dail,house,34th Dáil,34,,,,,,,,,,,,,,,,,,,,,,,,,,,,,,,,,,,,,,,,,,,,,,,,,,,,,,,,,,,,,,,,,,,,,,,,,,,,,,,,,,,,,,,,,,,,,,,,,,,,,,,,,,,,,,,,,,,,,,,,,,,,,,,,,,,,,,,,,,,,,,,,,,,,,,,,,,,,,,,,,,,,,,,,,,,,,,,,false,2007
Cathy-Bennett.D.2024-11-29,Cathy,Bennett,Cathy Bennett,,2024-11-29,Sinn Féin,Sinn_Féin,,2024-11-29,Sessional,,2025-05-01 00:00:00+00:00,Joint Committee on Foreign Affairs and Trade,Live - Primary,Live,Shadow Department,,2025-05-07 00:00:00+00:00,,2025-05-07 00:00:00+00:00,Sessional,,2025-05-01 00:00:00+00:00,Select Committee on Foreign Affairs and Trade,Live - Primary,Live,,2025-04-30 00:00:00+00:00,Shadow Department,,2025-05-07 00:00:00+00:00,Standing,,2024-11-29 00:00:00+00:00,Committee of Public Accounts,Live - Primary,Live,,2024-12-18 00:00:00+00:00,Oversight,,2025-05-07 00:00:00+00:00,Cavan-Monaghan,Cavan-Monaghan,dail,house,34th Dáil,34,,,,,,,,Standing transitional,,2025-01-21 16:29:34.896666+00:00,Select Committee on Subsidiarity (European Union Legislative Scrutiny),Dissolved,Dissolved,2025-05-07 00:00:00+00:00,2025-01-23 00:00:00+00:00,Shadow Department,2025-05-07 00:00:00+00:00,2025-02-13 00:00:00+00:00,,,,,,,,,,,,,,,,,,,,,,,,,,,,,,,,,,,,,,,,,,,,,,,,,,,,,,,,,,,,,,,,,,,,,,,,,,,,,,,,,,,,,,,,,,,,,,,,,,,,,,,,,,,,,,,,,,,,,,,,,,,,,,,,,,,,,,,,,,,,,,,,,,,,,,,,,,,,,,false,2024
Grace-Boland.D.2024-11-29,Grace,Boland,Grace Boland,,2024-11-29,Fine Gael,Fine_Gael,,2024-11-29,Sessional,,2025-05-01 00:00:00+00:00,Joint Committee on Children and Equality,Live - Primary,Live,Shadow Department,,2025-05-13 00:00:00+00:00,,2025-05-07 00:00:00+00:00,Sessional,,2025-05-01 00:00:00+00:00,Joint Committee on Transport,Live - Primary,Live,,2025-05-13 00:00:00+00:00,Shadow Department,,2025-05-07 00:00:00+00:00,Standing,,2024-11-29 00:00:00+00:00,Committee of Public Accounts,Live - Primary,Live,,2024-12-18 00:00:00+00:00,Oversight,,2025-05-07 00:00:00+00:00,Dublin-Fingal-West,Dublin Fingal West,dail,house,34th Dáil,34,,,,,,,,Sessional,,2025-05-01 00:00:00+00:00,Select Committee on Children and Equality,Live - Primary,Live,,2025-04-30 00:00:00+00:00,Shadow Department,,2025-05-07 00:00:00+00:00,,,,,2025-05-01 00:00:00+00:00,Joint Committee on Children and Equality,,2025-05-01 00:00:00+00:00,Select Committee on Children and Equality,Sessional,,2025-05-01 00:00:00+00:00,Select Committee on Transport,Live - Primary,Live,,2025-04-30 00:00:00+00:00,Shadow Department,,2025-05-07 00:00:00+00:00,,,,,,,,,,,,,,,,,,,,,,,,,,,,,,,,,,,,,,,,,,,,,,,,,,,,,,,,,,,,,,,,,,,,,,,,,,,,,,,,,,,,,,,,,,,,,,,,,,,,,,,,,,,,,,,,,,,,,,,,,,,,,,,,,,,,,,,,,,false,2024
Richard-Boyd-Barrett.D.2011-03-09,Richard,Boyd Barrett,Richard Boyd Barrett,,2024-11-29,People Before Profit-Solidarity,People_Before_Profit_Solidarity,,2024-11-29,Sessional,,2025-05-01 00:00:00+00:00,"Joint Committee on Housing, Local Government and Heritage",Live - Primary,Live,Shadow Department,,2025-05-07 00:00:00+00:00,,2025-05-07 00:00:00+00:00,Sessional,,2025-05-01 00:00:00+00:00,"Joint Committee on Further and Higher Education, Research, Innovation and Science",Live - Primary,Live,,2025-05-13 00:00:00+00:00,Shadow Department,,2026-02-05 00:00:00+00:00,Standing,,2024-11-29 00:00:00+00:00,Business Committee (Dáil Éireann),Live - Primary,Live,,2024-12-18 00:00:00+00:00,Parliamentary Business and Committee Membership,,2025-01-16 00:00:00+00:00,Dún-Laoghaire,Dún Laoghaire,dail,house,34th Dáil,34,,,,,,,,Standing,,2024-11-29 00:00:00+00:00,Committee on Standing Orders and Dáil Reform,Live - Primary,Live,,2024-12-18 00:00:00+00:00,Parliamentary Regulation and Reform,2025-01-16 00:00:00+00:00,2025-01-16 00:00:00+00:00,,,,,,,,,,Standing,,2024-11-29 00:00:00+00:00,Committee on Budgetary Oversight,Live - Primary,Live,,2024-12-18 00:00:00+00:00,Oversight,,2025-05-07 00:00:00+00:00,Sessional,,2025-05-01 00:00:00+00:00,"Select Committee on Housing, Local Government and Heritage",Live - Primary,Live,,2025-04-30 00:00:00+00:00,Shadow Department,,2025-05-07 00:00:00+00:00,Standing,,2024-11-29 00:00:00+00:00,Committee of Selection (Dáil Éireann),Live - Primary,Live,,2024-12-18 00:00:00+00:00,Parliamentary Business and Committee Membership,,2025-01-16 00:00:00+00:00,Sessional,,2025-05-01 00:00:00+00:00,"Select Committee on Further and Higher Education, Research, Innovation and Science",Live - Primary,Live,,2025-04-30 00:00:00+00:00,Shadow Department,,2026-02-05 00:00:00+00:00,,,,,,,,,,,,,,,,,,,,,,,,,,,,,,,,,,,,,,,,,,,,,,,,,,,,,,,,,,,,,,,,,,,,,,,,,,,,,,,,,,,,,,,,,,,,,,,,,,,,,,,,,false,2011
Tom-Brabazon.D.2024-11-29,Tom,Brabazon,Tom Brabazon,,2024-11-29,Fianna Fáil,Fianna_Fáil,,2024-11-29,Special,,2025-05-01 00:00:00+00:00,Joint Committee on Drugs Use,Dissolved,Dissolved,Policy,2026-06-24 00:00:00+00:00,2025-05-13 00:00:00+00:00,2026-06-24 00:00:00+00:00,2025-05-07 00:00:00+00:00,Sessional,,2025-05-01 00:00:00+00:00,"Joint Committee on Justice, Home Affairs and Migration",Live - Primary,Live,,2025-05-13 00:00:00+00:00,Shadow Department,,2025-05-07 00:00:00+00:00,Sessional,,2025-05-01 00:00:00+00:00,Joint Committee on Defence and National Security,Live - Primary,Live,,2025-05-13 00:00:00+00:00,Shadow Department,,2025-05-07 00:00:00+00:00,Dublin-Bay-North,Dublin Bay North,dail,house,34th Dáil,34,,,,,,,,Sessional,,2025-05-01 00:00:00+00:00,"Joint Committee on Social Protection, Rural and Community Development",Live - Primary,Live,,2025-05-13 00:00:00+00:00,Shadow Department,,2026-07-15 00:00:00+00:00,,,,,,,,,,Sessional,,2025-05-01 00:00:00+00:00,"Select Committee on Justice, Home Affairs and Migration",Live - Primary,Live,,2025-04-30 00:00:00+00:00,Shadow Department,,2025-05-07 00:00:00+00:00,Sessional,,2025-05-01 00:00:00+00:00,Select Committee on Defence and National Security,Live - Primary,Live,,2025-04-30 00:00:00+00:00,Shadow Department,,2025-05-07 00:00:00+00:00,Special,,2025-05-01 00:00:00+00:00,Select Committee on Drugs Use,Live - Primary,Live,,2025-04-30 00:00:00+00:00,Policy,2026-06-24 00:00:00+00:00,2025-05-07 00:00:00+00:00,Sessional,,2025-05-01 00:00:00+00:00,"Select Committee on Social Protection, Rural and Community Development",Live - Primary,Live,,2025-04-30 00:00:00+00:00,Shadow Department,,2026-07-15 00:00:00+00:00,,,,,,,,,,,,,,,,,,,,,,,,,,,,,,,,,,,,,,,,,,,,,,,,,,,,,,,,,,,,,,,,,,,,,,,,,,,,,,,,,,,,,,,,,,,,,,,,,,,,,,,,,false,2024
John-Brady.D.2016-10-03,John,Brady,John Brady,,2024-11-29,Sinn Féin,Sinn_Féin,,2024-11-29,Standing,,2025-01-29 00:00:00+00:00,Working Group of Committee Cathaoirligh,Live - Primary,Live,The Committee System and Parliamentary Administration,,2025-02-12 00:00:00+00:00,,2025-05-07 00:00:00+00:00,Standing,,2024-11-29 00:00:00+00:00,Committee of Public Accounts,Live - Primary,Live,,2024-12-18 00:00:00+00:00,Oversight,,2025-05-07 00:00:00+00:00,,,,,,,,,,,,Wicklow,Wicklow,dail,house,34th Dáil,34,,,,,,,,,,,,,,,,,,,,,,,,,,,,,,,,,,,,,,,,,,,,,,,,,,,,,,,,,,,,,,,,,,,,,,,,,2025-05-07 00:00:00+00:00,Cathaoirleach,,,,,,,,,,,,,,,,,,,,,,,,,,,,,,,,,,,,,,,,,,,,,,,,,,,,,,,,,,,,,,,,,,,,,,,,,,,,,,,,,,,,,,,,,,,,,,,,,,,,,,false,2016
Brian-Brennan.D.2024-11-29,Brian,Brennan,Brian Brennan,,2024-11-29,Fine Gael,Fine_Gael,,2024-11-29,Sessional,,2025-05-01 00:00:00+00:00,Joint Committee on Foreign Affairs and Trade,Live - Primary,Live,Shadow Department,,2025-05-07 00:00:00+00:00,,2025-05-07 00:00:00+00:00,Standing,,2025-01-29 00:00:00+00:00,Joint Committee on Remit Oversight,Live - Primary,Live,,2025-02-12 00:00:00+00:00,Parliamentary Regulation and Reform,,2026-01-29 00:00:00+00:00,Sessional,,2025-05-01 00:00:00+00:00,"Joint Committee on Arts, Media, Communications, Culture and Sport",Live - Primary,Live,,2025-05-07 00:00:00+00:00,Shadow Department,,2025-05-07 00:00:00+00:00,Wicklow-Wexford,Wicklow-Wexford,dail,house,34th Dáil,34,,,,,,,,Sessional,,2025-05-01 00:00:00+00:00,"Joint Committee on Enterprise, Tourism and Employment",Live - Primary,Live,,2025-05-13 00:00:00+00:00,Shadow Department,,2025-05-07 00:00:00+00:00,,,,,,,,,,Sessional,,2025-05-01 00:00:00+00:00,"Select Committee on Arts, Media, Communications, Culture and Sport",Live - Primary,Live,,2025-04-30 00:00:00+00:00,Shadow Department,,2025-05-07 00:00:00+00:00,Sessional,,2025-05-01 00:00:00+00:00,Select Committee on Foreign Affairs and Trade,Live - Primary,Live,,2025-04-30 00:00:00+00:00,Shadow Department,,2025-05-07 00:00:00+00:00,Sessional,,2025-05-01 00:00:00+00:00,"Select Committee on Enterprise, Tourism and Employment",Live - Primary,Live,,2025-04-30 00:00:00+00:00,Shadow Department,,2025-05-07 00:00:00+00:00,Standing,,2024-11-29 00:00:00+00:00,Committee on Parliamentary Privileges and Oversight (Dáil Éireann),Live - Primary,Live,,2024-12-18 00:00:00+00:00,Parliamentary Regulation and Reform,,2026-01-29 00:00:00+00:00,,,,,2025-05-28 00:00:00+00:00,Leas-Chathaoirleach,,2025-05-28 00:00:00+00:00,Leas-Chathaoirleach,Standing,,2025-01-29 00:00:00+00:00,Committee on Remit Oversight (Dáil Éireann),Live - Primary,Live,,2024-12-18 00:00:00+00:00,Parliamentary Regulation and Reform,,2026-01-29 00:00:00+00:00,Standing,,2024-11-29 00:00:00+00:00,Committee on Standing Orders and Dáil Reform,Live - Primary,Live,[],,2024-12-18 00:00:00+00:00,Parliamentary Regulation and Reform,,2026-01-28 00:00:00+00:00,,,,,,,,,,,,,,,,,,,,,,,,,,,,,,,,,,,,,,,,,,,,,,,,,,,,,,,,,,,,,,,,,,,,,,,,,false,2024
Shay-Brennan.D.2024-11-29,Shay,Brennan,Shay Brennan,,2024-11-29,Fianna Fáil,Fianna_Fáil,,2024-11-29,Sessional,,2025-05-01 00:00:00+00:00,Joint Committee on Foreign Affairs and Trade,Live - Primary,Live,Shadow Department,,2025-05-07 00:00:00+00:00,,2025-05-07 00:00:00+00:00,Sessional,,2025-05-01 00:00:00+00:00,Joint Committee on Infrastructure and National Development Plan Delivery,Live - Primary,Live,,2025-05-07 00:00:00+00:00,Shadow Department,,2025-05-07 00:00:00+00:00,Sessional,,2025-05-01 00:00:00+00:00,"Joint Committee on Finance, Public Expenditure, Public Service Reform and Digitalisation, and Taoiseach",Live - Primary,Live,,2025-05-07 00:00:00+00:00,Shadow Department,,2025-05-07 00:00:00+00:00,Dublin-Rathdown,Dublin Rathdown,dail,house,34th Dáil,34,,,,,,,,Sessional,,2025-05-01 00:00:00+00:00,"Select Committee on Finance, Public Expenditure, Public Service Reform and Digitalisation, and Taoiseach",Live - Primary,Live,,2025-04-30 00:00:00+00:00,Shadow Department,,2025-05-07 00:00:00+00:00,,,,,,,,,,Sessional,,2025-05-01 00:00:00+00:00,Select Committee on Infrastructure and National Development Plan Delivery,Live - Primary,Live,,2025-04-30 00:00:00+00:00,Shadow Department,,2025-05-07 00:00:00+00:00,Sessional,,2025-05-01 00:00:00+00:00,Select Committee on Foreign Affairs and Trade,Live - Primary,Live,,2025-04-30 00:00:00+00:00,Shadow Department,,2025-05-07 00:00:00+00:00,Standing,,2024-11-29 00:00:00+00:00,Committee on Standing Orders and Dáil Reform,Live - Primary,Live,,2024-12-18 00:00:00+00:00,Parliamentary Regulation and Reform,,2025-01-24 00:00:00+00:00,,,,,,,,,,,,,,,,,,,,,,,,,,,,,,,,,,,,,,,,,,,,,,,,,,,,,,,,,,,,,,,,,,,,,,,,,,,,,,,,,,,,,,,,,,,,,,,,,,,,,,,,,,,,,,,,,,,,false,2024
Colm-Brophy.D.2016-10-03,Colm,Brophy,Colm Brophy,,2024-11-29,Fine Gael,Fine_Gael,,2024-11-29,,,,,,,,,,,,,,,,,,,,,,,,,,,,,,,,,,Dublin-South-West,Dublin South-West,dail,house,34th Dáil,34,,,,,,,,,,,,,,,,,,,2025-06-04,2025-02-25,Minister of State at the Department of Justice,,,,,,,,,,,,,,,,,,,,,,,,,,,,,,,,,,,,,,,,,,,,,,,,,,,,,,,,,,,,,,,,,,,,,,,,,,,,,,,,,,,,2025-06-05,"Minister of State at the Department of Justice, Home Affairs and Migration",,,,,,,,,,,,,,,,,,,,,,,,,,,,,,,,,,,,,,,,,,,,,,,,,,,,,,,,,,,,,,,,,,,,,,true,2016
James-Browne.D.2016-10-03,James,Browne,James Browne,,2024-11-29,Fianna Fáil,Fianna_Fáil,,2024-11-29,,,,,,,,,,,,,,,,,,,,,,,,,,,,,,,,,,Wexford,Wexford,dail,house,34th Dáil,34,,,,,,,,,,,,,,,,,,,,2025-01-23,"Minister for Housing, Local Government and Heritage",,,,,,,,,,,,,,,,,,,,,,,,,,,,,,,,,,,,,,,,,,,,,,,,,,,,,,,,,,,,,,,,,,,,,,,,,,,,,,,,,,,,,,,,,,,,,,,,,,,,,,,,,,,,,,,,,,,,,,,,,,,,,,,,,,,,,,,,,,,,,,,,,,,,,,,,,,,true,2016
Pat-Buckley.D.2016-10-03,Pat,Buckley,Pat Buckley,,2024-11-29,Sinn Féin,Sinn_Féin,,2024-11-29,Standing,,2025-01-29 00:00:00+00:00,Joint Committee on Public Petitions and the Ombudsmen,Live - Primary,Live,Oversight,,2025-02-12 00:00:00+00:00,,2025-05-07 00:00:00+00:00,Standing,,2025-01-29 00:00:00+00:00,Select Committee on Public Petitions and the Ombudsmen,Live - Primary,Live,,2025-02-12 00:00:00+00:00,Oversight,,2025-05-07 00:00:00+00:00,,,,,,,,,,,,Cork-East,Cork East,dail,house,34th Dáil,34,,,,,,,,,,,,,,,,,,,,,,,,,,,,,,,,,,,,,,,,,,,,,,,,,,,,,,,,,,,,,,,,,,,,,,,,,,,,,,,,,,,,,,,,,,,,,,,,,,,,,,,,,,,,,,,,,,,,,,,,,,,,,,,,,,,,,,,,,,,,,,,,,,,,,,,,,,,,,,,,,,,,,,,,,,,,,,,,false,2016
Colm-Burke.S.2011-05-25,Colm,Burke,Colm Burke,,2024-11-29,Fine Gael,Fine_Gael,,2024-11-29,Sessional,,2025-05-01 00:00:00+00:00,"Joint Committee on Finance, Public Expenditure, Public Service Reform and Digitalisation, and Taoiseach",Live - Primary,Live,Shadow Department,,2025-05-07 00:00:00+00:00,,2025-05-07 00:00:00+00:00,Sessional,,2025-05-01 00:00:00+00:00,Joint Committee on Health,Live - Primary,Live,,2025-05-13 00:00:00+00:00,Shadow Department,,2025-05-07 00:00:00+00:00,Special,,2025-05-01 00:00:00+00:00,Joint Committee on Drugs Use,Dissolved,Dissolved,2026-06-24 00:00:00+00:00,2025-05-13 00:00:00+00:00,Policy,2026-06-24 00:00:00+00:00,2025-05-07 00:00:00+00:00,Cork-North-Central,Cork North-Central,dail,house,34th Dáil,34,,,,,,,,Sessional,,2025-05-01 00:00:00+00:00,"Select Committee on Finance, Public Expenditure, Public Service Reform and Digitalisation, and Taoiseach",Live - Primary,Live,,2025-04-30 00:00:00+00:00,Shadow Department,,2025-05-07 00:00:00+00:00,,,,,,,,,,Sessional,,2025-05-01 00:00:00+00:00,Select Committee on Health,Live - Primary,Live,,2025-04-30 00:00:00+00:00,Shadow Department,,2025-05-07 00:00:00+00:00,Special,,2025-05-01 00:00:00+00:00,Select Committee on Drugs Use,Live - Primary,Live,,2025-04-30 00:00:00+00:00,Policy,2026-06-24 00:00:00+00:00,2025-05-07 00:00:00+00:00,,,,,,,,,,,,,,,,,,,,,,,,2025-05-28 00:00:00+00:00,Leas-Chathaoirleach,,,,,,,,,,,,,,,,,,,,,,,,,,,,,,,,,,2025-05-28 00:00:00+00:00,Leas-Chathaoirleach,,,,,,,,,,,,,,,,,,,,,,,,,,,,,,,,,,,,,,,,,,,,,,,,,,,,,,,,,,,,,,,,,,,false,2011
Peter-Burke.D.2016-10-03,Peter,Burke,Peter Burke,,2024-11-29,Fine Gael,Fine_Gael,,2024-11-29,,,,,,,,,,,,,,,,,,,,,,,,,,,,,,,,,,Longford-Westmeath,Longford-Westmeath,dail,house,34th Dáil,34,,,,,,,,,,,,,,,,,,,,2025-06-02,"Minister for Enterprise, Tourism and Employment",,,,,,,,,,,,,,,,,,,,,,,,,,,,,,,,,,,,,,,,,,,,,,,,,,,,,,,,,,,,,,,,,,,,,,,,,,,,,,,,,,,2025-06-01,2025-01-23,"Minister for Enterprise, Trade and Employment",,,,,,,,,,,,,,,,,,,,,,,,,,,,,,,,,,,,,,,,,,,,,,,,,,,,,,,,,,,,,,,,,,,,,,true,2016
Mary-Butler.D.2016-10-03,Mary,Butler,Mary Butler,,2024-11-29,Fianna Fáil,Fianna_Fáil,,2024-11-29,Standing,,2025-01-29 00:00:00+00:00,Joint Committee on Remit Oversight,Live - Primary,Live,Parliamentary Regulation and Reform,,2025-02-12 00:00:00+00:00,,2025-05-21 00:00:00+00:00,Standing,,2024-11-29 00:00:00+00:00,Business Committee (Dáil Éireann),Live - Primary,Live,,2024-12-18 00:00:00+00:00,Parliamentary Business and Committee Membership,,2025-01-16 00:00:00+00:00,Standing,,2024-11-29 00:00:00+00:00,Committee on Standing Orders and Dáil Reform,Live - Primary,Live,,2024-12-18 00:00:00+00:00,Parliamentary Regulation and Reform,,2025-01-24 00:00:00+00:00,Waterford,Waterford,dail,house,34th Dáil,34,,,,,,,,Standing,,2024-11-29 00:00:00+00:00,Committee on Parliamentary Privileges and Oversight (Dáil Éireann),Live - Primary,Live,,2024-12-18 00:00:00+00:00,Parliamentary Regulation and Reform,,2025-05-21 00:00:00+00:00,,2025-01-23,Minister of State at the Department of the Taoiseach with special responsibility as Government Chief Whip; and the Department of Health with responsibility for Mental Health,,,,,,,Standing,,2024-11-29 00:00:00+00:00,Committee of Selection (Dáil Éireann),Live - Primary,Live,,2024-12-18 00:00:00+00:00,Parliamentary Business and Committee Membership,,2025-01-16 00:00:00+00:00,Standing,,2025-01-29 00:00:00+00:00,Committee on Remit Oversight (Dáil Éireann),Live - Primary,Live,,2024-12-18 00:00:00+00:00,Parliamentary Regulation and Reform,,2025-05-21 00:00:00+00:00,,,,,,,,,,,,,,,,,,,,,,,,,,,,,,,,,,,,,,,,,,,,,,,,,,,,,,,,,,,,,,,,,,,,,,,,,,,,,,,,,,,,,,,,,,,,,,,,,,,,,,,,,,,,,,,,,,,,,,,,,,,,,,,true,2016
Paula-Butterly.D.2024-11-29,Paula,Butterly,Paula Butterly,,2024-11-29,Fine Gael,Fine_Gael,,2024-11-29,Sessional,,2025-05-01 00:00:00+00:00,Joint Committee on European Union Affairs,Live - Primary,Live,Shadow Department,,2025-05-13 00:00:00+00:00,,2025-05-07 00:00:00+00:00,Standing,,2025-01-29 00:00:00+00:00,Joint Committee on Remit Oversight,Live - Primary,Live,,2025-02-12 00:00:00+00:00,Parliamentary Regulation and Reform,,2025-05-21 00:00:00+00:00,Sessional,,2025-05-01 00:00:00+00:00,"Joint Committee on Housing, Local Government and Heritage",Live - Primary,Live,,2025-05-07 00:00:00+00:00,Shadow Department,,2025-05-07 00:00:00+00:00,Louth,Louth,dail,house,34th Dáil,34,,,,,,,,Sessional,,2025-05-01 00:00:00+00:00,"Joint Committee on Justice, Home Affairs and Migration",Live - Primary,Live,,2025-05-13 00:00:00+00:00,Shadow Department,,2025-05-07 00:00:00+00:00,,,,,,,,,,Sessional,,2025-05-01 00:00:00+00:00,Select Committee on European Union Affairs,Live - Primary,Live,,2025-04-30 00:00:00+00:00,Shadow Department,,2025-05-07 00:00:00+00:00,Sessional,,2025-05-01 00:00:00+00:00,"Select Committee on Justice, Home Affairs and Migration",Live - Primary,Live,,2025-04-30 00:00:00+00:00,Shadow Department,,2025-05-07 00:00:00+00:00,Standing,,2025-01-29 00:00:00+00:00,Committee on Remit Oversight (Dáil Éireann),Live - Primary,Live,,2024-12-18 00:00:00+00:00,Parliamentary Regulation and Reform,,2025-05-21 00:00:00+00:00,Standing,,2024-11-29 00:00:00+00:00,Committee on Parliamentary Privileges and Oversight (Dáil Éireann),Live - Primary,Live,,2024-12-18 00:00:00+00:00,Parliamentary Regulation and Reform,,2025-05-21 00:00:00+00:00,,,,,2025-05-27 00:00:00+00:00,Leas-Chathaoirleach,,,,Sessional,,2025-05-01 00:00:00+00:00,"Select Committee on Housing, Local Government and Heritage",Live - Primary,Live,,2025-04-30 00:00:00+00:00,Shadow Department,,2025-05-07 00:00:00+00:00,,,,,,,,,,,,,,,,,,,,2025-05-27 00:00:00+00:00,Leas-Chathaoirleach,,,,,,,,,,,,,,,,,,,,,,,,,,,,,,,,,,,,,,,,,,,,,,,,,,,,,,,,,,,,,,,,false,2024
Jerry-Buttimer.S.2007-07-23,Jerry,Buttimer,Jerry Buttimer,,2024-11-29,Fine Gael,Fine_Gael,,2024-11-29,,,,,,,,,,,,,,,,,,,,,,,,,,,,,,,,,,Cork-South-Central,Cork South-Central,dail,house,34th Dáil,34,,,,,,,,,,,,,,,,,,,2025-06-01,2025-01-29,Minister of State at the Department of Rural and Community Development and at the Department of Transport,,,,,,,,,,,,,,,,,,,,,,,,,,,,,,,,,,,,,,,,,,,,,,,,,,,,,,,,,,,,,,,,,,,,,,,,,,,,,,,,,,,,2025-06-02,Minister of State at the Department of Rural and Community Development and the Gaeltacht and at the Department of Transport,,,,,,,,,,,,,,,,,,,,,,,,,,,,,,,,,,,,,,,,,,,,,,,,,,,,,,,,,,,,,,,,,,,,,,true,2007
Joanna-Byrne.D.2024-11-29,Joanna,Byrne,Joanna Byrne,,2024-11-29,Sinn Féin,Sinn_Féin,,2024-11-29,Sessional,,2025-05-01 00:00:00+00:00,"Joint Committee on Arts, Media, Communications, Culture and Sport",Live - Primary,Live,Shadow Department,,2025-05-07 00:00:00+00:00,,2025-05-07 00:00:00+00:00,Standing,,2025-01-29 00:00:00+00:00,Joint Committee on Remit Oversight,Live - Primary,Live,,2025-02-12 00:00:00+00:00,Parliamentary Regulation and Reform,,2025-05-21 00:00:00+00:00,Sessional,,2025-05-01 00:00:00+00:00,"Select Committee on Arts, Media, Communications, Culture and Sport",Live - Primary,Live,,2025-04-30 00:00:00+00:00,Shadow Department,,2025-05-07 00:00:00+00:00,Louth,Louth,dail,house,34th Dáil,34,,,,,,,,Standing,,2025-01-29 00:00:00+00:00,Committee on Remit Oversight (Dáil Éireann),Live - Primary,Live,,2024-12-18 00:00:00+00:00,Parliamentary Regulation and Reform,,2025-05-21 00:00:00+00:00,,,,,,,,,,Standing,,2024-11-29 00:00:00+00:00,Committee on Standing Orders and Dáil Reform,Live - Primary,Live,,2024-12-18 00:00:00+00:00,Parliamentary Regulation and Reform,,2025-01-24 00:00:00+00:00,Standing,,2024-11-29 00:00:00+00:00,Committee on Parliamentary Privileges and Oversight (Dáil Éireann),Live - Primary,Live,,2024-12-18 00:00:00+00:00,Parliamentary Regulation and Reform,,2025-05-21 00:00:00+00:00,Standing,,2024-11-29 00:00:00+00:00,Committee of Public Accounts,Live - Primary,Live,,2024-12-18 00:00:00+00:00,Oversight,,2025-05-07 00:00:00+00:00,,,,,,,,,,,,,,,,,,,,,,,,,,,,,,,,,,,,,,,,,,,,,,,,,,,,,,,,,,,,,,,,,,,,,,,,,,,,,,,,,,,,,,,,,,,,,,,,,,,,,,,,,,,,,,,,,,,,false,2024
Malcolm-Byrne.D.2019-11-29,Malcolm,Byrne,Malcolm Byrne,,2024-11-29,Fianna Fáil,Fianna_Fáil,,2024-11-29,Sessional,,2025-05-01 00:00:00+00:00,"Joint Committee on Climate, Environment and Energy",Live - Primary,Live,Shadow Department,,2025-05-13 00:00:00+00:00,,2025-05-07 00:00:00+00:00,Standing,,2025-01-29 00:00:00+00:00,Working Group of Committee Cathaoirligh,Live - Primary,Live,,2025-02-12 00:00:00+00:00,The Committee System and Parliamentary Administration,2026-06-17 00:00:00+00:00,2025-05-07 00:00:00+00:00,Special,,2025-05-01 00:00:00+00:00,Joint Committee on Artificial Intelligence,Live - Primary,Live,,2025-05-12 00:00:00+00:00,Policy,,2025-05-07 00:00:00+00:00,Wicklow-Wexford,Wicklow-Wexford,dail,house,34th Dáil,34,,,,,2026-06-17 00:00:00+00:00,2025-05-07 00:00:00+00:00,Cathaoirleach,Sessional,,2025-05-01 00:00:00+00:00,"Joint Committee on Arts, Media, Communications, Culture and Sport",Live - Primary,Live,,2025-05-07 00:00:00+00:00,Shadow Department,,2025-05-07 00:00:00+00:00,,,,,,,,,,Standing transitional,,2025-01-21 16:29:34.896666+00:00,Select Committee on Subsidiarity (European Union Legislative Scrutiny),Dissolved,Dissolved,2025-05-07 00:00:00+00:00,2025-01-23 00:00:00+00:00,Shadow Department,2025-05-07 00:00:00+00:00,2025-02-13 00:00:00+00:00,Special,,2025-05-01 00:00:00+00:00,Select Committee on Artificial Intelligence,Live - Primary,Live,,2025-04-30 00:00:00+00:00,Policy,,2025-05-07 00:00:00+00:00,Sessional,,2025-05-01 00:00:00+00:00,"Select Committee on Climate, Environment and Energy",Live - Primary,Live,,2025-04-30 00:00:00+00:00,Shadow Department,,2025-05-07 00:00:00+00:00,Sessional,,2025-05-01 00:00:00+00:00,"Select Committee on Arts, Media, Communications, Culture and Sport",Live - Primary,Live,,2025-04-30 00:00:00+00:00,Shadow Department,,2025-05-07 00:00:00+00:00,,,,,,,,,,,,,,,,,,,,,,,,,,,,,,,,,,,,,,,,2025-05-07 00:00:00+00:00,Cathaoirleach,,,,,,,,,,,,,,,,,,,,,,,,,,,,,,,,,,,,,,,,,,,,,,,,,,,,,,,,,,,,,,,,false,2019
Thomas-Byrne.D.2007-06-14,Thomas,Byrne,Thomas Byrne,,2024-11-29,Fianna Fáil,Fianna_Fáil,,2024-11-29,,,,,,,,,,,,,,,,,,,,,,,,,,,,,,,,,,Meath-East,Meath East,dail,house,34th Dáil,34,,,,,,,,,,,,,,,,,,,,2025-03-26,"Minister of State at the Department of the Taoiseach, the Department of Foreign Affairs and Trade and at the Department of Defence",,,,,,,,,,,,,,,,,,,,,,,,,,,,,,,,,,,,,,,,,,,,,,,,,,,,,,,,,,,,,,,,,,,,,,,,,,,,,,,,,,,2025-03-25,2025-01-29,"Minister of State at the Department of the Taoiseach, the Department of Foreign Affairs and at the Department of Defence",,,,,,,,,,,,,,,,,,,,,,,,,,,,,,,,,,,,,,,,,,,,,,,,,,,,,,,,,,,,,,,,,,,,,,true,2007
Michael-Cahill.D.2024-11-29,Michael,Cahill,Michael Cahill,,2024-11-29,Fianna Fáil,Fianna_Fáil,,2024-11-29,Sessional,,2025-05-01 00:00:00+00:00,Joint Committee on Agriculture and Food,Live - Primary,Live,Shadow Department,,2025-05-07 00:00:00+00:00,,2026-04-21 00:00:00+00:00,Sessional,,2025-05-01 00:00:00+00:00,Joint Committee on Health,Live - Primary,Live,,2025-05-13 00:00:00+00:00,Shadow Department,,2025-05-07 00:00:00+00:00,Sessional,,2025-05-01 00:00:00+00:00,"Joint Committee on Justice, Home Affairs and Migration",Live - Primary,Live,,2025-05-13 00:00:00+00:00,Shadow Department,2026-01-28 00:00:00+00:00,2025-05-07 00:00:00+00:00,Kerry,Kerry,dail,house,34th Dáil,34,,,,,,,,Sessional,,2025-05-01 00:00:00+00:00,Joint Committee on Defence and National Security,Live - Primary,Live,,2025-05-13 00:00:00+00:00,Shadow Department,,2026-04-16 00:00:00+00:00,,,,,,,,,,Sessional,,2025-05-01 00:00:00+00:00,Joint Committee on Fisheries and Maritime Affairs,Live - Primary,Live,,2025-05-07 00:00:00+00:00,Shadow Department,,2025-05-07 00:00:00+00:00,Sessional,,2025-05-01 00:00:00+00:00,Select Committee on Agriculture and Food,Live - Primary,Live,,2025-04-30 00:00:00+00:00,Shadow Department,,2026-04-21 00:00:00+00:00,Sessional,,2025-05-01 00:00:00+00:00,Select Committee on Fisheries and Maritime Affairs,Live - Primary,Live,,2025-04-30 00:00:00+00:00,Shadow Department,,2025-05-07 00:00:00+00:00,Sessional,,2025-05-01 00:00:00+00:00,"Select Committee on Justice, Home Affairs and Migration",Live - Primary,Live,,2025-04-30 00:00:00+00:00,Shadow Department,2026-01-28 00:00:00+00:00,2025-05-07 00:00:00+00:00,,,,,,,,,,Sessional,,2025-05-01 00:00:00+00:00,Select Committee on Health,Live - Primary,Live,,2025-04-30 00:00:00+00:00,Shadow Department,,2025-05-07 00:00:00+00:00,Sessional,,2025-05-01 00:00:00+00:00,Select Committee on Defence and National Security,Live - Primary,Live,[],,2025-04-30 00:00:00+00:00,Shadow Department,,2026-04-16 00:00:00+00:00,,,,,,,,,,,,,,,,,,,,,,,,,,,,,,,,,,,,,,,,,,,,,,,,,,,,,,,,,,,,,,,,,,,,,,,,,false,2024
Holly-Cairns.D.2020-02-08,Holly,Cairns,Holly Cairns,,2024-11-29,Social Democrats,Social_Democrats,,2024-11-29,,,,,,,,,,,,,,,,,,,,,,,,,,,,,,,,,,Cork-South-West,Cork South-West,dail,house,34th Dáil,34,,,,,,,,,,,,,,,,,,,,,,,,,,,,,,,,,,,,,,,,,,,,,,,,,,,,,,,,,,,,,,,,,,,,,,,,,,,,,,,,,,,,,,,,,,,,,,,,,,,,,,,,,,,,,,,,,,,,,,,,,,,,,,,,,,,,,,,,,,,,,,,,,,,,,,,,,,,,,,,,,,,,,,,,,,,,,,,,false,2020
Catherine-Callaghan.D.2024-11-29,Catherine,Callaghan,Catherine Callaghan,,2024-11-29,Fine Gael,Fine_Gael,,2024-11-29,Standing,,2025-01-29 00:00:00+00:00,Working Group of Committee Cathaoirligh,Live - Primary,Live,The Committee System and Parliamentary Administration,,2025-02-12 00:00:00+00:00,,2025-05-07 00:00:00+00:00,Sessional,,2025-05-01 00:00:00+00:00,Joint Committee on Education and Youth,Live - Primary,Live,,2025-05-13 00:00:00+00:00,Shadow Department,,2026-05-26 00:00:00+00:00,Sessional,,2025-05-01 00:00:00+00:00,Joint Committee on Defence and National Security,Live - Primary,Live,,2025-05-13 00:00:00+00:00,Shadow Department,,2025-05-07 00:00:00+00:00,Carlow-Kilkenny,Carlow-Kilkenny,dail,house,34th Dáil,34,,,,,,,,Sessional,,2025-05-01 00:00:00+00:00,"Joint Committee on Justice, Home Affairs and Migration",Live - Primary,Live,,2025-05-13 00:00:00+00:00,Shadow Department,,2025-05-07 00:00:00+00:00,,,,,,,,,,Standing,,2024-11-29 00:00:00+00:00,Committee on Members' Interests of Dáil Éireann,Live - Primary,Live,,2024-12-18 00:00:00+00:00,Statutory,,2025-05-07 00:00:00+00:00,Sessional,,2025-05-01 00:00:00+00:00,"Select Committee on Justice, Home Affairs and Migration",Live - Primary,Live,,2025-04-30 00:00:00+00:00,Shadow Department,,2025-05-07 00:00:00+00:00,Sessional,,2025-05-01 00:00:00+00:00,Select Committee on Defence and National Security,Live - Primary,Live,,2025-04-30 00:00:00+00:00,Shadow Department,,2025-05-07 00:00:00+00:00,Sessional,,2025-05-01 00:00:00+00:00,Select Committee on Education and Youth,Live - Primary,Live,,2025-04-30 00:00:00+00:00,Shadow Department,,2026-05-26 00:00:00+00:00,,,,,,,,,,,,,,,,,,,,,,,,,,,,,,,,,,,,,2025-05-07 00:00:00+00:00,Cathaoirleach,,,,,,,,,,,,,,,,,,,,,,,,,,,,,,,,,,,,,,,,,,,,,,,,,,,,,,,,,,,,,,,,,,,false,2024
Dara-Calleary.D.2007-06-14,Dara,Calleary,Dara Calleary,,2024-11-29,Fianna Fáil,Fianna_Fáil,,2024-11-29,,,,,,,,,,,,,,,,,,,,,,,,,,,,,,,,,,Mayo,Mayo,dail,house,34th Dáil,34,,,,,,,,,,,,,,,,,,,2025-06-01,2025-01-23,Minister for Rural and Community Development,,,,,,,,,,,,,,,,,,,,,,,,,,,,,,,,,,,,,,,,,,,,,,,,,,,,,,,,,,,,,,,,,,,,,,,,,,,,,,,,,,,,2025-06-02,Minister for Rural and Community Development and the Gaeltacht,,,,,,,2025-06-01,2025-01-23,Minister for Social Protection,,2025-06-02,Minister for Social Protection,,,,,,,,,,,,,,,,,,,,,,,,,,,,,,,,,,,,,,,,,,,,,,,,,,,,,,,,,,true,2007
Seán-Canney.D.2016-10-03,Seán,Canney,Seán Canney,,2024-11-29,Independent,Independent,,2024-11-29,,,,,,,,,,,,,,,,,,,,,,,,,,,,,,,,,,Galway-East,Galway East,dail,house,34th Dáil,34,,,,,,,,,,,,,,,,,,,,2025-01-23,Minister of State at the Department of Transport,,,,,,,,,,,,,,,,,,,,,,,,,,,,,,,,,,,,,,,,,,,,,,,,,,,,,,,,,,,,,,,,,,,,,,,,,,,,,,,,,,,,,,,,,,,,,,,,,,,,,,,,,,,,,,,,,,,,,,,,,,,,,,,,,,,,,,,,,,,,,,,,,,,,,,,,,,,true,2016
Micheál-Carrigy.S.2020-03-30,Micheál,Carrigy,Micheál Carrigy,,2024-11-29,Fine Gael,Fine_Gael,,2024-11-29,Sessional,,2025-05-01 00:00:00+00:00,"Joint Committee on Arts, Media, Communications, Culture and Sport",Live - Primary,Live,Shadow Department,,2025-05-07 00:00:00+00:00,,2025-05-07 00:00:00+00:00,Sessional,,2025-05-01 00:00:00+00:00,"Joint Committee on Housing, Local Government and Heritage",Live - Primary,Live,,2025-05-07 00:00:00+00:00,Shadow Department,,2025-05-07 00:00:00+00:00,Sessional,,2025-05-01 00:00:00+00:00,Joint Committee on Disability Matters,Live - Primary,Live,,2025-05-13 00:00:00+00:00,Shadow Department,,2025-05-07 00:00:00+00:00,Longford-Westmeath,Longford-Westmeath,dail,house,34th Dáil,34,,,,,,,,Standing,,2025-01-29 00:00:00+00:00,Working Group of Committee Cathaoirligh,Live - Primary,Live,,2025-02-12 00:00:00+00:00,The Committee System and Parliamentary Administration,,2025-05-07 00:00:00+00:00,,,,,,,,,,Sessional,,2025-05-01 00:00:00+00:00,Select Committee on Disability Matters,Live - Primary,Live,,2025-04-30 00:00:00+00:00,Shadow Department,,2025-05-07 00:00:00+00:00,Sessional,,2025-05-01 00:00:00+00:00,"Select Committee on Arts, Media, Communications, Culture and Sport",Live - Primary,Live,,2025-04-30 00:00:00+00:00,Shadow Department,,2025-05-07 00:00:00+00:00,Sessional,,2025-05-01 00:00:00+00:00,"Select Committee on Housing, Local Government and Heritage",Live - Primary,Live,,2025-04-30 00:00:00+00:00,Shadow Department,,2025-05-07 00:00:00+00:00,,,,,,,,,,,,,2025-05-07 00:00:00+00:00,Cathaoirleach,,,,,2025-05-07 00:00:00+00:00,Cathaoirleach,,,,,,,,,,,,,,,,,,,,,,,,,,,,,,,,,,,,,,,,,,,,,,,,,,,,,,,,,,,,,,,,,,,,,,,,,,,,,,,,,,,,,,,,,,,,,,,,false,2020
Jennifer-Carroll-MacNeill.D.2020-02-08,Jennifer,Carroll MacNeill,Jennifer Carroll MacNeill,,2024-11-29,Fine Gael,Fine_Gael,,2024-11-29,,,,,,,,,,,,,,,,,,,,,,,,,,,,,,,,,,Dún-Laoghaire,Dún Laoghaire,dail,house,34th Dáil,34,,,,,,,,,,,,,,,,,,,,2025-01-23,Minister for Health,,,,,,,,,,,,,,,,,,,,,,,,,,,,,,,,,,,,,,,,,,,,,,,,,,,,,,,,,,,,,,,,,,,,,,,,,,,,,,,,,,,,,,,,,,,,,,,,,,,,,,,,,,,,,,,,,,,,,,,,,,,,,,,,,,,,,,,,,,,,,,,,,,,,,,,,,,,true,2020
Matt-Carthy.D.2020-02-08,Matt,Carthy,Matt Carthy,,2024-11-29,Sinn Féin,Sinn_Féin,,2024-11-29,Standing,,2025-01-29 00:00:00+00:00,Working Group of Committee Cathaoirligh,Live - Primary,Live,The Committee System and Parliamentary Administration,,2025-02-12 00:00:00+00:00,,2025-05-07 00:00:00+00:00,Sessional,,2025-05-01 00:00:00+00:00,"Joint Committee on Justice, Home Affairs and Migration",Live - Primary,Live,,2025-05-13 00:00:00+00:00,Shadow Department,,2025-05-07 00:00:00+00:00,Sessional,,2025-05-01 00:00:00+00:00,"Select Committee on Justice, Home Affairs and Migration",Live - Primary,Live,,2025-04-30 00:00:00+00:00,Shadow Department,,2025-05-07 00:00:00+00:00,Cavan-Monaghan,Cavan-Monaghan,dail,house,34th Dáil,34,,,,,,2025-05-07 00:00:00+00:00,Cathaoirleach,,,,,,,,,,,,,,,,,,,,,,,,,,,,,,,,,,,,,,,,,,,,,,,,,,,,,,,,,,,,,,,,,,2025-05-07 00:00:00+00:00,Cathaoirleach,,,,,,,,,,,,,,,,,,,,,,,,,,,,,,,,,,,,,,,,,,,,,,,,,,,,,,,,,,,,,,,,,,,,,,,,,,,,,,,,,,,,,,,,,,,,,,,,,,,,,,false,2020
Jack-Chambers.D.2016-10-03,Jack,Chambers,Jack Chambers,,2024-11-29,Fianna Fáil,Fianna_Fáil,,2024-11-29,,,,,,,,,,,,,,,,,,,,,,,,,,,,,,,,,,Dublin-West,Dublin West,dail,house,34th Dáil,34,,,,,,,,,,,,,,,,,,,,2025-06-05,"Minister for Public Expenditure, Infrastructure, Public Service Reform and Digitalisation",,,,,,,,,,,,,,,,,,,,,,,,,,,,,,,,,,,,,,,,,,,,,,,,,,,,,,,,,,,,,,,,,,,,,,,,,,,,,,,,,,,2025-06-04,2025-01-23,"Minister for Public Expenditure, National Development Plan Delivery and Reform",,,,,,,,,,,,,,,,,,,,,,,,,,,,,,,,,,,,,,,,,,,,,,,,,,,,,,,,,,,,,,,,,,,,,,true,2016
Sorca-Clarke.D.2020-02-08,Sorca,Clarke,Sorca Clarke,,2024-11-29,Sinn Féin,Sinn_Féin,,2024-11-29,Sessional,,2025-05-01 00:00:00+00:00,Joint Committee on Health,Live - Primary,Live,Shadow Department,,2025-05-13 00:00:00+00:00,,2025-05-07 00:00:00+00:00,Sessional,,2025-05-01 00:00:00+00:00,Select Committee on Health,Live - Primary,Live,,2025-04-30 00:00:00+00:00,Shadow Department,,2025-05-07 00:00:00+00:00,,,,,,,,,,,,Longford-Westmeath,Longford-Westmeath,dail,house,34th Dáil,34,,,,,,,,,,,,,,,,,,,,,,,,,,,,,,,,,,,,,,,,,,,,,,,,,,,,,,,,,,,,,,,,,,,,,,,,,,,,,,,,,,,,,,,,,,,,,,,,,,,,,,,,,,,,,,,,,,,,,,,,,,,,,,,,,,,,,,,,,,,,,,,,,,,,,,,,,,,,,,,,,,,,,,,,,,,,,,,,false,2020
Peter-'Chap'-Cleere.D.2024-11-29,Peter 'Chap',Cleere,Peter 'Chap' Cleere,,2024-11-29,Fianna Fáil,Fianna_Fáil,,2024-11-29,Sessional,,2025-05-01 00:00:00+00:00,Joint Committee on Fisheries and Maritime Affairs,Live - Primary,Live,Shadow Department,,2025-05-07 00:00:00+00:00,2025-07-02 00:00:00+00:00,2025-05-07 00:00:00+00:00,Sessional,,2025-05-01 00:00:00+00:00,Joint Committee on Agriculture and Food,Live - Primary,Live,,2025-05-07 00:00:00+00:00,Shadow Department,,2025-05-07 00:00:00+00:00,Sessional,,2025-05-01 00:00:00+00:00,"Joint Committee on Arts, Media, Communications, Culture and Sport",Live - Primary,Live,,2025-05-07 00:00:00+00:00,Shadow Department,,2025-05-07 00:00:00+00:00,Carlow-Kilkenny,Carlow-Kilkenny,dail,house,34th Dáil,34,,,,,,,,Sessional,,2025-05-01 00:00:00+00:00,Joint Committee on Disability Matters,Live - Primary,Live,,2025-05-13 00:00:00+00:00,Shadow Department,2026-04-16 00:00:00+00:00,2025-07-02 00:00:00+00:00,,,,,,,,,,Standing,,2025-01-29 00:00:00+00:00,Joint Committee on Public Petitions and the Ombudsmen,Live - Primary,Live,,2025-02-12 00:00:00+00:00,Oversight,,2026-04-16 00:00:00+00:00,Sessional,,2025-05-01 00:00:00+00:00,Select Committee on Fisheries and Maritime Affairs,Live - Primary,Live,,2025-04-30 00:00:00+00:00,Shadow Department,2025-07-02 00:00:00+00:00,2025-05-07 00:00:00+00:00,Standing,,2025-01-29 00:00:00+00:00,Select Committee on Public Petitions and the Ombudsmen,Live - Primary,Live,,2025-02-12 00:00:00+00:00,Oversight,,2026-04-16 00:00:00+00:00,Sessional,,2025-05-01 00:00:00+00:00,Select Committee on Agriculture and Food,Live - Primary,Live,,2025-04-30 00:00:00+00:00,Shadow Department,,2025-05-07 00:00:00+00:00,,,,,,,,,,Sessional,,2025-05-01 00:00:00+00:00,Select Committee on Disability Matters,Live - Primary,Live,,2025-04-30 00:00:00+00:00,Shadow Department,2026-04-16 00:00:00+00:00,2025-07-02 00:00:00+00:00,Sessional,,2025-05-01 00:00:00+00:00,"Select Committee on Arts, Media, Communications, Culture and Sport",Live - Primary,Live,[],,2025-04-30 00:00:00+00:00,Shadow Department,,2025-05-07 00:00:00+00:00,,,,,,,,,,,,,,,,,,,,,,,,,,,,,,,,,,,,,,,,,,,,,,,,,,,,,,,,,,,,,,,,,,,,,,,,,false,2024
John-Clendennen.D.2024-11-29,John,Clendennen,John Clendennen,,2024-11-29,Fine Gael,Fine_Gael,,2024-11-29,Sessional,,2025-05-01 00:00:00+00:00,Joint Committee on Infrastructure and National Development Plan Delivery,Live - Primary,Live,Shadow Department,,2025-05-07 00:00:00+00:00,,2025-05-07 00:00:00+00:00,Standing,,2025-01-29 00:00:00+00:00,Joint Committee on Remit Oversight,Live - Primary,Live,,2025-02-12 00:00:00+00:00,Parliamentary Regulation and Reform,,2025-05-21 00:00:00+00:00,Sessional,,2025-05-01 00:00:00+00:00,"Joint Committee on Enterprise, Tourism and Employment",Live - Primary,Live,,2025-05-13 00:00:00+00:00,Shadow Department,,2025-05-07 00:00:00+00:00,Offaly,Offaly,dail,house,34th Dáil,34,,,,,,,,Sessional,,2025-05-01 00:00:00+00:00,"Joint Committee on Climate, Environment and Energy",Live - Primary,Live,,2025-05-13 00:00:00+00:00,Shadow Department,,2025-05-07 00:00:00+00:00,,,,,,,,,,Sessional,,2025-05-01 00:00:00+00:00,Select Committee on Infrastructure and National Development Plan Delivery,Live - Primary,Live,,2025-04-30 00:00:00+00:00,Shadow Department,,2025-05-07 00:00:00+00:00,Sessional,,2025-05-01 00:00:00+00:00,"Select Committee on Climate, Environment and Energy",Live - Primary,Live,,2025-04-30 00:00:00+00:00,Shadow Department,,2025-05-07 00:00:00+00:00,Standing,,2025-01-29 00:00:00+00:00,Committee on Remit Oversight (Dáil Éireann),Live - Primary,Live,,2024-12-18 00:00:00+00:00,Parliamentary Regulation and Reform,,2025-05-21 00:00:00+00:00,Standing,,2024-11-29 00:00:00+00:00,Committee on Parliamentary Privileges and Oversight (Dáil Éireann),Live - Primary,Live,,2024-12-18 00:00:00+00:00,Parliamentary Regulation and Reform,,2025-05-21 00:00:00+00:00,,,,,,,,,,Sessional,,2025-05-01 00:00:00+00:00,"Select Committee on Enterprise, Tourism and Employment",Live - Primary,Live,,2025-04-30 00:00:00+00:00,Shadow Department,,2025-05-07 00:00:00+00:00,,,,,,,,,,,,,,,,,,,,,,,,,,,,,,,,,,,,,,,,,,,,,,,,,,,,,,,,,,,,,,,,,,,,,,,,,,,,,,,,,,,,,false,2024
Michael-Collins.D.2016-10-03,Michael,Collins,Michael Collins,,2024-11-29,Independent Ireland,Independent_Ireland,,2024-11-29,Sessional,,2025-05-01 00:00:00+00:00,Joint Committee on Transport,Live - Primary,Live,Shadow Department,,2025-05-13 00:00:00+00:00,,2025-05-07 00:00:00+00:00,Sessional,,2025-05-01 00:00:00+00:00,Select Committee on Transport,Live - Primary,Live,,2025-04-30 00:00:00+00:00,Shadow Department,,2025-05-07 00:00:00+00:00,Standing,,2024-11-29 00:00:00+00:00,Business Committee (Dáil Éireann),Live - Primary,Live,,2024-12-18 00:00:00+00:00,Parliamentary Business and Committee Membership,,2025-01-16 00:00:00+00:00,Cork-South-West,Cork South-West,dail,house,34th Dáil,34,,,,,,,,Standing,,2024-11-29 00:00:00+00:00,Committee on Standing Orders and Dáil Reform,Live - Primary,Live,,2024-12-18 00:00:00+00:00,Parliamentary Regulation and Reform,,2025-01-16 00:00:00+00:00,,,,,,,,,,Standing,,2024-11-29 00:00:00+00:00,Committee of Selection (Dáil Éireann),Live - Primary,Live,,2024-12-18 00:00:00+00:00,Parliamentary Business and Committee Membership,,2025-01-16 00:00:00+00:00,,,,,,,,,,,,,,,,,,,,,,,,,,,,,,,,,,,,,,,,,,,,,,,,,,,,,,,,,,,,,,,,,,,,,,,,,,,,,,,,,,,,,,,,,,,,,,,,,,,,,,,,,,,,,,,,,,,,,,,,,,,,,,,,,,,,,,,,,,false,2016
Niall-Collins.D.2007-06-14,Niall,Collins,Niall Collins,,2024-11-29,Fianna Fáil,Fianna_Fáil,,2024-11-29,,,,,,,,,,,,,,,,,,,,,,,,,,,,,,,,,,Limerick-County,Limerick County,dail,house,34th Dáil,34,,,,,,,,,,,,,,,,,,,2025-06-04,2025-01-29,Minister of State at the Department of Justice,,,,,,,,,,,,,,,,,,,,,,,,,,,,,,,,,,,,,,,,,,,,,,,,,,,,,,,,,,,,,,,,,,,,,,,,,,,,,,,,,,,2026-05-28,2025-06-05,"Minister of State at the Department of Justice, Home Affairs and Migration",,,,,,,,2026-05-28,"Minister of State at the Department of Agriculture, Food and the Marine",,,,,,,,,,,,,,,,,,,,,,,,,,,,,,,,,,,,,,,,,,,,,,,,,,,,,,,,,,,,,true,2007
Catherine-Connolly.D.2016-10-03,Catherine,Connolly,Catherine Connolly,2025-10-25,2024-11-29,Independent,Independent,2025-10-25,2024-11-29,Standing,,2025-01-29 00:00:00+00:00,Working Group of Committee Cathaoirligh,Live - Primary,Live,The Committee System and Parliamentary Administration,,2025-02-12 00:00:00+00:00,2025-10-25 00:00:00+00:00,2025-05-07 00:00:00+00:00,Standing,,2025-01-29 00:00:00+00:00,"Comhchoiste na Gaeilge, na Gaeltachta agus Phobal Labhartha na Gaeilge",Live - Primary,Live,,2025-02-12 00:00:00+00:00,Policy,2025-10-25 00:00:00+00:00,2025-05-07 00:00:00+00:00,Standing,,2024-11-29 00:00:00+00:00,Committee of Public Accounts,Live - Primary,Live,,2024-12-18 00:00:00+00:00,Oversight,2025-10-25 00:00:00+00:00,2025-05-07 00:00:00+00:00,Galway-West,Galway West,dail,house,34th Dáil,34,,,,,,,,Standing,,2025-01-29 00:00:00+00:00,"Roghchoiste na Gaeilge, na Gaeltachta agus Phobal Labhartha na Gaeilge",Live - Primary,Live,,2025-02-12 00:00:00+00:00,Policy,2025-10-25 00:00:00+00:00,2025-05-07 00:00:00+00:00,,,,,,,,,,,,,,,,,,,,,,,,,,,,,,,,,,,,,,,,,,,,,,,,,,,,,,2025-10-25 00:00:00+00:00,2025-05-07 00:00:00+00:00,Cathaoirleach,2025-10-25 00:00:00+00:00,2025-05-07 00:00:00+00:00,Cathaoirleach,,,,,,,,,,,,,,,,,,,,,,,,,,,,,,,,,,,,,,,,,,,,,,,,,,,,,,,,,,,,,,,,,,,,,,,,,,,,,,,,,,,,,,,,,,,,,,,,,,,false,2016
John-Connolly.D.2024-11-29,John,Connolly,John Connolly,,2024-11-29,Fianna Fáil,Fianna_Fáil,,2024-11-29,Sessional,,2025-05-01 00:00:00+00:00,Joint Committee on Key Issues Affecting the Traveller Community,Live - Primary,Live,Policy,,2025-05-12 00:00:00+00:00,,2025-05-07 00:00:00+00:00,Sessional,,2025-05-01 00:00:00+00:00,Joint Committee on Children and Equality,Live - Primary,Live,,2025-05-13 00:00:00+00:00,Shadow Department,,2026-01-20 00:00:00+00:00,Sessional,,2025-05-01 00:00:00+00:00,Joint Committee on Fisheries and Maritime Affairs,Live - Primary,Live,,2025-05-07 00:00:00+00:00,Shadow Department,2026-01-20 00:00:00+00:00,2025-07-02 00:00:00+00:00,Galway-West,Galway West,dail,house,34th Dáil,34,,,,,,,,Sessional,,2025-05-01 00:00:00+00:00,"Joint Committee on Further and Higher Education, Research, Innovation and Science",Live - Primary,Live,,2025-05-13 00:00:00+00:00,Shadow Department,,2025-05-07 00:00:00+00:00,,,,,,,,,,Standing,,2025-01-29 00:00:00+00:00,"Comhchoiste na Gaeilge, na Gaeltachta agus Phobal Labhartha na Gaeilge",Live - Primary,Live,,2025-02-12 00:00:00+00:00,Policy,,2025-05-07 00:00:00+00:00,Sessional,,2025-05-01 00:00:00+00:00,Select Committee on Key Issues Affecting the Traveller Community,Live - Primary,Live,,2025-04-30 00:00:00+00:00,Policy,,2025-05-07 00:00:00+00:00,Standing,,2025-01-29 00:00:00+00:00,"Roghchoiste na Gaeilge, na Gaeltachta agus Phobal Labhartha na Gaeilge",Live - Primary,Live,,2025-02-12 00:00:00+00:00,Policy,,2025-05-07 00:00:00+00:00,Sessional,,2025-05-01 00:00:00+00:00,Select Committee on Children and Equality,Live - Primary,Live,,2025-04-30 00:00:00+00:00,Shadow Department,,2026-01-20 00:00:00+00:00,,,,,,,,,,Sessional,,2025-05-01 00:00:00+00:00,"Select Committee on Further and Higher Education, Research, Innovation and Science",Live - Primary,Live,,2025-04-30 00:00:00+00:00,Shadow Department,,2025-05-07 00:00:00+00:00,Sessional,,2025-05-01 00:00:00+00:00,Select Committee on Fisheries and Maritime Affairs,Live - Primary,Live,[],,2025-04-30 00:00:00+00:00,Shadow Department,2026-01-20 00:00:00+00:00,2025-07-02 00:00:00+00:00,,,,,,,,,,,,,,,,,2025-05-01 00:00:00+00:00,Joint Committee on Children and Equality,,2025-05-01 00:00:00+00:00,Select Committee on Children and Equality,,,,,,,,,,,,,,,,,,,,,,,,,,,,,,,,,,,,,,,,,,,,,,,,,,,,false,2024
Rose-Conway-Walsh.S.2016-04-25,Rose,Conway-Walsh,Rose Conway-Walsh,,2024-11-29,Sinn Féin,Sinn_Féin,,2024-11-29,Sessional,,2025-05-01 00:00:00+00:00,Joint Committee on the Implementation of the Good Friday Agreement ,Live - Primary,Live,Shadow Department,,2025-05-12 00:00:00+00:00,,2025-05-07 00:00:00+00:00,Sessional,,2025-05-01 00:00:00+00:00,"Joint Committee on Enterprise, Tourism and Employment",Live - Primary,Live,,2025-05-13 00:00:00+00:00,Shadow Department,,2025-05-07 00:00:00+00:00,Standing,,2025-01-29 00:00:00+00:00,Working Group of Committee Cathaoirligh,Live - Primary,Live,,2025-02-12 00:00:00+00:00,The Committee System and Parliamentary Administration,,2025-05-07 00:00:00+00:00,Mayo,Mayo,dail,house,34th Dáil,34,,,,,,,,Sessional,,2025-05-01 00:00:00+00:00,Joint Committee on Defence and National Security,Live - Primary,Live,,2025-05-13 00:00:00+00:00,Shadow Department,,2025-05-07 00:00:00+00:00,,,,,,,,,,Sessional,,2025-05-01 00:00:00+00:00,Select Committee on Defence and National Security,Live - Primary,Live,,2025-04-30 00:00:00+00:00,Shadow Department,,2025-05-07 00:00:00+00:00,Sessional,,2025-05-01 00:00:00+00:00,Select Committee on the Implementation of the Good Friday Agreement ,Live - Primary,Live,,2025-04-30 00:00:00+00:00,Shadow Department,,2025-05-07 00:00:00+00:00,Sessional,,2025-05-01 00:00:00+00:00,"Select Committee on Enterprise, Tourism and Employment",Live - Primary,Live,,2025-04-30 00:00:00+00:00,Shadow Department,,2025-05-07 00:00:00+00:00,,,,,,,,,,,,,,,,2025-05-07 00:00:00+00:00,Cathaoirleach,,,,,,,,,,,,,,,,,,,,,,,,,,,,,,,2025-05-07 00:00:00+00:00,Cathaoirleach,,,,,,,,,,,,,,,,,,,,,,,,,,,,,,,,,,,,,,,,,,,,,,,,,,,,,,,,,,,,,,,,,,,false,2016
Joe-Cooney.D.2024-11-29,Joe,Cooney,Joe Cooney,,2024-11-29,Fine Gael,Fine_Gael,,2024-11-29,Sessional,,2025-05-01 00:00:00+00:00,Joint Committee on Agriculture and Food,Live - Primary,Live,Shadow Department,,2025-05-07 00:00:00+00:00,,2025-05-07 00:00:00+00:00,Sessional,,2025-05-01 00:00:00+00:00,Joint Committee on Fisheries and Maritime Affairs,Live - Primary,Live,,2025-05-07 00:00:00+00:00,Shadow Department,,2025-05-07 00:00:00+00:00,Sessional,,2025-05-01 00:00:00+00:00,"Joint Committee on Housing, Local Government and Heritage",Live - Primary,Live,,2025-05-07 00:00:00+00:00,Shadow Department,,2025-05-07 00:00:00+00:00,Clare,Clare,dail,house,34th Dáil,34,,,,,,,,Sessional,,2025-05-01 00:00:00+00:00,Select Committee on Agriculture and Food,Live - Primary,Live,,2025-04-30 00:00:00+00:00,Shadow Department,,2025-05-07 00:00:00+00:00,,,,,,,,,,Sessional,,2025-05-01 00:00:00+00:00,Select Committee on Fisheries and Maritime Affairs,Live - Primary,Live,,2025-04-30 00:00:00+00:00,Shadow Department,,2025-05-07 00:00:00+00:00,Sessional,,2025-05-01 00:00:00+00:00,"Select Committee on Housing, Local Government and Heritage",Live - Primary,Live,,2025-04-30 00:00:00+00:00,Shadow Department,,2025-05-07 00:00:00+00:00,,,,,,,,,,,,,,,,,,,,,,,,,,,,,,,,,,,,,,,,,,,,,,,,,,,,,,,,,,,,,,,,,,,,,,,,,,,,,,,,,,,,,,,,,,,,,,,,,,,,,,,,,,,,,,,,,,,,,,,,,,,,,,,false,2024
Ruth-Coppinger.D.2014-05-23,Ruth,Coppinger,Ruth Coppinger,,2024-11-29,People Before Profit-Solidarity,People_Before_Profit_Solidarity,,2024-11-29,Standing,,2025-01-29 00:00:00+00:00,Joint Committee on Remit Oversight,Live - Primary,Live,Parliamentary Regulation and Reform,,2025-02-12 00:00:00+00:00,,2025-05-21 00:00:00+00:00,Sessional,,2025-05-01 00:00:00+00:00,Joint Committee on Education and Youth,Live - Primary,Live,,2025-05-13 00:00:00+00:00,Shadow Department,,2025-05-07 00:00:00+00:00,Standing,,2024-11-29 00:00:00+00:00,Committee on Parliamentary Privileges and Oversight (Dáil Éireann),Live - Primary,Live,,2024-12-18 00:00:00+00:00,Parliamentary Regulation and Reform,,2025-05-21 00:00:00+00:00,Dublin-West,Dublin West,dail,house,34th Dáil,34,,,,,,,,Standing,,2025-01-29 00:00:00+00:00,Committee on Remit Oversight (Dáil Éireann),Live - Primary,Live,,2024-12-18 00:00:00+00:00,Parliamentary Regulation and Reform,,2025-05-21 00:00:00+00:00,,,,,,,,,,Sessional,,2025-05-01 00:00:00+00:00,Select Committee on Education and Youth,Live - Primary,Live,,2025-04-30 00:00:00+00:00,Shadow Department,,2025-05-07 00:00:00+00:00,,,,,,,,,,,,,,,,,,,,,,,,,,,,,,,,,,,,,,,,,,,,,,,,,,,,,,,,,,,,,,,,,,,,,,,,,,,,,,,,,,,,,,,,,,,,,,,,,,,,,,,,,,,,,,,,,,,,,,,,,,,,,,,,,,,,,,,,,,false,2014
Réada-Cronin.D.2020-02-08,Réada,Cronin,Réada Cronin,,2024-11-29,Sinn Féin,Sinn_Féin,,2024-11-29,Sessional,,2025-05-01 00:00:00+00:00,Joint Committee on Infrastructure and National Development Plan Delivery,Live - Primary,Live,Shadow Department,,2025-05-07 00:00:00+00:00,,2025-05-07 00:00:00+00:00,Sessional,,2025-05-01 00:00:00+00:00,"Joint Committee on Climate, Environment and Energy",Live - Primary,Live,,2025-05-13 00:00:00+00:00,Shadow Department,,2025-05-07 00:00:00+00:00,Sessional,,2025-05-01 00:00:00+00:00,Select Committee on Infrastructure and National Development Plan Delivery,Live - Primary,Live,,2025-04-30 00:00:00+00:00,Shadow Department,,2025-05-07 00:00:00+00:00,Kildare-North,Kildare North,dail,house,34th Dáil,34,,,,,,,,Sessional,,2025-05-01 00:00:00+00:00,"Select Committee on Climate, Environment and Energy",Live - Primary,Live,,2025-04-30 00:00:00+00:00,Shadow Department,,2025-05-07 00:00:00+00:00,,,,,,,,,,,,,,,,,,,,,,,,,,,,,,,,,,,,,,,,,,,,,,,,,,,,,,,,,,,,,,,,,,,,,,,,,,,,,,,,,,,,,,,,,,,,,,,,,,,,,,,,,,,,,,,,,,,,,,,,,,,,,,,,,,,,,,,,,,,,,,,,,,,,,,,,,,,,,,false,2020
Cathal-Crowe.D.2020-02-08,Cathal,Crowe,Cathal Crowe,,2024-11-29,Fianna Fáil,Fianna_Fáil,,2024-11-29,Sessional,,2025-05-01 00:00:00+00:00,Joint Committee on Education and Youth,Live - Primary,Live,Shadow Department,,2025-05-13 00:00:00+00:00,,2025-05-07 00:00:00+00:00,Sessional,,2025-05-01 00:00:00+00:00,Joint Committee on Transport,Live - Primary,Live,,2025-05-13 00:00:00+00:00,Shadow Department,,2025-05-07 00:00:00+00:00,Standing,,2025-01-29 00:00:00+00:00,Working Group of Committee Cathaoirligh,Live - Primary,Live,,2025-02-12 00:00:00+00:00,The Committee System and Parliamentary Administration,,2025-05-07 00:00:00+00:00,Clare,Clare,dail,house,34th Dáil,34,,,2025-05-07 00:00:00+00:00,Cathaoirleach,,,,Sessional,,2025-05-01 00:00:00+00:00,Select Committee on Education and Youth,Live - Primary,Live,,2025-04-30 00:00:00+00:00,Shadow Department,,2025-05-07 00:00:00+00:00,,,,,,,,,,Sessional,,2025-05-01 00:00:00+00:00,Select Committee on Transport,Live - Primary,Live,,2025-04-30 00:00:00+00:00,Shadow Department,,2025-05-07 00:00:00+00:00,Standing,,2024-11-29 00:00:00+00:00,Committee on Budgetary Oversight,Live - Primary,Live,,2024-12-18 00:00:00+00:00,Oversight,,2025-05-07 00:00:00+00:00,,,,,,,,,,,,,,,,,,,,,,,,,,,2025-05-07 00:00:00+00:00,Cathaoirleach,,,,,,,,,,,,,,,,,,,,,,,,,,,,,,,,,,,,,,,,,,,,,,,,,,,,,,,,,,,,,,,,,,,,,,,,,,,,,,,,,,,,,,,,,,,,,,,,,,,false,2020
Seán-Crowe.D.2002-06-06,Seán,Crowe,Seán Crowe,,2024-11-29,Sinn Féin,Sinn_Féin,,2024-11-29,Sessional,,2025-05-01 00:00:00+00:00,Joint Committee on European Union Affairs,Live - Primary,Live,Shadow Department,,2025-05-13 00:00:00+00:00,,2025-05-07 00:00:00+00:00,Sessional,,2025-05-01 00:00:00+00:00,Joint Committee on the Implementation of the Good Friday Agreement ,Live - Primary,Live,,2025-05-12 00:00:00+00:00,Shadow Department,,2025-05-07 00:00:00+00:00,Sessional,,2025-05-01 00:00:00+00:00,Select Committee on the Implementation of the Good Friday Agreement ,Live - Primary,Live,,2025-04-30 00:00:00+00:00,Shadow Department,,2025-05-07 00:00:00+00:00,Dublin-South-West,Dublin South-West,dail,house,34th Dáil,34,,,,,,,,Sessional,,2025-05-01 00:00:00+00:00,Select Committee on European Union Affairs,Live - Primary,Live,,2025-04-30 00:00:00+00:00,Shadow Department,,2025-05-07 00:00:00+00:00,,,,,,,,,,,,,,,,,,,,,,,,,,,,,,,,,,,,,,,,,,,,,,,,,,,,,,,,,,,,,,,,,,,,,,,,,,,,,,,,,,,,,,,,,,,,,,,,,,,,,,,,,,,,,,,,,,,,,,,,,,,,,,,,,,,,,,,,,,,,,,,,,,,,,,,,,,,,,,false,2002
David-Cullinane.S.2011-05-25,David,Cullinane,David Cullinane,,2024-11-29,Sinn Féin,Sinn_Féin,,2024-11-29,Sessional,,2025-05-01 00:00:00+00:00,Joint Committee on Health,Live - Primary,Live,Shadow Department,,2025-05-13 00:00:00+00:00,,2025-05-07 00:00:00+00:00,Sessional,,2025-05-01 00:00:00+00:00,Select Committee on Health,Live - Primary,Live,,2025-04-30 00:00:00+00:00,Shadow Department,,2025-05-07 00:00:00+00:00,,,,,,,,,,,,Waterford,Waterford,dail,house,34th Dáil,34,,,,,,,,,,,,,,,,,,,,,,,,,,,,,,,,,,,,,,,,,,,,,,,,,,,,,,,,,,,,,,,,,,,,,,,,,,,,,,,,,,,,,,,,,,,,,,,,,,,,,,,,,,,,,,,,,,,,,,,,,,,,,,,,,,,,,,,,,,,,,,,,,,,,,,,,,,,,,,,,,,,,,,,,,,,,,,,,false,2011
Jen-Cummins.D.2024-11-29,Jen,Cummins,Jen Cummins,,2024-11-29,Social Democrats,Social_Democrats,,2024-11-29,Standing,,2025-01-29 00:00:00+00:00,Joint Committee on Remit Oversight,Live - Primary,Live,Parliamentary Regulation and Reform,,2025-02-12 00:00:00+00:00,,2025-05-21 00:00:00+00:00,Sessional,,2025-05-01 00:00:00+00:00,Joint Committee on Education and Youth,Live - Primary,Live,,2025-05-13 00:00:00+00:00,Shadow Department,,2025-05-07 00:00:00+00:00,Standing,,2024-11-29 00:00:00+00:00,Committee on Parliamentary Privileges and Oversight (Dáil Éireann),Live - Primary,Live,,2024-12-18 00:00:00+00:00,Parliamentary Regulation and Reform,,2025-05-21 00:00:00+00:00,Dublin-South-Central,Dublin South-Central,dail,house,34th Dáil,34,,,,,,,,Standing,,2025-01-29 00:00:00+00:00,Committee on Remit Oversight (Dáil Éireann),Live - Primary,Live,,2024-12-18 00:00:00+00:00,Parliamentary Regulation and Reform,,2025-05-21 00:00:00+00:00,,,,,,,,,,Sessional,,2025-05-01 00:00:00+00:00,Select Committee on Education and Youth,Live - Primary,Live,,2025-04-30 00:00:00+00:00,Shadow Department,,2025-05-07 00:00:00+00:00,,,,,,,,,,,,,,,,,,,,,,,,,,,,,,,,,,,,,,,,,,,,,,,,,,,,,,,,,,,,,,,,,,,,,,,,,,,,,,,,,,,,,,,,,,,,,,,,,,,,,,,,,,,,,,,,,,,,,,,,,,,,,,,,,,,,,,,,,,false,2024
John-Cummins.S.2020-03-30,John,Cummins,John Cummins,,2024-11-29,Fine Gael,Fine_Gael,,2024-11-29,,,,,,,,,,,,,,,,,,,,,,,,,,,,,,,,,,Waterford,Waterford,dail,house,34th Dáil,34,,,,,,,,,,,,,,,,,,,,2025-01-29,"Minister of State at the Department of Housing, Local Government and Heritage",,,,,,,,,,,,,,,,,,,,,,,,,,,,,,,,,,,,,,,,,,,,,,,,,,,,,,,,,,,,,,,,,,,,,,,,,,,,,,,,,,,,,,,,,,,,,,,,,,,,,,,,,,,,,,,,,,,,,,,,,,,,,,,,,,,,,,,,,,,,,,,,,,,,,,,,,,,true,2020
Emer-Currie.S.2020-06-29,Emer,Currie,Emer Currie,,2024-11-29,Fine Gael,Fine_Gael,,2024-11-29,Sessional,,2025-05-01 00:00:00+00:00,Joint Committee on Education and Youth,Live - Primary,Live,Shadow Department,,2025-05-13 00:00:00+00:00,2026-05-26 00:00:00+00:00,2025-05-07 00:00:00+00:00,Standing,,2025-01-29 00:00:00+00:00,Joint Committee on Remit Oversight,Live - Primary,Live,,2025-02-12 00:00:00+00:00,Parliamentary Regulation and Reform,,2025-05-21 00:00:00+00:00,Sessional,,2025-05-01 00:00:00+00:00,Joint Committee on Transport,Live - Primary,Live,,2025-05-13 00:00:00+00:00,Shadow Department,,2025-05-07 00:00:00+00:00,Dublin-West,Dublin West,dail,house,34th Dáil,34,,,,,,,,Sessional,,2025-05-01 00:00:00+00:00,Joint Committee on Children and Equality,Live - Primary,Live,,2025-05-13 00:00:00+00:00,Shadow Department,,2025-05-07 00:00:00+00:00,,,,,,,,2025-05-01 00:00:00+00:00,Joint Committee on Children and Equality,Standing,,2024-11-29 00:00:00+00:00,Business Committee (Dáil Éireann),Live - Primary,Live,,2024-12-18 00:00:00+00:00,Parliamentary Business and Committee Membership,,2025-01-16 00:00:00+00:00,Standing,,2024-11-29 00:00:00+00:00,Committee of Selection (Dáil Éireann),Live - Primary,Live,,2024-12-18 00:00:00+00:00,Parliamentary Business and Committee Membership,,2025-01-16 00:00:00+00:00,Standing,,2025-01-29 00:00:00+00:00,Committee on Remit Oversight (Dáil Éireann),Live - Primary,Live,,2024-12-18 00:00:00+00:00,Parliamentary Regulation and Reform,,2025-05-21 00:00:00+00:00,Sessional,,2025-05-01 00:00:00+00:00,Select Committee on Children and Equality,Live - Primary,Live,,2025-04-30 00:00:00+00:00,Shadow Department,,2025-05-07 00:00:00+00:00,,,,,,,,,,Standing,,2024-11-29 00:00:00+00:00,Committee on Parliamentary Privileges and Oversight (Dáil Éireann),Live - Primary,Live,,2024-12-18 00:00:00+00:00,Parliamentary Regulation and Reform,,2025-05-21 00:00:00+00:00,Standing,,2024-11-29 00:00:00+00:00,Committee on Standing Orders and Dáil Reform,Live - Primary,Live,[],,2024-12-18 00:00:00+00:00,Parliamentary Regulation and Reform,,2025-01-16 00:00:00+00:00,,,,,,,,,,,,,,,,,,,,2025-05-01 00:00:00+00:00,Select Committee on Children and Equality,Sessional,,2025-05-01 00:00:00+00:00,Select Committee on Education and Youth,Live - Primary,Live,[],,2025-04-30 00:00:00+00:00,Shadow Department,2026-05-26 00:00:00+00:00,2025-05-07 00:00:00+00:00,Sessional,,2025-05-01 00:00:00+00:00,Select Committee on Transport,Live - Primary,Live,[],,2025-04-30 00:00:00+00:00,Shadow Department,,2025-05-07 00:00:00+00:00,Committees' Secretariat,,,,,,,,,,,,,,,,,,,,,,,,,,,false,2020
Martin-Daly.D.2024-11-29,Martin,Daly,Martin Daly,,2024-11-29,Fianna Fáil,Fianna_Fáil,,2024-11-29,Sessional,,2025-05-01 00:00:00+00:00,Joint Committee on Disability Matters,Live - Primary,Live,Shadow Department,,2025-05-13 00:00:00+00:00,,2025-05-07 00:00:00+00:00,Sessional,,2025-05-01 00:00:00+00:00,Joint Committee on Health,Live - Primary,Live,,2025-05-13 00:00:00+00:00,Shadow Department,,2025-05-07 00:00:00+00:00,Standing,,2024-11-29 00:00:00+00:00,Committee of Public Accounts,Live - Primary,Live,,2024-12-18 00:00:00+00:00,Oversight,,2026-07-15 00:00:00+00:00,Roscommon-Galway,Roscommon-Galway,dail,house,34th Dáil,34,,,,,,,,Sessional,,2025-05-01 00:00:00+00:00,Select Committee on Disability Matters,Live - Primary,Live,,2025-04-30 00:00:00+00:00,Shadow Department,,2025-05-07 00:00:00+00:00,,,,,,,,,,Sessional,,2025-05-01 00:00:00+00:00,Select Committee on Health,Live - Primary,Live,,2025-04-30 00:00:00+00:00,Shadow Department,,2025-05-07 00:00:00+00:00,,,,,,,,,,,,,,,,,,,,,,,,,,,,,,,,,,,,,,,,,,,,,,,,,,,,,,,,,,,,,,,,,,,,,,,,,,,,,,,,,,,,,,,,,,,,,,,,,,,,,,,,,,,,,,,,,,,,,,,,,,,,,,,,,,,,,,,,,,false,2024
Pa-Daly.D.2020-02-08,Pa,Daly,Pa Daly,,2024-11-29,Sinn Féin,Sinn_Féin,,2024-11-29,Sessional,,2025-05-01 00:00:00+00:00,Joint Committee on Transport,Live - Primary,Live,Shadow Department,,2025-05-13 00:00:00+00:00,,2025-05-07 00:00:00+00:00,Sessional,,2025-05-01 00:00:00+00:00,"Joint Committee on Climate, Environment and Energy",Live - Primary,Live,,2025-05-13 00:00:00+00:00,Shadow Department,,2025-05-07 00:00:00+00:00,Sessional,,2025-05-01 00:00:00+00:00,Select Committee on Transport,Live - Primary,Live,,2025-04-30 00:00:00+00:00,Shadow Department,,2025-05-07 00:00:00+00:00,Kerry,Kerry,dail,house,34th Dáil,34,,,,,,,,Sessional,,2025-05-01 00:00:00+00:00,"Select Committee on Climate, Environment and Energy",Live - Primary,Live,,2025-04-30 00:00:00+00:00,Shadow Department,,2025-05-07 00:00:00+00:00,,,,,,,,,,,,,,,,,,,,,,,,,,,,,,,,,,,,,,,,,,,,,,,,,,,,,,,,,,,,,,,,,,,,,,,,,,,,,,,,,,,,,,,,,,,,,,,,,,,,,,,,,,,,,,,,,,,,,,,,,,,,,,,,,,,,,,,,,,,,,,,,,,,,,,,,,,,,,,false,2020
Aisling-Dempsey.D.2024-11-29,Aisling,Dempsey,Aisling Dempsey,,2024-11-29,Fianna Fáil,Fianna_Fáil,,2024-11-29,Sessional,,2025-05-01 00:00:00+00:00,Joint Committee on Disability Matters,Live - Primary,Live,Shadow Department,,2025-05-13 00:00:00+00:00,,2026-04-16 00:00:00+00:00,Sessional,,2025-05-01 00:00:00+00:00,Joint Committee on Children and Equality,Live - Primary,Live,,2025-05-13 00:00:00+00:00,Shadow Department,,2025-05-07 00:00:00+00:00,Sessional,,2025-05-01 00:00:00+00:00,Joint Committee on Education and Youth,Live - Primary,Live,,2025-05-13 00:00:00+00:00,Shadow Department,,2025-05-07 00:00:00+00:00,Meath-West,Meath West,dail,house,34th Dáil,34,,,,,,,,Sessional,,2025-05-01 00:00:00+00:00,Select Committee on Education and Youth,Live - Primary,Live,,2025-04-30 00:00:00+00:00,Shadow Department,,2025-05-07 00:00:00+00:00,,,,,,,,,,Sessional,,2025-05-01 00:00:00+00:00,Select Committee on Disability Matters,Live - Primary,Live,,2025-04-30 00:00:00+00:00,Shadow Department,,2026-04-16 00:00:00+00:00,Sessional,,2025-05-01 00:00:00+00:00,Select Committee on Children and Equality,Live - Primary,Live,,2025-04-30 00:00:00+00:00,Shadow Department,,2025-05-07 00:00:00+00:00,Standing,,2024-11-29 00:00:00+00:00,Committee on Standing Orders and Dáil Reform,Live - Primary,Live,,2024-12-18 00:00:00+00:00,Parliamentary Regulation and Reform,,2025-01-24 00:00:00+00:00,,,,,,,,,,,,,2025-06-19 00:00:00+00:00,Leas-Chathaoirleach,,,,,,,,,,,,,,,,,,,,,,,,,,,,,,,,,,,,,2025-06-19 00:00:00+00:00,Leas-Chathaoirleach,,,,,,,,2025-05-01 00:00:00+00:00,Joint Committee on Children and Equality,,,,,,,,,,,,,,,,,,,,,,,,,,,,,,2025-05-01 00:00:00+00:00,Select Committee on Children and Equality,,,,,,,,,,,,,,,,,,,,,,,,false,2024
Máire-Devine.S.2016-04-25,Máire,Devine,Máire Devine,,2024-11-29,Sinn Féin,Sinn_Féin,,2024-11-29,Special,,2025-05-01 00:00:00+00:00,Joint Committee on Drugs Use,Dissolved,Dissolved,Policy,2026-06-24 00:00:00+00:00,2025-05-13 00:00:00+00:00,2026-06-24 00:00:00+00:00,2025-05-07 00:00:00+00:00,Standing,,2024-11-29 00:00:00+00:00,Committee on Budgetary Oversight,Live - Primary,Live,,2024-12-18 00:00:00+00:00,Oversight,,2025-05-07 00:00:00+00:00,Special,,2025-05-01 00:00:00+00:00,Select Committee on Drugs Use,Live - Primary,Live,,2025-04-30 00:00:00+00:00,Policy,2026-06-24 00:00:00+00:00,2025-05-07 00:00:00+00:00,Dublin-South-Central,Dublin South-Central,dail,house,34th Dáil,34,,,,,,,,,,,,,,,,,,,,,,,,,,,,,,,,,,,,,,,,,,,,,,,,,,,,,,,,,,,,,,,,,,,,,,,,,,,,,,,,,,,,,,,,,,,,,,,,,,,,,,,,,,,,,,,,,,,,,,,,,,,,,,,,,,,,,,,,,,,,,,,,,,,,,,,,,,,,,,,,,,,,,,,,,,,,,,,,false,2016
Cormac-Devlin.D.2020-02-08,Cormac,Devlin,Cormac Devlin,,2024-11-29,Fianna Fáil,Fianna_Fáil,,2024-11-29,Standing,,2025-01-29 00:00:00+00:00,Working Group of Committee Cathaoirligh,Live - Primary,Live,The Committee System and Parliamentary Administration,,2025-02-12 00:00:00+00:00,2025-05-07 00:00:00+00:00,2025-05-07 00:00:00+00:00,Sessional,,2025-05-01 00:00:00+00:00,Joint Committee on the Implementation of the Good Friday Agreement ,Live - Primary,Live,,2025-05-12 00:00:00+00:00,Shadow Department,,2025-05-07 00:00:00+00:00,Sessional,,2025-05-01 00:00:00+00:00,Select Committee on the Implementation of the Good Friday Agreement ,Live - Primary,Live,,2025-04-30 00:00:00+00:00,Shadow Department,,2025-05-07 00:00:00+00:00,Dún-Laoghaire,Dún Laoghaire,dail,house,34th Dáil,34,,,,,,2025-05-07 00:00:00+00:00,Cathaoirleach,Standing,,2024-11-29 00:00:00+00:00,Committee on Standing Orders and Dáil Reform,Live - Primary,Live,,2024-12-18 00:00:00+00:00,Parliamentary Regulation and Reform,,2025-01-24 00:00:00+00:00,,,,,,,,,,Standing,,2024-11-29 00:00:00+00:00,Committee on Budgetary Oversight,Live - Primary,Live,,2024-12-18 00:00:00+00:00,Oversight,,2025-05-07 00:00:00+00:00,,,,,,,,,,,,,,,,,,,,,,,,,,,,,,,,,,,2025-05-07 00:00:00+00:00,Cathaoirleach,,,,,,,,,,,,,,,,,,,,,,,,,,,,,,,,,,,,,,,,,,,,,,,,,,,,,,,,,,,,,,,,,,,,,,,,,,,,,,,,,,,,,,,,,,,,,,,,,,,,,,false,2020
Alan-Dillon.D.2020-02-08,Alan,Dillon,Alan Dillon,,2024-11-29,Fine Gael,Fine_Gael,,2024-11-29,,,,,,,,,,,,,,,,,,,,,,,,,,,,,,,,,,Mayo,Mayo,dail,house,34th Dáil,34,,,,,,,,,,,,,,,,,,,,2025-06-02,"Minister of State at the Department of Enterprise, Tourism and Employment and at the Department of Climate, Energy and the Environment",,,,,,,,,,,,,,,,,,,,,,,,,,,,,,,,,,,,,,,,,,,,,,,,,,,,,,,,,,,,,,,,,,,,,,,,,,,,,,,,,,,2025-06-01,2025-01-29,"Minister of State at the Department of Enterprise, Trade and Employment and at the Department of the Environment, Climate and Communications",,,,,,,,,,,,,,,,,,,,,,,,,,,,,,,,,,,,,,,,,,,,,,,,,,,,,,,,,,,,,,,,,,,,,,true,2020
Pearse-Doherty.S.2007-07-23,Pearse,Doherty,Pearse Doherty,,2024-11-29,Sinn Féin,Sinn_Féin,,2024-11-29,Sessional,,2025-05-01 00:00:00+00:00,"Joint Committee on Finance, Public Expenditure, Public Service Reform and Digitalisation, and Taoiseach",Live - Primary,Live,Shadow Department,,2025-05-07 00:00:00+00:00,,2025-05-07 00:00:00+00:00,Sessional,,2025-05-01 00:00:00+00:00,"Select Committee on Finance, Public Expenditure, Public Service Reform and Digitalisation, and Taoiseach",Live - Primary,Live,,2025-04-30 00:00:00+00:00,Shadow Department,,2025-05-07 00:00:00+00:00,,,,,,,,,,,,Donegal,Donegal,dail,house,34th Dáil,34,,,,,,,,,,,,,,,,,,,,,,,,,,,,,,,,,,,,,,,,,,,,,,,,,,,,,,,,,,,,,,,,,,,,,,,,,,,,,,,,,,,,,,,,,,,,,,,,,,,,,,,,,,,,,,,,,,,,,,,,,,,,,,,,,,,,,,,,,,,,,,,,,,,,,,,,,,,,,,,,,,,,,,,,,,,,,,,,false,2007
Albert-Dolan.D.2024-11-29,Albert,Dolan,Albert Dolan,,2024-11-29,Fianna Fáil,Fianna_Fáil,,2024-11-29,Sessional,,2025-05-01 00:00:00+00:00,"Joint Committee on Enterprise, Tourism and Employment",Live - Primary,Live,Shadow Department,,2025-05-13 00:00:00+00:00,,2025-05-07 00:00:00+00:00,Standing,,2025-01-29 00:00:00+00:00,Joint Committee on Public Petitions and the Ombudsmen,Live - Primary,Live,,2025-02-12 00:00:00+00:00,Oversight,2026-04-16 00:00:00+00:00,2025-05-07 00:00:00+00:00,Sessional,,2025-05-01 00:00:00+00:00,"Joint Committee on Justice, Home Affairs and Migration",Live - Primary,Live,,2025-05-13 00:00:00+00:00,Shadow Department,,2026-01-28 00:00:00+00:00,Galway-East,Galway East,dail,house,34th Dáil,34,,,,,,,,Sessional,,2025-05-01 00:00:00+00:00,"Select Committee on Justice, Home Affairs and Migration",Live - Primary,Live,,2025-04-30 00:00:00+00:00,Shadow Department,,2026-01-28 00:00:00+00:00,,,,,,,,,,Sessional,,2025-05-01 00:00:00+00:00,"Select Committee on Enterprise, Tourism and Employment",Live - Primary,Live,,2025-04-30 00:00:00+00:00,Shadow Department,,2025-05-07 00:00:00+00:00,Standing,,2025-01-29 00:00:00+00:00,Select Committee on Public Petitions and the Ombudsmen,Live - Primary,Live,,2025-02-12 00:00:00+00:00,Oversight,2026-04-16 00:00:00+00:00,2025-05-07 00:00:00+00:00,Standing,,2024-11-29 00:00:00+00:00,Committee of Public Accounts,Live - Primary,Live,,2024-12-18 00:00:00+00:00,Oversight,,2025-05-07 00:00:00+00:00,,,,,,,,,,,,2026-04-16 00:00:00+00:00,2025-05-27 00:00:00+00:00,Leas-Chathaoirleach,,,,,,,,,,,,,,,,,,,,,,,,,,,,,,,,,,,,,,,,,,,,,,,,,,,,,,,,,,,,,,,,,,,,,,,,,,,,,,,,,,,,,,,,,,,,,,,,,,,,,,false,2024
Paul-Donnelly.D.2020-02-08,Paul,Donnelly,Paul Donnelly,,2024-11-29,Sinn Féin,Sinn_Féin,,2024-11-29,Sessional,,2025-05-01 00:00:00+00:00,"Joint Committee on Enterprise, Tourism and Employment",Live - Primary,Live,Shadow Department,,2025-05-13 00:00:00+00:00,,2025-05-07 00:00:00+00:00,Sessional,,2025-05-01 00:00:00+00:00,"Select Committee on Enterprise, Tourism and Employment",Live - Primary,Live,,2025-04-30 00:00:00+00:00,Shadow Department,,2025-05-07 00:00:00+00:00,,,,,,,,,,,,Dublin-West,Dublin West,dail,house,34th Dáil,34,,,,,,,,,,,,,,,,,,,,,,,,,,,,,,,,,,,,,,,,,,,,,,,,,,,,,,,,,,,,,,,,,,,,,,,,,,,,,,,,,,,,,,,,,,,,,,,,,,,,,,,,,,,,,,,,,,,,,,,,,,,,,,,,,,,,,,,,,,,,,,,,,,,,,,,,,,,,,,,,,,,,,,,,,,,,,,,,false,2020
Paschal-Donohoe.S.2007-07-23,Paschal,Donohoe,Paschal Donohoe,2025-11-21,2024-11-29,Fine Gael,Fine_Gael,2025-11-21,2024-11-29,,,,,,,,,,,,,,,,,,,,,,,,,,,,,,,,,,Dublin-Central,Dublin Central,dail,house,34th Dáil,34,,,,,,,,,,,,,,,,,,,2025-11-18,2025-01-23,Minister for Finance,,,,,,,,,,,,,,,,,,,,,,,,,,,,,,,,,,,,,,,,,,,,,,,,,,,,,,,,,,,,,,,,,,,,,,,,,,,,,,,,,,,,,,,,,,,,,,,,,,,,,,,,,,,,,,,,,,,,,,,,,,,,,,,,,,,,,,,,,,,,,,,,,,,,,,,,,,,true,2007
Timmy-Dooley.S.2002-09-12,Timmy,Dooley,Timmy Dooley,,2024-11-29,Fianna Fáil,Fianna_Fáil,,2024-11-29,,,,,,,,,,,,,,,,,,,,,,,,,,,,,,,,,,Clare,Clare,dail,house,34th Dáil,34,,,,,,,,,,,,,,,,,,,2025-06-01,2025-02-25,"Minister of State at the Department of Agriculture, Food and the Marine and at the Department of the Environment, Climate and Communications",,,,,,,,,,,,,,,,,,,,,,,,,,,,,,,,,,,,,,,,,,,,,,,,,,,,,,,,,,,,,,,,,,,,,,,,,,,,,,,,,,,,2025-06-02,"Minister of State at the Department of Agriculture, Food and the Marine and at the Department of Climate, Energy and the Environment",,,,,,,,,,,,,,,,,,,,,,,,,,,,,,,,,,,,,,,,,,,,,,,,,,,,,,,,,,,,,,,,,,,,,,true,2002
Dessie-Ellis.D.2011-03-09,Dessie,Ellis,Dessie Ellis,,2024-11-29,Sinn Féin,Sinn_Féin,,2024-11-29,Sessional,,2025-05-01 00:00:00+00:00,Joint Committee on Key Issues Affecting the Traveller Community,Live - Primary,Live,Policy,,2025-05-12 00:00:00+00:00,,2025-05-07 00:00:00+00:00,Sessional,,2025-05-01 00:00:00+00:00,Select Committee on Key Issues Affecting the Traveller Community,Live - Primary,Live,,2025-04-30 00:00:00+00:00,Policy,,2025-05-07 00:00:00+00:00,,,,,,,,,,,,Dublin-North-West,Dublin North-West,dail,house,34th Dáil,34,,,,,,,,,,,,,,,,,,,,,,,,,,,,,,,,,,,,,,,,,,,,,,,,,,,,,,,,,,,,,,,,,,,,,,,,,,,,,,,,,,,,,,,,,,,,,,,,,,,,,,,,,,,,,,,,,,,,,,,,,,,,,,,,,,,,,,,,,,,,,,,,,,,,,,,,,,,,,,,,,,,,,,,,,,,,,,,,false,2011
Daniel-Ennis.D.2026-05-25,Daniel,Ennis,Daniel Ennis,,2026-05-25,Social Democrats,Social_Democrats,,2026-05-25,Sessional,,2025-05-01 00:00:00+00:00,Joint Committee on Children and Equality,Live - Primary,Live,Shadow Department,,2025-05-13 00:00:00+00:00,,2026-07-01 00:00:00+00:00,Sessional,,2025-05-01 00:00:00+00:00,Select Committee on Children and Equality,Live - Primary,Live,,2025-04-30 00:00:00+00:00,Shadow Department,,2026-07-01 00:00:00+00:00,,,,,,,,,,,,Dublin-Central,Dublin Central,dail,house,34th Dáil,34,,,,,,,,,,,,,,,,,,,,,,,2025-05-01 00:00:00+00:00,Joint Committee on Children and Equality,,,,,,,,,,,,,,,,,,,,,,,,,,,,,,,,,,,,,,,,,,,,,,,,,,,,,,,,,,,,,,,,,,,,,,,,,,,,,,,,,,,,,,,,,,,,,,,,2025-05-01 00:00:00+00:00,Select Committee on Children and Equality,,,,,,,,,,,,,,,,,,,,,,,,,,,,,,,,,,,,,,,,,,,,,,,,,,,,,,,false,2026
Mairéad-Farrell.D.2020-02-08,Mairéad,Farrell,Mairéad Farrell,,2024-11-29,Sinn Féin,Sinn_Féin,,2024-11-29,Standing,,2025-01-29 00:00:00+00:00,Working Group of Committee Cathaoirligh,Live - Primary,Live,The Committee System and Parliamentary Administration,,2025-02-12 00:00:00+00:00,,2025-05-07 00:00:00+00:00,Sessional,,2025-05-01 00:00:00+00:00,"Joint Committee on Finance, Public Expenditure, Public Service Reform and Digitalisation, and Taoiseach",Live - Primary,Live,,2025-05-07 00:00:00+00:00,Shadow Department,,2025-05-07 00:00:00+00:00,Standing,,2024-11-29 00:00:00+00:00,Committee on Budgetary Oversight,Live - Primary,Live,,2024-12-18 00:00:00+00:00,Oversight,,2025-05-07 00:00:00+00:00,Galway-West,Galway West,dail,house,34th Dáil,34,,,,,,,,Sessional,,2025-05-01 00:00:00+00:00,"Select Committee on Finance, Public Expenditure, Public Service Reform and Digitalisation, and Taoiseach",Live - Primary,Live,,2025-04-30 00:00:00+00:00,Shadow Department,,2025-05-07 00:00:00+00:00,,,,,,,,,,,,,,,,,,,,,,,,,,,,,,,,,,,,,,,,,,,,,,,,,,,,,,,2025-05-07 00:00:00+00:00,Cathaoirleach,,2025-05-07 00:00:00+00:00,Cathaoirleach,,,,,,,,,,,,,,,,,,,,,,,,,,,,,,,,,,,,,,,,,,,,,,,,,,,,,,,,,,,,,,,,,,,,,,,,,,,,,,,,,,,,,,,,,,,,,,,,,,,false,2020
Aidan-Farrelly.D.2024-11-29,Aidan,Farrelly,Aidan Farrelly,,2024-11-29,Social Democrats,Social_Democrats,,2024-11-29,Sessional,,2025-05-01 00:00:00+00:00,Joint Committee on Children and Equality,Live - Primary,Live,Shadow Department,,2025-05-13 00:00:00+00:00,2026-07-01 00:00:00+00:00,2025-05-07 00:00:00+00:00,Standing,,2024-11-29 00:00:00+00:00,Committee of Public Accounts,Live - Primary,Live,,2024-12-18 00:00:00+00:00,Oversight,,2025-05-07 00:00:00+00:00,Sessional,,2025-05-01 00:00:00+00:00,Select Committee on Children and Equality,Live - Primary,Live,,2025-04-30 00:00:00+00:00,Shadow Department,2026-07-01 00:00:00+00:00,2025-05-07 00:00:00+00:00,Kildare-North,Kildare North,dail,house,34th Dáil,34,,,,,,,,,,,,,,,,,,,,,,,2025-05-01 00:00:00+00:00,Joint Committee on Children and Equality,,,,,,,,,,,,,,,,,,,,,,,,,,,,,,,,,,,,,,,,,,,,,,,,,,,,,,,,,,,,,,,,,,,,,,,,,,,,,,,,,,,,,,,,,,,,,,,,,,,,,,,,,,,,,,,,,,,,,,,,,,,,,,,,,,2025-05-01 00:00:00+00:00,Select Committee on Children and Equality,,,,,,,,,,,,,,,,,,,,,false,2024
Frank-Feighan.S.2002-09-12,Frankie,Feighan,Frankie Feighan,,2024-11-29,Fine Gael,Fine_Gael,,2024-11-29,Sessional,,2025-05-01 00:00:00+00:00,"Joint Committee on Further and Higher Education, Research, Innovation and Science",Live - Primary,Live,Shadow Department,,2025-05-13 00:00:00+00:00,2025-11-18 00:00:00+00:00,2025-05-07 00:00:00+00:00,Standing,,2025-01-29 00:00:00+00:00,Joint Committee on Remit Oversight,Live - Primary,Live,,2025-02-12 00:00:00+00:00,Parliamentary Regulation and Reform,2025-11-18 00:00:00+00:00,2025-05-21 00:00:00+00:00,Sessional,,2025-05-01 00:00:00+00:00,"Select Committee on Further and Higher Education, Research, Innovation and Science",Live - Primary,Live,,2025-04-30 00:00:00+00:00,Shadow Department,2025-11-18 00:00:00+00:00,2025-05-07 00:00:00+00:00,Sligo-Leitrim,Sligo-Leitrim,dail,house,34th Dáil,34,,,,,,,,Standing,,2024-11-29 00:00:00+00:00,Committee on Standing Orders and Dáil Reform,Live - Primary,Live,,2024-12-18 00:00:00+00:00,Parliamentary Regulation and Reform,2025-11-18 00:00:00+00:00,2025-01-24 00:00:00+00:00,,2025-11-19,"Minister of State at the Department of Public Expenditure, Infrastructure, Public Service Reform and Digitalisation",,,,,,,Standing,,2024-11-29 00:00:00+00:00,Committee on Parliamentary Privileges and Oversight (Dáil Éireann),Live - Primary,Live,,2024-12-18 00:00:00+00:00,Parliamentary Regulation and Reform,2025-11-18 00:00:00+00:00,2025-05-21 00:00:00+00:00,Standing,,2025-01-29 00:00:00+00:00,Committee on Remit Oversight (Dáil Éireann),Live - Primary,Live,,2024-12-18 00:00:00+00:00,Parliamentary Regulation and Reform,2025-11-18 00:00:00+00:00,2025-05-21 00:00:00+00:00,,,,,,,,,,,,,,,,,,,,,,,,,,,,,,,,,,,,,,,,,,,,,,,,,,,,,,,,,,,,,,,,,,,,,,,,,,,,,,,,,,,,,,,,,,,,,,,,,,,,,,,,,,,,,,,,,,,,,,,,,,,,,,,true,2002
Michael-Fitzmaurice.D.2014-10-10,Michael,Fitzmaurice,Michael Fitzmaurice,,2024-11-29,Independent Ireland,Independent_Ireland,,2024-11-29,Sessional,,2025-05-01 00:00:00+00:00,Joint Committee on Agriculture and Food,Live - Primary,Live,Shadow Department,,2025-05-07 00:00:00+00:00,,2025-05-07 00:00:00+00:00,Sessional,,2025-05-01 00:00:00+00:00,Select Committee on Agriculture and Food,Live - Primary,Live,,2025-04-30 00:00:00+00:00,Shadow Department,,2025-05-07 00:00:00+00:00,,,,,,,,,,,,Roscommon-Galway,Roscommon-Galway,dail,house,34th Dáil,34,,,,,,,,,,,,,,,,,,,,,,,,,,,,,,,,,,,,,,,,,,,,,,,,,,,,,,,,,,,,,,,,,,,,,,,,,,,,,,,,,,,,,,,,,,,,,,,,,,,,,,,,,,,,,,,,,,,,,,,,,,,,,,,,,,,,,,,,,,,,,,,,,,,,,,,,,,,,,,,,,,,,,,,,,,,,,,,,false,2014
Seán-Fleming.D.1997-06-26,Sean,Fleming,Sean Fleming,,2024-11-29,Fianna Fáil,Fianna_Fáil,,2024-11-29,Standing,,2025-01-29 00:00:00+00:00,Working Group of Committee Cathaoirligh,Live - Primary,Live,The Committee System and Parliamentary Administration,,2025-02-12 00:00:00+00:00,,2025-02-19 00:00:00+00:00,Sessional,,2025-05-01 00:00:00+00:00,Joint Committee on Infrastructure and National Development Plan Delivery,Live - Primary,Live,,2025-05-07 00:00:00+00:00,Shadow Department,,2025-05-07 00:00:00+00:00,Standing,,2024-11-29 00:00:00+00:00,Committee of Selection (Dáil Éireann),Live - Primary,Live,,2024-12-18 00:00:00+00:00,Parliamentary Business and Committee Membership,,2025-05-13 00:00:00+00:00,Laois,Laois,dail,house,34th Dáil,34,,,2025-05-13 00:00:00+00:00,Cathaoirleach,,,,Standing,,2024-11-29 00:00:00+00:00,Business Committee (Dáil Éireann),Live - Primary,Live,,2024-12-18 00:00:00+00:00,Parliamentary Business and Committee Membership,,2025-05-13 00:00:00+00:00,,,,,,,,,,Sessional,,2025-05-01 00:00:00+00:00,Select Committee on Infrastructure and National Development Plan Delivery,Live - Primary,Live,,2025-04-30 00:00:00+00:00,Shadow Department,,2025-05-07 00:00:00+00:00,Standing transitional,,2025-01-21 16:29:34.896666+00:00,Select Committee on Subsidiarity (European Union Legislative Scrutiny),Dissolved,Dissolved,2025-05-07 00:00:00+00:00,2025-01-23 00:00:00+00:00,Shadow Department,2025-05-07 00:00:00+00:00,2025-02-13 00:00:00+00:00,Standing,,2024-11-29 00:00:00+00:00,Committee on Budgetary Oversight,Live - Primary,Live,,2024-12-18 00:00:00+00:00,Oversight,,2025-05-07 00:00:00+00:00,,,,,,,,,,,,,2025-05-07 00:00:00+00:00,Cathaoirleach,,,,,,,,,,,,,,,,,,,,,,,,,,,,,,,,,,2025-05-07 00:00:00+00:00,Cathaoirleach,2025-05-07 00:00:00+00:00,2025-02-19 00:00:00+00:00,Cathaoirleach,,,,,,,,,,,,,,,,,,,,,,,,,,,,,,,,,,,,,,,,,,,,,,,,,,,,,,,,,,,,,,,,false,1997
Norma-Foley.D.2020-02-08,Norma,Foley,Norma Foley,,2024-11-29,Fianna Fáil,Fianna_Fáil,,2024-11-29,,,,,,,,,,,,,,,,,,,,,,,,,,,,,,,,,,Kerry,Kerry,dail,house,34th Dáil,34,,,,,,,,,,,,,,,,,,,2025-05-01,2025-01-23,"Minister for Children, Equality, Disability, Integration and Youth",,,,,,,,,,,,,,,,,,,,,,,,,,,,,,,,,,,,,,,,,,,,,,,,,,,,,,,,,,,,,,,,,,,,,,,,,,,,,,,,,,,,2025-05-02,"Minister for Children, Disability and Equality",,,,,,,,,,,,,,,,,,,,,,,,,,,,,,,,,,,,,,,,,,,,,,,,,,,,,,,,,,,,,,,,,,,,,,true,2020
Pat-the-Cope-Gallagher.D.1981-06-30,Pat the Cope,Gallagher,Pat the Cope Gallagher,,2024-11-29,Fianna Fáil,Fianna_Fáil,,2024-11-29,Sessional,,2025-05-01 00:00:00+00:00,Joint Committee on Fisheries and Maritime Affairs,Live - Primary,Live,Shadow Department,,2025-05-07 00:00:00+00:00,,2025-05-07 00:00:00+00:00,Sessional,,2025-05-01 00:00:00+00:00,"Joint Committee on Social Protection, Rural and Community Development",Live - Primary,Live,,2025-05-13 00:00:00+00:00,Shadow Department,,2025-05-07 00:00:00+00:00,Sessional,,2025-05-01 00:00:00+00:00,Select Committee on Fisheries and Maritime Affairs,Live - Primary,Live,,2025-04-30 00:00:00+00:00,Shadow Department,,2025-05-07 00:00:00+00:00,Donegal,Donegal,dail,house,34th Dáil,34,,,2025-05-20 00:00:00+00:00,Leas-Chathaoirleach,,2025-05-20 00:00:00+00:00,Leas-Chathaoirleach,Sessional,,2025-05-01 00:00:00+00:00,"Select Committee on Social Protection, Rural and Community Development",Live - Primary,Live,,2025-04-30 00:00:00+00:00,Shadow Department,,2025-05-07 00:00:00+00:00,,,,,,,,,,,,,,,,,,,,,,,,,,,,,,,,,,,,,,,,,,,,,,,,,,,,,,,,,,,,,,,,,,,,,,,,,,,,,,,,,,,,,,,,,,,,,,,,,,,,,,,,,,,,,,,,,,,,,,,,,,,,,,,,,,,,,,,,,,,,,,,,,,,,,,,,,,,,,,false,1981
Gary-Gannon.D.2020-02-08,Gary,Gannon,Gary Gannon,,2024-11-29,Social Democrats,Social_Democrats,,2024-11-29,Special,,2025-05-01 00:00:00+00:00,Joint Committee on Drugs Use,Dissolved,Dissolved,Policy,2026-06-24 00:00:00+00:00,2025-05-13 00:00:00+00:00,2026-06-24 00:00:00+00:00,2025-05-07 00:00:00+00:00,Standing,,2025-01-29 00:00:00+00:00,Working Group of Committee Cathaoirligh,Live - Primary,Live,,2025-02-12 00:00:00+00:00,The Committee System and Parliamentary Administration,2026-06-24 00:00:00+00:00,2025-05-07 00:00:00+00:00,Sessional,,2025-05-01 00:00:00+00:00,"Joint Committee on Justice, Home Affairs and Migration",Live - Primary,Live,,2025-05-13 00:00:00+00:00,Shadow Department,,2025-05-07 00:00:00+00:00,Dublin-Central,Dublin Central,dail,house,34th Dáil,34,,2026-06-24 00:00:00+00:00,2025-05-07 00:00:00+00:00,Cathaoirleach,,,,Sessional,,2025-05-01 00:00:00+00:00,"Select Committee on Justice, Home Affairs and Migration",Live - Primary,Live,,2025-04-30 00:00:00+00:00,Shadow Department,,2025-05-07 00:00:00+00:00,,,,,,,,,,Special,,2025-05-01 00:00:00+00:00,Select Committee on Drugs Use,Live - Primary,Live,,2025-04-30 00:00:00+00:00,Policy,2026-06-24 00:00:00+00:00,2025-05-07 00:00:00+00:00,,,,,,,,,,,,,,,,,,,,,,,,,,,,,,,,,,,,,,,,,,,,,,,,,,,,,,,,,,,,,,,,,,,,,2026-06-24 00:00:00+00:00,2025-05-07 00:00:00+00:00,Cathaoirleach,,,,,,,,,,,,,,,,,,,,,,,,,,,,,,,,,,,,,,,,,,,,,,,,,,,,,,,,,,,,,,,,,,,false,2020
James-Geoghegan.D.2024-11-29,James,Geoghegan,James Geoghegan,,2024-11-29,Fine Gael,Fine_Gael,,2024-11-29,Sessional,,2025-05-01 00:00:00+00:00,"Joint Committee on Further and Higher Education, Research, Innovation and Science",Live - Primary,Live,Shadow Department,,2025-05-13 00:00:00+00:00,,2026-05-26 00:00:00+00:00,Special,,2025-05-01 00:00:00+00:00,Joint Committee on Artificial Intelligence,Live - Primary,Live,,2025-05-12 00:00:00+00:00,Policy,,2025-05-07 00:00:00+00:00,Standing,,2024-11-29 00:00:00+00:00,Committee of Public Accounts,Live - Primary,Live,,2024-12-18 00:00:00+00:00,Oversight,,2025-05-07 00:00:00+00:00,Dublin-Bay-South,Dublin Bay South,dail,house,34th Dáil,34,,,,,,,,Sessional,,2025-05-01 00:00:00+00:00,"Select Committee on Further and Higher Education, Research, Innovation and Science",Live - Primary,Live,,2025-04-30 00:00:00+00:00,Shadow Department,,2026-05-26 00:00:00+00:00,,,,,,,,,,Special,,2025-05-01 00:00:00+00:00,Select Committee on Artificial Intelligence,Live - Primary,Live,,2025-04-30 00:00:00+00:00,Policy,,2025-05-07 00:00:00+00:00,,,,,,,,,,,,,,,,,,,,,,,,,,,,,,,,,,,2025-06-10 00:00:00+00:00,Leas-Chathaoirleach,,,,,,,,,,,,,,,,,,,,,,,,,,,,,,,,,,,,,,,,,,,,,,,,,,,,,,,,,,,,,,,,,,,,,,,,,,,,,,,,,,,,,,,,,,,,,,,,,,,,,,false,2024
Sinéad-Gibney.D.2024-11-29,Sinéad,Gibney,Sinéad Gibney,,2024-11-29,Social Democrats,Social_Democrats,,2024-11-29,Sessional,,2025-05-01 00:00:00+00:00,"Joint Committee on Arts, Media, Communications, Culture and Sport",Live - Primary,Live,Shadow Department,,2025-05-07 00:00:00+00:00,,2025-05-07 00:00:00+00:00,Sessional,,2025-05-01 00:00:00+00:00,Joint Committee on the Implementation of the Good Friday Agreement ,Live - Primary,Live,,2025-05-12 00:00:00+00:00,Shadow Department,,2025-05-07 00:00:00+00:00,Special,,2025-05-01 00:00:00+00:00,Joint Committee on Artificial Intelligence,Live - Primary,Live,,2025-05-12 00:00:00+00:00,Policy,,2025-05-07 00:00:00+00:00,Dublin-Rathdown,Dublin Rathdown,dail,house,34th Dáil,34,,,,,,,,Sessional,,2025-05-01 00:00:00+00:00,"Select Committee on Arts, Media, Communications, Culture and Sport",Live - Primary,Live,,2025-04-30 00:00:00+00:00,Shadow Department,,2025-05-07 00:00:00+00:00,,,,,,,,,,Sessional,,2025-05-01 00:00:00+00:00,Select Committee on the Implementation of the Good Friday Agreement ,Live - Primary,Live,,2025-04-30 00:00:00+00:00,Shadow Department,,2025-05-07 00:00:00+00:00,Special,,2025-05-01 00:00:00+00:00,Select Committee on Artificial Intelligence,Live - Primary,Live,,2025-04-30 00:00:00+00:00,Policy,,2025-05-07 00:00:00+00:00,,,,,,,,,,,,,,,,,,,,,,,,,,,,,,,,,,,,,,,,,,,,,,,,,,,,,,,,,,,,,,,,,,,,,,,,,,,,,,,,,,,,,,,,,,,,,,,,,,,,,,,,,,,,,,,,,,,,,,,,,,,,,,,false,2024
Paul-Nicholas-Gogarty.D.2002-06-06,Paul Nicholas,Gogarty,Paul Nicholas Gogarty,,2024-11-29,Independent,Independent,,2024-11-29,Sessional,,2025-05-01 00:00:00+00:00,"Joint Committee on Enterprise, Tourism and Employment",Live - Primary,Live,Shadow Department,,2025-05-13 00:00:00+00:00,,2025-05-07 00:00:00+00:00,Sessional,,2025-05-01 00:00:00+00:00,Joint Committee on European Union Affairs,Live - Primary,Live,,2025-05-13 00:00:00+00:00,Shadow Department,,2025-05-07 00:00:00+00:00,Sessional,,2025-05-01 00:00:00+00:00,"Select Committee on Enterprise, Tourism and Employment",Live - Primary,Live,,2025-04-30 00:00:00+00:00,Shadow Department,,2025-05-07 00:00:00+00:00,Dublin-Mid-West,Dublin Mid-West,dail,house,34th Dáil,34,,,,,,,,Sessional,,2025-05-01 00:00:00+00:00,Select Committee on European Union Affairs,Live - Primary,Live,,2025-04-30 00:00:00+00:00,Shadow Department,,2025-05-07 00:00:00+00:00,,,,,,,,,,,,,,,,,,,,,,,,,,,,,,,,,,,,,,,,,,,,,,,,,,,,,,,,,,,,,,,,,,,,,,,,,,,,,,,,,,,,,,,,,,,,,,,,,,,,,,,,,,,,,,,,,,,,,,,,,,,,,,,,,,,,,,,,,,,,,,,,,,,,,,,,,,,,,,false,2002
Thomas-Gould.D.2020-02-08,Thomas,Gould,Thomas Gould,,2024-11-29,Sinn Féin,Sinn_Féin,,2024-11-29,Sessional,,2025-05-01 00:00:00+00:00,"Joint Committee on Housing, Local Government and Heritage",Live - Primary,Live,Shadow Department,,2025-05-07 00:00:00+00:00,,2025-05-07 00:00:00+00:00,Sessional,,2025-05-01 00:00:00+00:00,"Select Committee on Housing, Local Government and Heritage",Live - Primary,Live,,2025-04-30 00:00:00+00:00,Shadow Department,,2025-05-07 00:00:00+00:00,,,,,,,,,,,,Cork-North-Central,Cork North-Central,dail,house,34th Dáil,34,,,,,,,,,,,,,,,,,,,,,,,,,,,,,,,,,,,,,,,,,,,,,,,,,,,,,,,,,,,,,,,,,,,,,,,,,,,,,,,,,,,,,,,,,,,,,,,,,,,,,,,,,,,,,,,,,,,,,,,,,,,,,,,,,,,,,,,,,,,,,,,,,,,,,,,,,,,,,,,,,,,,,,,,,,,,,,,,false,2020
Ann-Graves.D.2024-11-29,Ann,Graves,Ann Graves,,2024-11-29,Sinn Féin,Sinn_Féin,,2024-11-29,Special,,2025-05-01 00:00:00+00:00,Joint Committee on Drugs Use,Dissolved,Dissolved,Policy,2026-06-24 00:00:00+00:00,2025-05-13 00:00:00+00:00,2026-06-24 00:00:00+00:00,2025-05-07 00:00:00+00:00,Special,,2025-05-01 00:00:00+00:00,Select Committee on Drugs Use,Live - Primary,Live,,2025-04-30 00:00:00+00:00,Policy,2026-06-24 00:00:00+00:00,2025-05-07 00:00:00+00:00,,,,,,,,,,,,Dublin-Fingal-East,Dublin Fingal East,dail,house,34th Dáil,34,,,,,,,,,,,,,,,,,,,,,,,,,,,,,,,,,,,,,,,,,,,,,,,,,,,,,,,,,,,,,,,,,,,,,,,,,,,,,,,,,,,,,,,,,,,,,,,,,,,,,,,,,,,,,,,,,,,,,,,,,,,,,,,,,,,,,,,,,,,,,,,,,,,,,,,,,,,,,,,,,,,,,,,,,,,,,,,,false,2024
Noel-Grealish.D.2002-06-06,Noel,Grealish,Noel Grealish,,2024-11-29,Independent,Independent,,2024-11-29,,,,,,,,,,,,,,,,,,,,,,,,,,,,,,,,,,Galway-West,Galway West,dail,house,34th Dáil,34,,,,,,,,,,,,,,,,,,,,2025-01-23,"Minister of State at the Department of Agriculture, Food and the Marine",,,,,,,,,,,,,,,,,,,,,,,,,,,,,,,,,,,,,,,,,,,,,,,,,,,,,,,,,,,,,,,,,,,,,,,,,,,,,,,,,,,,,,,,,,,,,,,,,,,,,,,,,,,,,,,,,,,,,,,,,,,,,,,,,,,,,,,,,,,,,,,,,,,,,,,,,,,true,2002
Johnny-Guirke.D.2020-02-08,Johnny,Guirke,Johnny Guirke,,2024-11-29,Sinn Féin,Sinn_Féin,,2024-11-29,Sessional,,2025-05-01 00:00:00+00:00,"Joint Committee on Social Protection, Rural and Community Development",Live - Primary,Live,Shadow Department,,2025-05-13 00:00:00+00:00,,2025-05-07 00:00:00+00:00,Standing,,2024-11-29 00:00:00+00:00,Committee on Budgetary Oversight,Live - Primary,Live,,2024-12-18 00:00:00+00:00,Oversight,,2025-05-07 00:00:00+00:00,Sessional,,2025-05-01 00:00:00+00:00,"Select Committee on Social Protection, Rural and Community Development",Live - Primary,Live,,2025-04-30 00:00:00+00:00,Shadow Department,,2025-05-07 00:00:00+00:00,Meath-West,Meath West,dail,house,34th Dáil,34,,,,,,,,,,,,,,,,,,,,,,,,,,,,,,,,,,,,,,,,,,,,,,,,,,,,,,,,,,,,,,,,,,,,,,,,,,,,,,,,,,,,,,,,,,,,,,,,,,,,,,,,,,,,,,,,,,,,,,,,,,,,,,,,,,,,,,,,,,,,,,,,,,,,,,,,,,,,,,,,,,,,,,,,,,,,,,,,false,2020
Marian-Harkin.D.2002-06-06,Marian,Harkin,Marian Harkin,,2024-11-29,Independent,Independent,,2024-11-29,,,,,,,,,,,,,,,,,,,,,,,,,,,,,,,,,,Sligo-Leitrim,Sligo-Leitrim,dail,house,34th Dáil,34,,,,,,,,,,,,,,,,,,,,2025-02-25,"Minister of State at the Department of Further and Higher Education, Research, Innovation and Science",,,,,,,,,,,,,,,,,,,,,,,,,,,,,,,,,,,,,,,,,,,,,,,,,,,,,,,,,,,,,,,,,,,,,,,,,,,,,,,,,,,,,,,,,,,,,,,,,,,,,,,,,,,,,,,,,,,,,,,,,,,,,,,,,,,,,,,,,,,,,,,,,,,,,,,,,,,true,2002
Simon-Harris.D.2011-03-09,Simon,Harris,Simon Harris,,2024-11-29,Fine Gael,Fine_Gael,,2024-11-29,,,,,,,,,,,,,,,,,,,,,,,,,,,,,,,,,,Wicklow,Wicklow,dail,house,34th Dáil,34,,,,,,,,,,,,,,,,,,,2025-01-22,2024-11-29,Taoiseach,,,,,,,,,,,,,,,,,,,,,,,,,,,,,,,,,,,,,,,,,,,,,,,,,,,,,,,,,,,,,,,,,,,,,,,,,,,,,,,,,,,2025-03-25,2025-01-23,Minister for Defence,,,,,,,2025-11-18,2025-03-26,Minister for Defence,2025-11-18,2025-03-26,Minister for Foreign Affairs and Trade,,,,,,,,,,,,,,,,,,,,,,,,,,,,,,,,,,,,,,2025-03-25,2025-01-23,Minister for Foreign Affairs,,2025-11-18,Minister for Finance,,,,,,,,,,,,,,,false,2011
Eoin-Hayes.D.2024-11-29,Eoin,Hayes,Eoin Hayes,2025-01-10,2024-11-29,Social Democrats,Social_Democrats,,2024-11-29,Sessional,,2025-05-01 00:00:00+00:00,"Joint Committee on Social Protection, Rural and Community Development",Live - Primary,Live,Shadow Department,,2025-05-13 00:00:00+00:00,,2025-10-22 00:00:00+00:00,Standing,,2025-01-29 00:00:00+00:00,Joint Committee on Public Petitions and the Ombudsmen,Live - Primary,Live,,2025-02-12 00:00:00+00:00,Oversight,,2025-10-22 00:00:00+00:00,Sessional,,2025-05-01 00:00:00+00:00,"Select Committee on Social Protection, Rural and Community Development",Live - Primary,Live,,2025-04-30 00:00:00+00:00,Shadow Department,,2025-10-22 00:00:00+00:00,Dublin-Bay-South,Dublin Bay South,dail,house,34th Dáil,34,,,,,,,,Standing,,2025-01-29 00:00:00+00:00,Select Committee on Public Petitions and the Ombudsmen,Live - Primary,Live,,2025-02-12 00:00:00+00:00,Oversight,,2025-10-22 00:00:00+00:00,,,,,,,,,,,,,,,,,,,,,,,,,,,,,,,,,,,,,,,,,,,,,,,,,,,,,,,,,,,,,,,,,,,,,,,,,,,,,,,,,,,,,,,,,,,,,,,,,,,,,,,,,,,,,,,,,,,,,,,,,,,,,,,,,,,,,,,,,,,,,,,,2025-04-10,2025-01-10,Independent,Independent,,2025-04-10,Social Democrats,Social_Democrats,,,,,,,false,2024
Seamus-Healy.D.2000-06-22,Seamus,Healy,Seamus Healy,,2024-11-29,Independent,Independent,,2024-11-29,Sessional,,2025-05-01 00:00:00+00:00,Joint Committee on Disability Matters,Live - Primary,Live,Shadow Department,,2025-05-13 00:00:00+00:00,,2025-05-07 00:00:00+00:00,Sessional,,2025-05-01 00:00:00+00:00,Select Committee on Disability Matters,Live - Primary,Live,,2025-04-30 00:00:00+00:00,Shadow Department,,2025-05-07 00:00:00+00:00,,,,,,,,,,,,Tipperary-South,Tipperary South,dail,house,34th Dáil,34,,,,,,,,,,,,,,,,,,,,,,,,,,,,,,,,,,,,,,,,,,,,,,,,,,,,,,,,,,,,,,,,,,,,,,,,,,,,,,,,,,,,,,,,,,,,,,,,,,,,,,,,,,,,,,,,,,,,,,,,,,,,,,,,,,,,,,,,,,,,,,,,,,,,,,,,,,,,,,,,,,,,,,,,,,,,,,,,false,2000
Danny-Healy-Rae.D.2016-10-03,Danny,Healy-Rae,Danny Healy-Rae,,2024-11-29,Independent,Independent,,2024-11-29,Sessional,,2025-05-01 00:00:00+00:00,Joint Committee on Agriculture and Food,Live - Primary,Live,Shadow Department,,2025-05-07 00:00:00+00:00,2026-04-21 00:00:00+00:00,2025-05-07 00:00:00+00:00,Sessional,,2025-05-01 00:00:00+00:00,Select Committee on Agriculture and Food,Live - Primary,Live,,2025-04-30 00:00:00+00:00,Shadow Department,2026-04-21 00:00:00+00:00,2025-05-07 00:00:00+00:00,,,,,,,,,,,,Kerry,Kerry,dail,house,34th Dáil,34,,,,,,,,,,,,,,,,,,,,,,,,,,,,,,,,,,,,,,,,,,,,,,,,,,,,,,,,,,,,,,,,,,,,,,,,,,,,,,,,,,,,,,,,,,,,,,,,,,,,,,,,,,,,,,,,,,,,,,,,,,,,,,,,,,,,,,,,,,,,,,,,,,,,,,,,,,,,,,,,,,,,,,,,,,,,,,,,false,2016
Michael-Healy-Rae.D.2011-03-09,Michael,Healy-Rae,Michael Healy-Rae,,2024-11-29,Independent,Independent,,2024-11-29,,,,,,,,,,,,,,,,,,,,,,,,,,,,,,,,,,Kerry,Kerry,dail,house,34th Dáil,34,,,,,,,,,,,,,,,,,,,2026-04-14,2025-01-29,"Minister of State at the Department of Agriculture, Food and the Marine",,,,,,,,,,,,,,,,,,,,,,,,,,,,,,,,,,,,,,,,,,,,,,,,,,,,,,,,,,,,,,,,,,,,,,,,,,,,,,,,,,,,,,,,,,,,,,,,,,,,,,,,,,,,,,,,,,,,,,,,,,,,,,,,,,,,,,,,,,,,,,,,,,,,,,,,,,,true,2011
Rory-Hearne.D.2024-11-29,Rory,Hearne,Rory Hearne,,2024-11-29,Social Democrats,Social_Democrats,,2024-11-29,Sessional,,2025-05-01 00:00:00+00:00,"Joint Committee on Housing, Local Government and Heritage",Live - Primary,Live,Shadow Department,,2025-05-07 00:00:00+00:00,,2025-05-07 00:00:00+00:00,Standing,,2025-01-29 00:00:00+00:00,Joint Committee on Public Petitions and the Ombudsmen,Live - Primary,Live,,2025-02-12 00:00:00+00:00,Oversight,2025-10-22 00:00:00+00:00,2025-05-07 00:00:00+00:00,Sessional,,2025-05-01 00:00:00+00:00,"Select Committee on Housing, Local Government and Heritage",Live - Primary,Live,,2025-04-30 00:00:00+00:00,Shadow Department,,2025-05-07 00:00:00+00:00,Dublin-North-West,Dublin North-West,dail,house,34th Dáil,34,,,,,,,,Standing,,2025-01-29 00:00:00+00:00,Select Committee on Public Petitions and the Ombudsmen,Live - Primary,Live,,2025-02-12 00:00:00+00:00,Oversight,2025-10-22 00:00:00+00:00,2025-05-07 00:00:00+00:00,,,,,,,,,,,,,,,,,,,,,,,,,,,,,,,,,,,,,,,,,,,,,,,,,,,,,,,,,,,,,,,,,,,,,,,,,,,,,,,,,,,,,,,,,,,,,,,,,,,,,,,,,,,,,,,,,,,,,,,,,,,,,,,,,,,,,,,,,,,,,,,,,,,,,,,,,,,,,,false,2024
Barry-Heneghan.D.2024-11-29,Barry,Heneghan,Barry Heneghan,,2024-11-29,Independent,Independent,,2024-11-29,Sessional,,2025-05-01 00:00:00+00:00,"Joint Committee on Climate, Environment and Energy",Live - Primary,Live,Shadow Department,,2025-05-13 00:00:00+00:00,,2025-05-07 00:00:00+00:00,Sessional,,2025-05-01 00:00:00+00:00,"Select Committee on Climate, Environment and Energy",Live - Primary,Live,,2025-04-30 00:00:00+00:00,Shadow Department,,2025-05-07 00:00:00+00:00,,,,,,,,,,,,Dublin-Bay-North,Dublin Bay North,dail,house,34th Dáil,34,,,,,,,,,,,,,,,,,,,,,,,,,,,,,,,,,,,,,,,,,,,,,,,,,,,,,,,,,,,,,,,,,,,,,,,,,,,,,,,,,,,,,,,,,,,,,,,,,,,,,,,,,,,,,,,,,,,,,,,,,,,,,,,,,,,,,,,,,,,,,,,,,,,,,,,,,,,,,,,,,,,,,,,,,,,,,,,,false,2024
Martin-Heydon.D.2011-03-09,Martin,Heydon,Martin Heydon,,2024-11-29,Fine Gael,Fine_Gael,,2024-11-29,,,,,,,,,,,,,,,,,,,,,,,,,,,,,,,,,,Kildare-South,Kildare South,dail,house,34th Dáil,34,,,,,,,,,,,,,,,,,,,,2025-01-23,"Minister for Agriculture, Food and the Marine",,,,,,,,,,,,,,,,,,,,,,,,,,,,,,,,,,,,,,,,,,,,,,,,,,,,,,,,,,,,,,,,,,,,,,,,,,,,,,,,,,,,,,,,,,,,,,,,,,,,,,,,,,,,,,,,,,,,,,,,,,,,,,,,,,,,,,,,,,,,,,,,,,,,,,,,,,,true,2011
Emer-Higgins.D.2020-02-08,Emer,Higgins,Emer Higgins,,2024-11-29,Fine Gael,Fine_Gael,,2024-11-29,,,,,,,,,,,,,,,,,,,,,,,,,,,,,,,,,,Dublin-Mid-West,Dublin Mid-West,dail,house,34th Dáil,34,,,,,,,,,,,,,,,,,,,2025-11-18,2025-06-05,"Minister of State at the Department of Public Expenditure, Infrastructure, Public Service Reform and Digitalisation",,,,,,,,,,,,,,,,,,,,,,,,,,,,,,,,,,,,,,,,,,,,,,,,,,,,,,,,,,,,,,,,,,,,,,,,,,,,,,,,,,,2025-06-04,2025-01-29,"Minister of State at the Department of Public Expenditure, National Development Plan Delivery and Reform",,,,,,,,2025-11-19,"Minister of State at the Department of Children, Disability and Equality",,,,,,,,,,,,,,,,,,,,,,,,,,,,,,,,,,,,,,,,,,,,,,,,,,,,,,,,,,,,,true,2020
Alan-Kelly.S.2007-07-23,Alan,Kelly,Alan Kelly,,2024-11-29,Labour Party,Labour_Party,,2024-11-29,Sessional,,2025-05-01 00:00:00+00:00,"Joint Committee on Arts, Media, Communications, Culture and Sport",Live - Primary,Live,Shadow Department,,2025-05-07 00:00:00+00:00,,2025-05-07 00:00:00+00:00,Sessional,,2025-05-01 00:00:00+00:00,"Joint Committee on Justice, Home Affairs and Migration",Live - Primary,Live,,2025-05-13 00:00:00+00:00,Shadow Department,,2025-05-07 00:00:00+00:00,Standing,,2025-01-29 00:00:00+00:00,Working Group of Committee Cathaoirligh,Live - Primary,Live,,2025-02-12 00:00:00+00:00,The Committee System and Parliamentary Administration,,2025-05-07 00:00:00+00:00,Tipperary-North,Tipperary North,dail,house,34th Dáil,34,,,2025-05-07 00:00:00+00:00,Cathaoirleach,,,,Sessional,,2025-05-01 00:00:00+00:00,"Select Committee on Justice, Home Affairs and Migration",Live - Primary,Live,,2025-04-30 00:00:00+00:00,Shadow Department,,2025-05-07 00:00:00+00:00,,,,,,,,,,Sessional,,2025-05-01 00:00:00+00:00,"Select Committee on Arts, Media, Communications, Culture and Sport",Live - Primary,Live,,2025-04-30 00:00:00+00:00,Shadow Department,,2025-05-07 00:00:00+00:00,,,,,,,,,,,,,,,,,,,,,,,,,,,,,,,,,,,,,,,,,,,,,,,,,,,,,,,,,,,,,,,,,,,,,,2025-05-07 00:00:00+00:00,Cathaoirleach,,,,,,,,,,,,,,,,,,,,,,,,,,,,,,,,,,,,,,,,,,,,,,,,,,,,,,,,,,,,,,,,,,,false,2007
Eoghan-Kenny.D.2024-11-29,Eoghan,Kenny,Eoghan Kenny,,2024-11-29,Labour Party,Labour_Party,,2024-11-29,Sessional,,2025-05-01 00:00:00+00:00,"Joint Committee on Further and Higher Education, Research, Innovation and Science",Live - Primary,Live,Shadow Department,,2025-05-13 00:00:00+00:00,,2025-05-07 00:00:00+00:00,Standing,,2024-11-29 00:00:00+00:00,Committee of Public Accounts,Live - Primary,Live,,2024-12-18 00:00:00+00:00,Oversight,,2025-05-07 00:00:00+00:00,Sessional,,2025-05-01 00:00:00+00:00,"Select Committee on Further and Higher Education, Research, Innovation and Science",Live - Primary,Live,,2025-04-30 00:00:00+00:00,Shadow Department,,2025-05-07 00:00:00+00:00,Cork-North-Central,Cork North-Central,dail,house,34th Dáil,34,,,,,,,,,,,,,,,,,,,,,,,,,,,,,,,,,,,,,,,,,,,,,,,,,,,,,,,,,,,,,,,,,,,,,,,,,,,,,,,,,,,,,,,,,,,,,,,,,,,,,,,,,,,,,,,,,,,,,,,,,,,,,,,,,,,,,,,,,,,,,,,,,,,,,,,,,,,,,,,,,,,,,,,,,,,,,,,,false,2024
Martin-Kenny.D.2016-10-03,Martin,Kenny,Martin Kenny,,2024-11-29,Sinn Féin,Sinn_Féin,,2024-11-29,Sessional,,2025-05-01 00:00:00+00:00,Joint Committee on Agriculture and Food,Live - Primary,Live,Shadow Department,,2025-05-07 00:00:00+00:00,,2025-05-07 00:00:00+00:00,Sessional,,2025-05-01 00:00:00+00:00,Select Committee on Agriculture and Food,Live - Primary,Live,,2025-04-30 00:00:00+00:00,Shadow Department,,2025-05-07 00:00:00+00:00,,,,,,,,,,,,Sligo-Leitrim,Sligo-Leitrim,dail,house,34th Dáil,34,,,,,,,,,,,,,,,,,,,,,,,,,,,,,,,,,,,,,,,,,,,,,,,,,,,,,,,,,,,,,,,,,,,,,,,,,,,,,,,,,,,,,,,,,,,,,,,,,,,,,,,,,,,,,,,,,,,,,,,,,,,,,,,,,,,,,,,,,,,,,,,,,,,,,,,,,,,,,,,,,,,,,,,,,,,,,,,,false,2016
Keira-Keogh.D.2024-11-29,Keira,Keogh,Keira Keogh,,2024-11-29,Fine Gael,Fine_Gael,,2024-11-29,Standing,,2025-01-29 00:00:00+00:00,Working Group of Committee Cathaoirligh,Live - Primary,Live,The Committee System and Parliamentary Administration,,2025-02-12 00:00:00+00:00,,2025-05-07 00:00:00+00:00,Sessional,,2025-05-01 00:00:00+00:00,Joint Committee on Disability Matters,Live - Primary,Live,,2025-05-13 00:00:00+00:00,Shadow Department,,2025-05-07 00:00:00+00:00,Sessional,,2025-05-01 00:00:00+00:00,Joint Committee on Children and Equality,Live - Primary,Live,,2025-05-13 00:00:00+00:00,Shadow Department,,2025-05-07 00:00:00+00:00,Mayo,Mayo,dail,house,34th Dáil,34,,,,,,2025-05-07 00:00:00+00:00,Cathaoirleach,Special,,2025-05-01 00:00:00+00:00,Joint Committee on Artificial Intelligence,Live - Primary,Live,,2025-05-12 00:00:00+00:00,Policy,,2025-05-07 00:00:00+00:00,,,,,,,,,,Sessional,,2025-05-01 00:00:00+00:00,Select Committee on Disability Matters,Live - Primary,Live,,2025-04-30 00:00:00+00:00,Shadow Department,,2025-05-07 00:00:00+00:00,Sessional,,2025-05-01 00:00:00+00:00,Select Committee on Children and Equality,Live - Primary,Live,,2025-04-30 00:00:00+00:00,Shadow Department,,2025-05-07 00:00:00+00:00,Standing,,2024-11-29 00:00:00+00:00,Committee on Standing Orders and Dáil Reform,Live - Primary,Live,,2024-12-18 00:00:00+00:00,Parliamentary Regulation and Reform,,2025-01-24 00:00:00+00:00,Special,,2025-05-01 00:00:00+00:00,Select Committee on Artificial Intelligence,Live - Primary,Live,,2025-04-30 00:00:00+00:00,Policy,,2025-05-07 00:00:00+00:00,,,,,,,,,,,,,,,,,,,,,,,,,,,,,,,,,,,,,,,,2025-05-07 00:00:00+00:00,Cathaoirleach,,,,,,,,,,,,,,,,,,,,,,,,,,,,,,,,,,,,,,,2025-05-01 00:00:00+00:00,Select Committee on Children and Equality,,2025-05-01 00:00:00+00:00,Joint Committee on Children and Equality,,,,,,,,,,,,,,,,,,,,,false,2024
Claire-Kerrane.D.2020-02-08,Claire,Kerrane,Claire Kerrane,,2024-11-29,Sinn Féin,Sinn_Féin,,2024-11-29,Sessional,,2025-05-01 00:00:00+00:00,Joint Committee on Children and Equality,Live - Primary,Live,Shadow Department,,2025-05-13 00:00:00+00:00,,2025-05-07 00:00:00+00:00,Sessional,,2025-05-01 00:00:00+00:00,Joint Committee on Disability Matters,Live - Primary,Live,,2025-05-13 00:00:00+00:00,Shadow Department,2025-05-28 00:00:00+00:00,2025-05-07 00:00:00+00:00,Sessional,,2025-05-01 00:00:00+00:00,Select Committee on Children and Equality,Live - Primary,Live,,2025-04-30 00:00:00+00:00,Shadow Department,,2025-05-07 00:00:00+00:00,Roscommon-Galway,Roscommon-Galway,dail,house,34th Dáil,34,,,,,,,,Sessional,,2025-05-01 00:00:00+00:00,Select Committee on Disability Matters,Live - Primary,Live,,2025-04-30 00:00:00+00:00,Shadow Department,2025-05-28 00:00:00+00:00,2025-05-07 00:00:00+00:00,,,,,2025-05-01 00:00:00+00:00,Joint Committee on Children and Equality,,,,,,,,,,,,,,,,,,,,,,,,,,,,,,,,,,,,,,,,,,,,,,,,,,,,,,,,,,,,,,,,,,,,,,,,,,,,,,,,,,,,,,,,,,,,,,,,,,,,,,,,,,,,,,,,,,,,,,,,,,,,,,,,,,2025-05-01 00:00:00+00:00,Select Committee on Children and Equality,,,,,,,,,,,,,,,,,,,,,false,2020
Seán-Kyne.D.2011-03-09,Seán,Kyne,Seán Kyne,,2026-05-25,Fine Gael,Fine_Gael,,2026-05-25,,,,,,,,,,,,,,,,,,,,,,,,,,,,,,,,,,Galway-West,Galway West,dail,house,34th Dáil,34,,,,,,,,,,,,,,,,,,,,,,,,,,,,,,,,,,,,,,,,,,,,,,,,,,,,,,,,,,,,,,,,,,,,,,,,,,,,,,,,,,,,,,,,,,,,,,,,,,,,,,,,,,,,,,,,,,,,,,,,,,,,,,,,,,,,,,,,,,,,,,,,,,,,,,,,,,,,,,,,,,,,,,,,,,,,,,,,false,2011
John-Lahart.D.2016-10-03,John,Lahart,John Lahart,,2024-11-29,Fianna Fáil,Fianna_Fáil,,2024-11-29,Sessional,,2025-05-01 00:00:00+00:00,Joint Committee on Foreign Affairs and Trade,Live - Primary,Live,Shadow Department,,2025-05-07 00:00:00+00:00,,2025-05-07 00:00:00+00:00,Sessional,,2025-05-01 00:00:00+00:00,Joint Committee on European Union Affairs,Live - Primary,Live,,2025-05-13 00:00:00+00:00,Shadow Department,,2025-05-07 00:00:00+00:00,Standing,,2025-01-29 00:00:00+00:00,Working Group of Committee Cathaoirligh,Live - Primary,Live,,2025-02-12 00:00:00+00:00,The Committee System and Parliamentary Administration,,2025-05-07 00:00:00+00:00,Dublin-South-West,Dublin South-West,dail,house,34th Dáil,34,,,2025-05-07 00:00:00+00:00,Cathaoirleach,,,,Sessional,,2025-05-01 00:00:00+00:00,Select Committee on European Union Affairs,Live - Primary,Live,,2025-04-30 00:00:00+00:00,Shadow Department,,2025-05-07 00:00:00+00:00,,,,,,,,,,Standing,,2024-11-29 00:00:00+00:00,Committee on Standing Orders and Dáil Reform,Live - Primary,Live,,2024-12-18 00:00:00+00:00,Parliamentary Regulation and Reform,2025-07-17 00:00:00+00:00,2025-01-24 00:00:00+00:00,Standing,,2024-11-29 00:00:00+00:00,Committee on Members' Interests of Dáil Éireann,Live - Primary,Live,,2024-12-18 00:00:00+00:00,Statutory,,2025-05-07 00:00:00+00:00,Sessional,,2025-05-01 00:00:00+00:00,Select Committee on Foreign Affairs and Trade,Live - Primary,Live,,2025-04-30 00:00:00+00:00,Shadow Department,,2025-05-07 00:00:00+00:00,,,,,,,,,,,,,,,,,,,2025-05-07 00:00:00+00:00,Cathaoirleach,,,,,,,,,,,,,,,,,,,,,,,,,,,,,,,,,,,,,,,,,,,,,,,,,,,,,,,,,,,,,,,,,,,,,,,,,,,,,,,,,,,,,,,,,,,,,,,,false,2016
James-Lawless.D.2016-10-03,James,Lawless,James Lawless,,2024-11-29,Fianna Fáil,Fianna_Fáil,,2024-11-29,,,,,,,,,,,,,,,,,,,,,,,,,,,,,,,,,,Kildare-North,Kildare North,dail,house,34th Dáil,34,,,,,,,,,,,,,,,,,,,,2025-01-23,"Minister for Further and Higher Education, Research, Innovation and Science",,,,,,,,,,,,,,,,,,,,,,,,,,,,,,,,,,,,,,,,,,,,,,,,,,,,,,,,,,,,,,,,,,,,,,,,,,,,,,,,,,,,,,,,,,,,,,,,,,,,,,,,,,,,,,,,,,,,,,,,,,,,,,,,,,,,,,,,,,,,,,,,,,,,,,,,,,,true,2016
Paul-Lawless.D.2024-11-29,Paul,Lawless,Paul Lawless,,2024-11-29,Aontú,Aontú,,2024-11-29,Sessional,,2025-05-01 00:00:00+00:00,Joint Committee on Agriculture and Food,Live - Primary,Live,Shadow Department,,2025-05-07 00:00:00+00:00,,2025-05-07 00:00:00+00:00,Sessional,,2025-05-01 00:00:00+00:00,Select Committee on Agriculture and Food,Live - Primary,Live,,2025-04-30 00:00:00+00:00,Shadow Department,,2025-05-07 00:00:00+00:00,,,,,,,,,,,,Mayo,Mayo,dail,house,34th Dáil,34,,,,,,,,,,,,,,,,,,,,,,,,,,,,,,,,,,,,,,,,,,,,,,,,,,,,,,,,,,,,,,,,,,,,,,,,,,,,,,,,,,,,,,,,,,,,,,,,,,,,,,,,,,,,,,,,,,,,,,,,,,,,,,,,,,,,,,,,,,,,,,,,,,,,,,,,,,,,,,,,,,,,,,,,,,,,,,,,false,2024
George-Lawlor.D.2024-11-29,George,Lawlor,George Lawlor,,2024-11-29,Labour Party,Labour_Party,,2024-11-29,Standing,,2025-01-29 00:00:00+00:00,Working Group of Committee Cathaoirligh,Live - Primary,Live,The Committee System and Parliamentary Administration,,2025-02-12 00:00:00+00:00,2025-05-07 00:00:00+00:00,2025-05-07 00:00:00+00:00,Sessional,,2025-05-01 00:00:00+00:00,"Joint Committee on Enterprise, Tourism and Employment",Live - Primary,Live,,2025-05-13 00:00:00+00:00,Shadow Department,,2025-05-07 00:00:00+00:00,Sessional,,2025-05-01 00:00:00+00:00,Joint Committee on Key Issues Affecting the Traveller Community,Live - Primary,Live,,2025-05-12 00:00:00+00:00,Policy,,2025-05-07 00:00:00+00:00,Wexford,Wexford,dail,house,34th Dáil,34,,,,,,2025-05-07 00:00:00+00:00,Cathaoirleach,Sessional,,2025-05-01 00:00:00+00:00,"Select Committee on Enterprise, Tourism and Employment",Live - Primary,Live,,2025-04-30 00:00:00+00:00,Shadow Department,,2025-05-07 00:00:00+00:00,,,,,,,,,,Sessional,,2025-05-01 00:00:00+00:00,Select Committee on Key Issues Affecting the Traveller Community,Live - Primary,Live,,2025-04-30 00:00:00+00:00,Policy,,2025-05-07 00:00:00+00:00,,,,,,,,,,,,,,,,,,,,,,,,,,,,,,,,,,,,,,,,,,,,,,,,,,,,,,,,,,,,,,,,,,,,,,2025-05-07 00:00:00+00:00,Cathaoirleach,,,,,,,,,,,,,,,,,,,,,,,,,,,,,,,,,,,,,,,,,,,,,,,,,,,,,,,,,,,,,,,,,,,false,2024
Michael-Lowry.D.1987-03-10,Michael,Lowry,Michael Lowry,,2024-11-29,Independent,Independent,,2024-11-29,,,,,,,,,,,,,,,,,,,,,,,,,,,,,,,,,,Tipperary-North,Tipperary North,dail,house,34th Dáil,34,,,,,,,,,,,,,,,,,,,,,,,,,,,,,,,,,,,,,,,,,,,,,,,,,,,,,,,,,,,,,,,,,,,,,,,,,,,,,,,,,,,,,,,,,,,,,,,,,,,,,,,,,,,,,,,,,,,,,,,,,,,,,,,,,,,,,,,,,,,,,,,,,,,,,,,,,,,,,,,,,,,,,,,,,,,,,,,,false,1987
Pádraig-MacLochlainn.D.2011-03-09,Pádraig,Mac Lochlainn,Pádraig Mac Lochlainn,,2024-11-29,Sinn Féin,Sinn_Féin,,2024-11-29,Sessional,,2025-05-01 00:00:00+00:00,Joint Committee on Fisheries and Maritime Affairs,Live - Primary,Live,Shadow Department,,2025-05-07 00:00:00+00:00,,2025-05-07 00:00:00+00:00,Standing,,2025-01-29 00:00:00+00:00,Joint Committee on Remit Oversight,Live - Primary,Live,,2025-02-12 00:00:00+00:00,Parliamentary Regulation and Reform,,2025-05-21 00:00:00+00:00,Sessional,,2025-05-01 00:00:00+00:00,Select Committee on Fisheries and Maritime Affairs,Live - Primary,Live,,2025-04-30 00:00:00+00:00,Shadow Department,,2025-05-07 00:00:00+00:00,Donegal,Donegal,dail,house,34th Dáil,34,,,,,,,,Standing,,2024-11-29 00:00:00+00:00,Business Committee (Dáil Éireann),Live - Primary,Live,,2024-12-18 00:00:00+00:00,Parliamentary Business and Committee Membership,,2025-01-16 00:00:00+00:00,,,,,,,,,,Standing,,2024-11-29 00:00:00+00:00,Committee on Standing Orders and Dáil Reform,Live - Primary,Live,,2024-12-18 00:00:00+00:00,Parliamentary Regulation and Reform,,2025-01-16 00:00:00+00:00,Standing,,2024-11-29 00:00:00+00:00,Committee of Selection (Dáil Éireann),Live - Primary,Live,,2024-12-18 00:00:00+00:00,Parliamentary Business and Committee Membership,,2025-01-16 00:00:00+00:00,Standing,,2024-11-29 00:00:00+00:00,Committee on Parliamentary Privileges and Oversight (Dáil Éireann),Live - Primary,Live,,2024-12-18 00:00:00+00:00,Parliamentary Regulation and Reform,,2025-05-21 00:00:00+00:00,Standing,,2025-01-29 00:00:00+00:00,Committee on Remit Oversight (Dáil Éireann),Live - Primary,Live,,2024-12-18 00:00:00+00:00,Parliamentary Regulation and Reform,,2025-05-21 00:00:00+00:00,,,,,,,,,,,,,,,,,,,,,,,,,,,,,,,,,,,,,,,,,,,,,,,,,,,,,,,,,,,,,,,,,,,,,,,,,,,,,,,,,,,,,,,,,,,,,,,,,,,,,,,,,false,2011
Micheál-Martin.D.1989-06-29,Micheál,Martin,Micheál Martin,,2024-11-29,Fianna Fáil,Fianna_Fáil,,2024-11-29,,,,,,,,,,,,,,,,,,,,,,,,,,,,,,,,,,Cork-South-Central,Cork South-Central,dail,house,34th Dáil,34,,,,,,,,,,,,,,,,,,,,2025-01-23,Taoiseach,,,,,,,,,,,,,,,,,,,,,,,,,,,,,,,,,,,,,,,,,,,,,,,,,,,,,,,,,,,,,,,,,,,,,,,,,,,,,,,,,,,,,,,,,,,,,,,,,,,,,,,,,,,,,,,,,,,,,,,,,,,,,,,,,,,,,,,,,,,,,,,,,,,,,,,,,,,false,1989
David-Maxwell.D.2024-11-29,David,Maxwell,David Maxwell,,2024-11-29,Fine Gael,Fine_Gael,,2024-11-29,Standing,,2025-01-29 00:00:00+00:00,Joint Committee on Public Petitions and the Ombudsmen,Live - Primary,Live,Oversight,,2025-02-12 00:00:00+00:00,,2025-05-07 00:00:00+00:00,Sessional,,2025-05-01 00:00:00+00:00,Joint Committee on Fisheries and Maritime Affairs,Live - Primary,Live,,2025-05-07 00:00:00+00:00,Shadow Department,,2025-05-07 00:00:00+00:00,Sessional,,2025-05-01 00:00:00+00:00,Joint Committee on the Implementation of the Good Friday Agreement ,Live - Primary,Live,,2025-05-12 00:00:00+00:00,Shadow Department,,2025-05-07 00:00:00+00:00,Cavan-Monaghan,Cavan-Monaghan,dail,house,34th Dáil,34,,,,,,2025-06-10 00:00:00+00:00,Leas-Chathaoirleach,Standing,,2025-01-29 00:00:00+00:00,Select Committee on Public Petitions and the Ombudsmen,Live - Primary,Live,,2025-02-12 00:00:00+00:00,Oversight,,2025-05-07 00:00:00+00:00,,,,,,,,,,Sessional,,2025-05-01 00:00:00+00:00,Select Committee on Fisheries and Maritime Affairs,Live - Primary,Live,,2025-04-30 00:00:00+00:00,Shadow Department,,2025-05-07 00:00:00+00:00,Sessional,,2025-05-01 00:00:00+00:00,Select Committee on the Implementation of the Good Friday Agreement ,Live - Primary,Live,,2025-04-30 00:00:00+00:00,Shadow Department,,2025-05-07 00:00:00+00:00,,,,,,,,,,,,,,,,,,,,,,,,,,,,,,,,,,,,,,,,,,,,,,,,,,,,,,,,,,,,,,,,,,,,,,,,,,,,,,,,,,,,,,,,,,,,,,,,,,,,,,,,,,,,,,,,,,,,,,,,,,,,,,,false,2024
Paul-McAuliffe.D.2020-02-08,Paul,McAuliffe,Paul McAuliffe,,2024-11-29,Fianna Fáil,Fianna_Fáil,,2024-11-29,Standing,,2025-01-29 00:00:00+00:00,Joint Committee on Remit Oversight,Live - Primary,Live,Parliamentary Regulation and Reform,,2025-02-12 00:00:00+00:00,,2025-05-21 00:00:00+00:00,Sessional,,2025-05-01 00:00:00+00:00,Joint Committee on Disability Matters,Live - Primary,Live,,2025-05-13 00:00:00+00:00,Shadow Department,2025-07-02 00:00:00+00:00,2025-05-07 00:00:00+00:00,Sessional,,2025-05-01 00:00:00+00:00,"Joint Committee on Housing, Local Government and Heritage",Live - Primary,Live,,2025-05-07 00:00:00+00:00,Shadow Department,,2025-06-18 00:00:00+00:00,Dublin-North-West,Dublin North-West,dail,house,34th Dáil,34,,,,,,,,Sessional,,2025-05-01 00:00:00+00:00,Select Committee on Disability Matters,Live - Primary,Live,,2025-04-30 00:00:00+00:00,Shadow Department,2025-07-02 00:00:00+00:00,2025-05-07 00:00:00+00:00,,,,,,,,,,Sessional,,2025-05-01 00:00:00+00:00,"Select Committee on Housing, Local Government and Heritage",Live - Primary,Live,,2025-04-30 00:00:00+00:00,Shadow Department,,2025-06-18 00:00:00+00:00,Standing,,2024-11-29 00:00:00+00:00,Committee on Standing Orders and Dáil Reform,Live - Primary,Live,,2024-12-18 00:00:00+00:00,Parliamentary Regulation and Reform,,2025-01-24 00:00:00+00:00,Standing,,2024-11-29 00:00:00+00:00,Committee on Parliamentary Privileges and Oversight (Dáil Éireann),Live - Primary,Live,,2024-12-18 00:00:00+00:00,Parliamentary Regulation and Reform,,2025-05-21 00:00:00+00:00,Standing,,2024-11-29 00:00:00+00:00,Committee of Public Accounts,Live - Primary,Live,,2024-12-18 00:00:00+00:00,Oversight,,2025-05-07 00:00:00+00:00,,,,,,,,,,Standing,,2025-01-29 00:00:00+00:00,Committee on Remit Oversight (Dáil Éireann),Live - Primary,Live,,2024-12-18 00:00:00+00:00,Parliamentary Regulation and Reform,,2025-05-21 00:00:00+00:00,,,,,,,,,,,,,,,,,,,,,,,,,,,,,,,,,,,,,,,,,,,,,,,,,,,,,,,,,,,,,,,,,,,,,,,,,,,,,,,,2025-05-22 00:00:00+00:00,Leas-Chathaoirleach,,,,false,2020
Noel-McCarthy.D.2024-11-29,Noel,McCarthy,Noel McCarthy,,2024-11-29,Fine Gael,Fine_Gael,,2024-11-29,Sessional,,2025-05-01 00:00:00+00:00,Joint Committee on Foreign Affairs and Trade,Live - Primary,Live,Shadow Department,,2025-05-07 00:00:00+00:00,,2025-05-07 00:00:00+00:00,Sessional,,2025-05-01 00:00:00+00:00,Joint Committee on the Implementation of the Good Friday Agreement ,Live - Primary,Live,,2025-05-12 00:00:00+00:00,Shadow Department,,2025-05-07 00:00:00+00:00,Sessional,,2025-05-01 00:00:00+00:00,Select Committee on Foreign Affairs and Trade,Live - Primary,Live,,2025-04-30 00:00:00+00:00,Shadow Department,,2025-05-07 00:00:00+00:00,Cork-East,Cork East,dail,house,34th Dáil,34,,,,,,,,Sessional,,2025-05-01 00:00:00+00:00,Select Committee on the Implementation of the Good Friday Agreement ,Live - Primary,Live,,2025-04-30 00:00:00+00:00,Shadow Department,,2025-05-07 00:00:00+00:00,,,,,,,,,,,,,,,,,,,,,,,,,,,,,,,,,,,,,,,,,,,,,,,,,,,,,,,,,,,,,,,,,,,,,,,,,,,,,,,,,,,,,,,,,,,,,,,,,,,,,,,,,,,,,,,,,,,,,,,,,,,,,,,,,,,,,,,,,,,,,,,,,,,,,,,,,,,,,,false,2024
Charlie-McConalogue.D.2011-03-09,Charlie,McConalogue,Charlie McConalogue,,2024-11-29,Fianna Fáil,Fianna_Fáil,,2024-11-29,,,,,,,,,,,,,,,,,,,,,,,,,,,,,,,,,,Donegal,Donegal,dail,house,34th Dáil,34,,,,,,,,,,,,,,,,,,,2025-06-01,2025-01-29,"Minister of State at the Department of Tourism, Culture, Arts, Gaeltacht, Sport and Media",,,,,,,,,,,,,,,,,,,,,,,,,,,,,,,,,,,,,,,,,,,,,,,,,,,,,,,,,,,,,,,,,,,,,,,,,,,,,,,,,,,,2025-06-02,"Minister of State at the Department of Culture, Communications and Sport",,,,,,,,,,,,,,,,,,,,,,,,,,,,,,,,,,,,,,,,,,,,,,,,,,,,,,,,,,,,,,,,,,,,,,true,2011
Tony-McCormack.D.2024-11-29,Tony,McCormack,Tony McCormack,,2024-11-29,Fianna Fáil,Fianna_Fáil,,2024-11-29,Sessional,,2025-05-01 00:00:00+00:00,"Joint Committee on Enterprise, Tourism and Employment",Live - Primary,Live,Shadow Department,,2025-05-13 00:00:00+00:00,,2025-05-07 00:00:00+00:00,Sessional,,2025-05-01 00:00:00+00:00,Joint Committee on Key Issues Affecting the Traveller Community,Live - Primary,Live,,2025-05-12 00:00:00+00:00,Policy,,2025-05-07 00:00:00+00:00,Sessional,,2025-05-01 00:00:00+00:00,Joint Committee on Infrastructure and National Development Plan Delivery,Live - Primary,Live,,2025-05-07 00:00:00+00:00,Shadow Department,,2025-05-07 00:00:00+00:00,Offaly,Offaly,dail,house,34th Dáil,34,,,,,,,,Sessional,,2025-05-01 00:00:00+00:00,"Select Committee on Enterprise, Tourism and Employment",Live - Primary,Live,,2025-04-30 00:00:00+00:00,Shadow Department,,2025-05-07 00:00:00+00:00,,,,,,,,,,Sessional,,2025-05-01 00:00:00+00:00,Select Committee on Key Issues Affecting the Traveller Community,Live - Primary,Live,,2025-04-30 00:00:00+00:00,Policy,,2025-05-07 00:00:00+00:00,Sessional,,2025-05-01 00:00:00+00:00,Select Committee on Infrastructure and National Development Plan Delivery,Live - Primary,Live,,2025-04-30 00:00:00+00:00,Shadow Department,,2025-05-07 00:00:00+00:00,,,,,,,,,,,,,,,,,,,,,,,,,,,,,,,,,,,,,,,,,,,,,,,,,,,,,,,,,,,,,,,,,,,,,,,,,,,,,,,,,,,,,,,,,,,,,,,,,,,,,,,,,,,,,,,,,,,,,,,,,,,,,,,false,2024
Mary-Lou-McDonald.D.2011-03-09,Mary Lou,McDonald,Mary Lou McDonald,,2024-11-29,Sinn Féin,Sinn_Féin,,2024-11-29,,,,,,,,,,,,,,,,,,,,,,,,,,,,,,,,,,Dublin-Central,Dublin Central,dail,house,34th Dáil,34,,,,,,,,,,,,,,,,,,,,,,,,,,,,,,,,,,,,,,,,,,,,,,,,,,,,,,,,,,,,,,,,,,,,,,,,,,,,,,,,,,,,,,,,,,,,,,,,,,,,,,,,,,,,,,,,,,,,,,,,,,,,,,,,,,,,,,,,,,,,,,,,,,,,,,,,,,,,,,,,,,,,,,,,,,,,,,,,false,2011
Helen-McEntee.D.2013-03-27,Helen,McEntee,Helen McEntee,,2024-11-29,Fine Gael,Fine_Gael,,2024-11-29,,,,,,,,,,,,,,,,,,,,,,,,,,,,,,,,,,Meath-East,Meath East,dail,house,34th Dáil,34,,,,,,,,,,,,,,,,,,,2025-11-18,2025-05-02,Minister for Education and Youth,,,,,,,,,,,,,,,,,,,,,,,,,,,,,,,,,,,,,,,,,,,,,,,,,,,,,,,,,,,,,,,,,,,,,,,,,,,,,,,,,,,2025-05-01,2025-01-23,Minister for Education,,,,,,,,2025-11-18,Minister for Defence,,2025-11-18,Minister for Foreign Affairs and Trade,,,,,,,,,,,,,,,,,,,,,,,,,,,,,,,,,,,,,,,,,,,,,,,,,,,,,,,,,,true,2013
Donna-McGettigan.D.2024-11-29,Donna,McGettigan,Donna McGettigan,,2024-11-29,Sinn Féin,Sinn_Féin,,2024-11-29,Sessional,,2025-05-01 00:00:00+00:00,"Joint Committee on Further and Higher Education, Research, Innovation and Science",Live - Primary,Live,Shadow Department,,2025-05-13 00:00:00+00:00,,2025-05-07 00:00:00+00:00,Sessional,,2025-05-01 00:00:00+00:00,"Select Committee on Further and Higher Education, Research, Innovation and Science",Live - Primary,Live,,2025-04-30 00:00:00+00:00,Shadow Department,,2025-05-07 00:00:00+00:00,,,,,,,,,,,,Clare,Clare,dail,house,34th Dáil,34,,,,,,,,,,,,,,,,,,,,,,,,,,,,,,,,,,,,,,,,,,,,,,,,,,,,,,,,,,,,,,,,,,,,,,,,,,,,,,,,,,,,,,,,,,,,,,,,,,,,,,,,,,,,,,,,,,,,,,,,,,,,,,,,,,,,,,,,,,,,,,,,,,,,,,,,,,,,,,,,,,,,,,,,,,,,,,,,false,2024
Mattie-McGrath.D.2007-06-14,Mattie,McGrath,Mattie McGrath,,2024-11-29,Independent,Independent,,2024-11-29,Standing,,2025-01-29 00:00:00+00:00,Joint Committee on Remit Oversight,Live - Primary,Live,Parliamentary Regulation and Reform,,2025-02-12 00:00:00+00:00,,2025-05-21 00:00:00+00:00,Standing,,2024-11-29 00:00:00+00:00,Committee on Parliamentary Privileges and Oversight (Dáil Éireann),Live - Primary,Live,,2024-12-18 00:00:00+00:00,Parliamentary Regulation and Reform,,2025-05-21 00:00:00+00:00,Standing,,2024-11-29 00:00:00+00:00,Committee on Budgetary Oversight,Live - Primary,Live,,2024-12-18 00:00:00+00:00,Oversight,,2025-05-07 00:00:00+00:00,Tipperary-South,Tipperary South,dail,house,34th Dáil,34,,,,,,,,Standing,,2025-01-29 00:00:00+00:00,Committee on Remit Oversight (Dáil Éireann),Live - Primary,Live,,2024-12-18 00:00:00+00:00,Parliamentary Regulation and Reform,,2025-05-21 00:00:00+00:00,,,,,,,,,,,,,,,,,,,,,,,,,,,,,,,,,,,,,,,,,,,,,,,,,,,,,,,,,,,,,,,,,,,,,,,,,,,,,,,,,,,,,,,,,,,,,,,,,,,,,,,,,,,,,,,,,,,,,,,,,,,,,,,,,,,,,,,,,,,,,,,,,,,,,,,,,,,,,,false,2007
Séamus-McGrath.D.2024-11-29,Séamus,McGrath,Séamus McGrath,,2024-11-29,Fianna Fáil,Fianna_Fáil,,2024-11-29,Sessional,,2025-05-01 00:00:00+00:00,"Joint Committee on Housing, Local Government and Heritage",Live - Primary,Live,Shadow Department,,2025-05-07 00:00:00+00:00,,2025-05-07 00:00:00+00:00,Sessional,,2025-05-01 00:00:00+00:00,Joint Committee on Key Issues Affecting the Traveller Community,Live - Primary,Live,,2025-05-12 00:00:00+00:00,Policy,,2025-05-07 00:00:00+00:00,Standing,,2024-11-29 00:00:00+00:00,Committee of Public Accounts,Live - Primary,Live,,2024-12-18 00:00:00+00:00,Oversight,,2025-05-07 00:00:00+00:00,Cork-South-Central,Cork South-Central,dail,house,34th Dáil,34,,,2025-05-20 00:00:00+00:00,Leas-Chathaoirleach,,,,Sessional,,2025-05-01 00:00:00+00:00,"Select Committee on Housing, Local Government and Heritage",Live - Primary,Live,,2025-04-30 00:00:00+00:00,Shadow Department,,2025-05-07 00:00:00+00:00,,,,,,,,,,Sessional,,2025-05-01 00:00:00+00:00,Select Committee on Key Issues Affecting the Traveller Community,Live - Primary,Live,,2025-04-30 00:00:00+00:00,Policy,,2025-05-07 00:00:00+00:00,,,,,,,,,,,,,,,,,,,,,,,,,,,,,,,,,,,,,,2025-05-20 00:00:00+00:00,Leas-Chathaoirleach,,,,,,,,,,,,,,,,,,,,,,,,,,,,,,,,,,,,,,,,,,,,,,,,,,,,,,,,,,,,,,,,,,,,,,,,,,,,,,,,,,,,,,,,,,,,,,,,,,,false,2024
Erin-McGreehan.S.2020-06-29,Erin,McGreehan,Erin McGreehan,,2024-11-29,Fianna Fáil,Fianna_Fáil,,2024-11-29,Sessional,,2025-05-01 00:00:00+00:00,"Joint Committee on Finance, Public Expenditure, Public Service Reform and Digitalisation, and Taoiseach",Live - Primary,Live,Shadow Department,,2025-05-07 00:00:00+00:00,,2025-05-07 00:00:00+00:00,Sessional,,2025-05-01 00:00:00+00:00,"Joint Committee on Further and Higher Education, Research, Innovation and Science",Live - Primary,Live,,2025-05-13 00:00:00+00:00,Shadow Department,,2025-05-07 00:00:00+00:00,Standing,,2025-01-29 00:00:00+00:00,Working Group of Committee Cathaoirligh,Live - Primary,Live,,2025-02-12 00:00:00+00:00,The Committee System and Parliamentary Administration,,2025-05-07 00:00:00+00:00,Louth,Louth,dail,house,34th Dáil,34,,,,,,,,Sessional,,2025-05-01 00:00:00+00:00,Joint Committee on the Implementation of the Good Friday Agreement ,Live - Primary,Live,,2025-05-12 00:00:00+00:00,Shadow Department,,2025-05-07 00:00:00+00:00,,,,,,,,,,Sessional,,2025-05-01 00:00:00+00:00,"Select Committee on Finance, Public Expenditure, Public Service Reform and Digitalisation, and Taoiseach",Live - Primary,Live,,2025-04-30 00:00:00+00:00,Shadow Department,,2025-05-07 00:00:00+00:00,Sessional,,2025-05-01 00:00:00+00:00,"Select Committee on Further and Higher Education, Research, Innovation and Science",Live - Primary,Live,,2025-04-30 00:00:00+00:00,Shadow Department,,2025-05-07 00:00:00+00:00,Sessional,,2025-05-01 00:00:00+00:00,Select Committee on the Implementation of the Good Friday Agreement ,Live - Primary,Live,,2025-04-30 00:00:00+00:00,Shadow Department,,2025-05-07 00:00:00+00:00,Standing transitional,,2025-01-21 16:29:34.896666+00:00,Select Committee on Subsidiarity (European Union Legislative Scrutiny),Dissolved,Dissolved,2025-05-07 00:00:00+00:00,2025-01-23 00:00:00+00:00,Shadow Department,2025-05-07 00:00:00+00:00,2025-02-13 00:00:00+00:00,,2025-05-07 00:00:00+00:00,Cathaoirleach,,,,,,,,,,,,,,,,,,,,,,,,,,,,,,,,,,,,,2025-05-07 00:00:00+00:00,Cathaoirleach,,,,,,,,,,,,,,,,,,,,,,,,,,,,,,,,,,,,,,,,,,,,,,,,,,,,,,,,,,,,,,,,false,2020
Conor-D-McGuinness.D.2024-11-29,Conor D.,McGuinness,Conor D. McGuinness,,2024-11-29,Sinn Féin,Sinn_Féin,,2024-11-29,Standing,,2025-01-29 00:00:00+00:00,Working Group of Committee Cathaoirligh,Live - Primary,Live,The Committee System and Parliamentary Administration,,2025-02-12 00:00:00+00:00,,2025-05-07 00:00:00+00:00,Sessional,,2025-05-01 00:00:00+00:00,Joint Committee on Fisheries and Maritime Affairs,Live - Primary,Live,,2025-05-07 00:00:00+00:00,Shadow Department,,2025-05-07 00:00:00+00:00,Standing transitional,,2025-01-21 16:29:34.896666+00:00,Select Committee on Subsidiarity (European Union Legislative Scrutiny),Dissolved,Dissolved,2025-05-07 00:00:00+00:00,2025-01-23 00:00:00+00:00,Shadow Department,2025-05-07 00:00:00+00:00,2025-02-13 00:00:00+00:00,Waterford,Waterford,dail,house,34th Dáil,34,,,,,,,,Sessional,,2025-05-01 00:00:00+00:00,Select Committee on Fisheries and Maritime Affairs,Live - Primary,Live,,2025-04-30 00:00:00+00:00,Shadow Department,,2025-05-07 00:00:00+00:00,,,,,,,,,,,,,,,,,,,,,,,,,,,,,,,,,,,,,,,,,,,,,,,,,,,,,,,2025-05-07 00:00:00+00:00,Cathaoirleach,,2025-05-07 00:00:00+00:00,Cathaoirleach,,,,,,,,,,,,,,,,,,,,,,,,,,,,,,,,,,,,,,,,,,,,,,,,,,,,,,,,,,,,,,,,,,,,,,,,,,,,,,,,,,,,,,,,,,,,,,,,,,,false,2024
John-McGuinness.D.1997-06-26,John,McGuinness,John McGuinness,,2024-11-29,Fianna Fáil,Fianna_Fáil,,2024-11-29,Standing,,2025-01-29 00:00:00+00:00,Joint Committee on Remit Oversight,Live - Primary,Live,Parliamentary Regulation and Reform,,2025-02-12 00:00:00+00:00,,2025-05-21 00:00:00+00:00,Standing,,2024-11-29 00:00:00+00:00,Committee on Parliamentary Privileges and Oversight (Dáil Éireann),Live - Primary,Live,,2024-12-18 00:00:00+00:00,Parliamentary Regulation and Reform,,2025-05-21 00:00:00+00:00,Standing,,2025-01-29 00:00:00+00:00,Committee on Remit Oversight (Dáil Éireann),Live - Primary,Live,,2024-12-18 00:00:00+00:00,Parliamentary Regulation and Reform,,2025-05-21 00:00:00+00:00,Carlow-Kilkenny,Carlow-Kilkenny,dail,house,34th Dáil,34,,,,,,,,,,,,,,,,,,,,2025-02-19,Leas-Cheann Comhairle,,,,,,,,,,,,,,,,,,,,,,,,,,,,,,,,,,,,,,,,,,,,,,,,,,,,,,,,,,,,,,,,,,,,,,,,,,,,,,,,,,,,,,,,,,,,,,,,,,,,,,,,,,,,,,,,,,,,,,,,,,,,,,,,,,,,,,,,,,,,,,,,,,,,,,,,,,,false,1997
Denise-Mitchell.D.2016-10-03,Denise,Mitchell,Denise Mitchell,,2024-11-29,Sinn Féin,Sinn_Féin,,2024-11-29,Standing,,2025-01-29 00:00:00+00:00,Joint Committee on Remit Oversight,Live - Primary,Live,Parliamentary Regulation and Reform,,2025-02-12 00:00:00+00:00,,2025-05-21 00:00:00+00:00,Standing,,2024-11-29 00:00:00+00:00,Committee on Standing Orders and Dáil Reform,Live - Primary,Live,,2024-12-18 00:00:00+00:00,Parliamentary Regulation and Reform,,2025-01-24 00:00:00+00:00,Standing,,2024-11-29 00:00:00+00:00,Committee on Parliamentary Privileges and Oversight (Dáil Éireann),Live - Primary,Live,,2024-12-18 00:00:00+00:00,Parliamentary Regulation and Reform,,2025-05-21 00:00:00+00:00,Dublin-Bay-North,Dublin Bay North,dail,house,34th Dáil,34,,,,,,,,Standing,,2025-01-29 00:00:00+00:00,Committee on Remit Oversight (Dáil Éireann),Live - Primary,Live,,2024-12-18 00:00:00+00:00,Parliamentary Regulation and Reform,,2025-05-21 00:00:00+00:00,,,,,,,,,,,,,,,,,,,,,,,,,,,,,,,,,,,,,,,,,,,,,,,,,,,,,,,,,,,,,,,,,,,,,,,,,,,,,,,,,,,,,,,,,,,,,,,,,,,,,,,,,,,,,,,,,,,,,,,,,,,,,,,,,,,,,,,,,,,,,,,,,,,,,,,,,,,,,,false,2016
Kevin-Boxer-Moran.D.2016-10-03,Kevin Boxer,Moran,Kevin Boxer Moran,,2024-11-29,Independent,Independent,,2024-11-29,,,,,,,,,,,,,,,,,,,,,,,,,,,,,,,,,,Longford-Westmeath,Longford-Westmeath,dail,house,34th Dáil,34,,,,,,,,,,,,,,,,,,,,2025-06-05,"Minister of State at the Department of Public Expenditure, Infrastructure, Public Service Reform and Digitalisation",,,,,,,,,,,,,,,,,,,,,,,,,,,,,,,,,,,,,,,,,,,,,,,,,,,,,,,,,,,,,,,,,,,,,,,,,,,,,,,,,,,2025-06-04,2025-01-29,"Minister of State at the Department of Public Expenditure, National Development Plan Delivery and Reform",,,,,,,,,,,,,,,,,,,,,,,,,,,,,,,,,,,,,,,,,,,,,,,,,,,,,,,,,,,,,,,,,,,,,,true,2016
Aindrias-Moynihan.D.2016-10-03,Aindrias,Moynihan,Aindrias Moynihan,,2024-11-29,Fianna Fáil,Fianna_Fáil,,2024-11-29,Sessional,,2025-05-01 00:00:00+00:00,"Joint Committee on Finance, Public Expenditure, Public Service Reform and Digitalisation, and Taoiseach",Live - Primary,Live,Shadow Department,,2025-05-07 00:00:00+00:00,2026-01-20 00:00:00+00:00,2025-05-07 00:00:00+00:00,Standing,,2025-01-29 00:00:00+00:00,Working Group of Committee Cathaoirligh,Live - Primary,Live,,2025-02-12 00:00:00+00:00,The Committee System and Parliamentary Administration,,2025-05-07 00:00:00+00:00,Sessional,,2025-05-01 00:00:00+00:00,Joint Committee on Agriculture and Food,Live - Primary,Live,,2025-05-07 00:00:00+00:00,Shadow Department,,2025-05-07 00:00:00+00:00,Cork-North-West,Cork North-West,dail,house,34th Dáil,34,,,,,,2025-05-07 00:00:00+00:00,Cathaoirleach,Sessional,,2025-05-01 00:00:00+00:00,Select Committee on Agriculture and Food,Live - Primary,Live,,2025-04-30 00:00:00+00:00,Shadow Department,,2025-05-07 00:00:00+00:00,,,,,,,,,,Standing,,2024-11-29 00:00:00+00:00,Committee on Budgetary Oversight,Live - Primary,Live,,2024-12-18 00:00:00+00:00,Oversight,,2026-01-20 00:00:00+00:00,Sessional,,2025-05-01 00:00:00+00:00,"Select Committee on Finance, Public Expenditure, Public Service Reform and Digitalisation, and Taoiseach",Live - Primary,Live,,2025-04-30 00:00:00+00:00,Shadow Department,2026-01-20 00:00:00+00:00,2025-05-07 00:00:00+00:00,Standing transitional,,2025-01-21 16:29:34.896666+00:00,Select Committee on Subsidiarity (European Union Legislative Scrutiny),Dissolved,Dissolved,2025-05-07 00:00:00+00:00,2025-01-23 00:00:00+00:00,Shadow Department,2025-05-07 00:00:00+00:00,2025-02-13 00:00:00+00:00,,,,,,,,,,,,,,,,2025-05-07 00:00:00+00:00,Cathaoirleach,,,,,,,,,,,,,,,,,,,,,,,,,,,,,,,,,,,,,,,,,,,,,,,,,,,,,,,,,,,,,,,,,,,,,,,,,,,,,,,,,,,,,,,,,,,,,,,,,,,false,2016
Michael-Moynihan.D.1997-06-26,Michael,Moynihan,Michael Moynihan,,2024-11-29,Fianna Fáil,Fianna_Fáil,,2024-11-29,,,,,,,,,,,,,,,,,,,,,,,,,,,,,,,,,,Cork-North-West,Cork North-West,dail,house,34th Dáil,34,,,,,,,,,,,,,,,,,,,2025-05-01,2025-01-29,Minister of State at the Department of Education,,,,,,,,,,,,,,,,,,,,,,,,,,,,,,,,,,,,,,,,,,,,,,,,,,,,,,,,,,,,,,,,,,,,,,,,,,,,,,,,,,,,2025-05-02,Minister of State at the Department of Education and Youth,,,,,,,,,,,,,,,,,,,,,,,,,,,,,,,,,,,,,,,,,,,,,,,,,,,,,,,,,,,,,,,,,,,,,,true,1997
Shane-Moynihan.D.2024-11-29,Shane,Moynihan,Shane Moynihan,,2024-11-29,Fianna Fáil,Fianna_Fáil,,2024-11-29,Sessional,,2025-05-01 00:00:00+00:00,Joint Committee on Transport,Live - Primary,Live,Shadow Department,,2025-05-13 00:00:00+00:00,,2025-05-07 00:00:00+00:00,Standing,,2025-01-29 00:00:00+00:00,Working Group of Committee Cathaoirligh,Live - Primary,Live,,2025-02-12 00:00:00+00:00,The Committee System and Parliamentary Administration,,2026-06-17 00:00:00+00:00,Sessional,,2025-05-01 00:00:00+00:00,Joint Committee on the Implementation of the Good Friday Agreement ,Live - Primary,Live,,2025-05-12 00:00:00+00:00,Shadow Department,,2025-05-07 00:00:00+00:00,Dublin-Mid-West,Dublin Mid-West,dail,house,34th Dáil,34,,,2025-05-28 00:00:00+00:00,Leas-Chathaoirleach,,,,Standing,,2025-01-29 00:00:00+00:00,"Comhchoiste na Gaeilge, na Gaeltachta agus Phobal Labhartha na Gaeilge",Live - Primary,Live,,2025-02-12 00:00:00+00:00,Policy,,2025-05-07 00:00:00+00:00,,,,,,,,,,Sessional,,2025-05-01 00:00:00+00:00,Select Committee on Transport,Live - Primary,Live,,2025-04-30 00:00:00+00:00,Shadow Department,,2025-05-07 00:00:00+00:00,Standing,,2025-01-29 00:00:00+00:00,"Roghchoiste na Gaeilge, na Gaeltachta agus Phobal Labhartha na Gaeilge",Live - Primary,Live,,2025-02-12 00:00:00+00:00,Policy,,2025-05-07 00:00:00+00:00,Sessional,,2025-05-01 00:00:00+00:00,Select Committee on the Implementation of the Good Friday Agreement ,Live - Primary,Live,,2025-04-30 00:00:00+00:00,Shadow Department,,2025-05-07 00:00:00+00:00,,,,,,,,,,,,,,,,2026-06-17 00:00:00+00:00,Cathaoirleach,,,,,,,,,,,,,,,,,,,,,,,,,,,,,,,2025-05-28 00:00:00+00:00,Leas-Chathaoirleach,,2026-06-17 00:00:00+00:00,Cathaoirleach,,,,,,,,,,,,,,,,,,,,,,,,,,,,,,,,,,,,,,,,,,,,,,,,,,,,,,,,,,,,,,,,false,2024
Jennifer-Murnane-O'Connor.S.2016-04-25,Jennifer,Murnane O'Connor,Jennifer Murnane O'Connor,,2024-11-29,Fianna Fáil,Fianna_Fáil,,2024-11-29,,,,,,,,,,,,,,,,,,,,,,,,,,,,,,,,,,Carlow-Kilkenny,Carlow-Kilkenny,dail,house,34th Dáil,34,,,,,,,,,,,,,,,,,,,,2025-01-29,Minister of State at the Department of Health,,,,,,,,,,,,,,,,,,,,,,,,,,,,,,,,,,,,,,,,,,,,,,,,,,,,,,,,,,,,,,,,,,,,,,,,,,,,,,,,,,,,,,,,,,,,,,,,,,,,,,,,,,,,,,,,,,,,,,,,,,,,,,,,,,,,,,,,,,,,,,,,,,,,,,,,,,,true,2016
Michael-Murphy.D.2024-11-29,Michael,Murphy,Michael Murphy,,2024-11-29,Fine Gael,Fine_Gael,,2024-11-29,Standing,,2025-01-29 00:00:00+00:00,Working Group of Committee Cathaoirligh,Live - Primary,Live,The Committee System and Parliamentary Administration,,2025-02-12 00:00:00+00:00,,2025-05-07 00:00:00+00:00,Sessional,,2025-05-01 00:00:00+00:00,Joint Committee on Transport,Live - Primary,Live,,2025-05-13 00:00:00+00:00,Shadow Department,,2025-05-07 00:00:00+00:00,Standing,,2025-01-29 00:00:00+00:00,Joint Committee on Public Petitions and the Ombudsmen,Live - Primary,Live,,2025-02-12 00:00:00+00:00,Oversight,2026-05-26 00:00:00+00:00,2025-05-07 00:00:00+00:00,Tipperary-South,Tipperary South,dail,house,34th Dáil,34,,,,,,,,Sessional,,2025-05-01 00:00:00+00:00,Joint Committee on European Union Affairs,Live - Primary,Live,,2025-05-13 00:00:00+00:00,Shadow Department,,2025-05-07 00:00:00+00:00,,,,,,,,,,Sessional,,2025-05-01 00:00:00+00:00,Select Committee on Transport,Live - Primary,Live,,2025-04-30 00:00:00+00:00,Shadow Department,,2025-05-07 00:00:00+00:00,Standing,,2025-01-29 00:00:00+00:00,Select Committee on Public Petitions and the Ombudsmen,Live - Primary,Live,,2025-02-12 00:00:00+00:00,Oversight,2026-05-26 00:00:00+00:00,2025-05-07 00:00:00+00:00,Standing transitional,,2025-01-21 16:29:34.896666+00:00,Select Committee on Subsidiarity (European Union Legislative Scrutiny),Dissolved,Dissolved,2025-05-07 00:00:00+00:00,2025-01-23 00:00:00+00:00,Shadow Department,2025-05-07 00:00:00+00:00,2025-02-13 00:00:00+00:00,Sessional,,2025-05-01 00:00:00+00:00,Select Committee on European Union Affairs,Live - Primary,Live,,2025-04-30 00:00:00+00:00,Shadow Department,,2025-05-07 00:00:00+00:00,,2025-05-07 00:00:00+00:00,Cathaoirleach,,,,,,,,,,,,,,,,,,,,,,,,,,,,,,,,,,2025-05-07 00:00:00+00:00,Cathaoirleach,,,,,,,,,,,,,,,,,,,,,,,,,,,,,,,,,,,,,,,,,,,,,,,,,,,,,,,,,,,,,,,,,,,false,2024
Paul-Murphy.D.2014-10-10,Paul,Murphy,Paul Murphy,,2024-11-29,People Before Profit-Solidarity,People_Before_Profit_Solidarity,,2024-11-29,Sessional,,2025-05-01 00:00:00+00:00,"Joint Committee on Further and Higher Education, Research, Innovation and Science",Live - Primary,Live,Shadow Department,,2025-05-13 00:00:00+00:00,2026-02-05 00:00:00+00:00,2025-05-07 00:00:00+00:00,Special,,2025-05-01 00:00:00+00:00,Joint Committee on Artificial Intelligence,Live - Primary,Live,,2025-05-12 00:00:00+00:00,Policy,,2025-05-07 00:00:00+00:00,Sessional,,2025-05-01 00:00:00+00:00,"Select Committee on Further and Higher Education, Research, Innovation and Science",Live - Primary,Live,,2025-04-30 00:00:00+00:00,Shadow Department,2026-02-05 00:00:00+00:00,2025-05-07 00:00:00+00:00,Dublin-South-West,Dublin South-West,dail,house,34th Dáil,34,,,,,,,,Special,,2025-05-01 00:00:00+00:00,Select Committee on Artificial Intelligence,Live - Primary,Live,,2025-04-30 00:00:00+00:00,Policy,,2025-05-07 00:00:00+00:00,,,,,,,,,,Standing,,2024-11-29 00:00:00+00:00,Committee on Standing Orders and Dáil Reform,Live - Primary,Live,,2024-12-18 00:00:00+00:00,Parliamentary Regulation and Reform,,2025-01-24 00:00:00+00:00,Standing,,2024-11-29 00:00:00+00:00,Committee of Public Accounts,Live - Primary,Live,,2024-12-18 00:00:00+00:00,Oversight,,2025-11-26 00:00:00+00:00,Standing transitional,,2025-01-21 16:29:34.896666+00:00,Select Committee on Subsidiarity (European Union Legislative Scrutiny),Dissolved,Dissolved,2025-05-07 00:00:00+00:00,2025-01-23 00:00:00+00:00,Shadow Department,2025-05-07 00:00:00+00:00,2025-02-13 00:00:00+00:00,,,,,,,,,,,,,,,,,,,,,,,,,,,,,,,,,,,,,,,,,,,,,,,,,,,,,,,,,,,,,,,,,,,,,,,,,,,,,,,,,,,,,,,,,,,,,,,,,,,,,,,,,,,,,,,,,,,,false,2014
Verona-Murphy.D.2020-02-08,Verona,Murphy,Verona Murphy,,2024-11-29,Independent,Independent,,2024-11-29,Standing,,2025-01-29 00:00:00+00:00,Working Group of Committee Cathaoirligh,Live - Primary,Live,The Committee System and Parliamentary Administration,,2025-02-12 00:00:00+00:00,2025-02-13 00:00:00+00:00,2024-12-18 00:00:00+00:00,Standing,,2025-01-29 00:00:00+00:00,Joint Committee on Remit Oversight,Live - Primary,Live,,2025-02-12 00:00:00+00:00,Parliamentary Regulation and Reform,,2024-12-18 00:00:00+00:00,Standing,,2024-11-29 00:00:00+00:00,Committee on Parliamentary Privileges and Oversight (Dáil Éireann),Live - Primary,Live,,2024-12-18 00:00:00+00:00,Parliamentary Regulation and Reform,,2024-12-18 00:00:00+00:00,Wexford,Wexford,dail,house,34th Dáil,34,,,,,,2024-12-18 00:00:00+00:00,Cathaoirleach,Standing,,2024-11-29 00:00:00+00:00,Business Committee (Dáil Éireann),Live - Primary,Live,,2024-12-18 00:00:00+00:00,Parliamentary Business and Committee Membership,,2024-12-18 00:00:00+00:00,,2024-12-18,Ceann Comhairle,,,,,,,Standing,,2025-01-29 00:00:00+00:00,Committee on Remit Oversight (Dáil Éireann),Live - Primary,Live,,2024-12-18 00:00:00+00:00,Parliamentary Regulation and Reform,,2024-12-18 00:00:00+00:00,Standing,,2024-11-29 00:00:00+00:00,Committee of Selection (Dáil Éireann),Live - Primary,Live,,2024-12-18 00:00:00+00:00,Parliamentary Business and Committee Membership,,2024-12-18 00:00:00+00:00,Standing,,2024-11-29 00:00:00+00:00,Committee on Standing Orders and Dáil Reform,Live - Primary,Live,,2024-12-18 00:00:00+00:00,Parliamentary Regulation and Reform,,2024-12-18 00:00:00+00:00,,,,,,,,,,,,,2024-12-18 00:00:00+00:00,Cathaoirleach,,2024-12-18 00:00:00+00:00,Cathaoirleach,,2024-12-18 00:00:00+00:00,Cathaoirleach,,,,,,,,,,,,,,,,,,,,,,,,,,,,2024-12-18 00:00:00+00:00,Cathaoirleach,,2024-12-18 00:00:00+00:00,Cathaoirleach,,,,,,,,,,,,,,,,,,,,,,,,,,,,,,,,,,,,,,,,,,,,,,,,,,,,,,,,,,,,,,,,false,2020
Johnny-Mythen.D.2020-02-08,Johnny,Mythen,Johnny Mythen,,2024-11-29,Sinn Féin,Sinn_Féin,,2024-11-29,Special,,2025-05-01 00:00:00+00:00,Joint Committee on Artificial Intelligence,Live - Primary,Live,Policy,,2025-05-12 00:00:00+00:00,,2025-05-07 00:00:00+00:00,Special,,2025-05-01 00:00:00+00:00,Select Committee on Artificial Intelligence,Live - Primary,Live,,2025-04-30 00:00:00+00:00,Policy,,2025-05-07 00:00:00+00:00,,,,,,,,,,,,Wexford,Wexford,dail,house,34th Dáil,34,,,,,,,,,,,,,,,,,,,,,,,,,,,,,,,,,,,,,,,,,,,,,,,,,,,,,,,,,,,,,,,,,,,,,,,,,,,,,,,,,,,,,,,,,,,,,,,,,,,,,,,,,,,,,,,,,,,,,,,,,,,,,,,,,,,,,,,,,,,,,,,,,,,,,,,,,,,,,,,,,,,,,,,,,,,,,,,,false,2020
Gerald-Nash.D.2011-03-09,Ged,Nash,Ged Nash,,2024-11-29,Labour Party,Labour_Party,,2024-11-29,Sessional,,2025-05-01 00:00:00+00:00,"Joint Committee on Finance, Public Expenditure, Public Service Reform and Digitalisation, and Taoiseach",Live - Primary,Live,Shadow Department,,2025-05-07 00:00:00+00:00,,2025-05-07 00:00:00+00:00,Standing,,2025-01-29 00:00:00+00:00,Joint Committee on Remit Oversight,Live - Primary,Live,,2025-02-12 00:00:00+00:00,Parliamentary Regulation and Reform,,2025-05-21 00:00:00+00:00,Sessional,,2025-05-01 00:00:00+00:00,"Select Committee on Finance, Public Expenditure, Public Service Reform and Digitalisation, and Taoiseach",Live - Primary,Live,,2025-04-30 00:00:00+00:00,Shadow Department,,2025-05-07 00:00:00+00:00,Louth,Louth,dail,house,34th Dáil,34,,,,,,,,Standing,,2024-11-29 00:00:00+00:00,Committee on Parliamentary Privileges and Oversight (Dáil Éireann),Live - Primary,Live,,2024-12-18 00:00:00+00:00,Parliamentary Regulation and Reform,,2025-05-21 00:00:00+00:00,,,,,,,,,,Standing,,2024-11-29 00:00:00+00:00,Committee on Budgetary Oversight,Live - Primary,Live,,2024-12-18 00:00:00+00:00,Oversight,,2025-05-07 00:00:00+00:00,Standing,,2025-01-29 00:00:00+00:00,Committee on Remit Oversight (Dáil Éireann),Live - Primary,Live,,2024-12-18 00:00:00+00:00,Parliamentary Regulation and Reform,,2025-05-21 00:00:00+00:00,,,,,,,,,,,,,,,,,,,,,,,,,,,,,,,,,,,,,,,,,,,,,,,,,,,,,,,,,,,,,,,,,,,,,,,,,,,,,,,,,,,,,,,,,,,,,,,,,,,,,,,,,,,,,,,,,,,,,,,,,,,,,,,false,2011
Hildegarde-Naughton.S.2013-07-19,Hildegarde,Naughton,Hildegarde Naughton,,2024-11-29,Fine Gael,Fine_Gael,,2024-11-29,,,,,,,,,,,,,,,,,,,,,,,,,,,,,,,,,,Galway-West,Galway West,dail,house,34th Dáil,34,,,,,,,,,,,,,,,,,,,2025-05-01,2025-01-23,"Minister of State at the Department of Children, Equality, Disability, Integration and Youth with responsibility for Disability",,,,,,,,,,,,,,,,,,,,,,,,,,,,,,,,,,,,,,,,,,,,,,,,,,,,,,,,,,,,,,,,,,,,,,,,,,,,,,,,,,,2025-11-18,2025-05-02,"Minister of State at the Department of Children, Disability and Equality",,,,,,,,2025-11-18,Minister for Education and Youth,,,,,,,,,,,,,,,,,,,,,,,,,,,,,,,,,,,,,,,,,,,,,,,,,,,,,,,,,,,,,true,2013
Joe-Neville.D.2024-11-29,Joe,Neville,Joe Neville,,2024-11-29,Fine Gael,Fine_Gael,,2024-11-29,Sessional,,2025-05-01 00:00:00+00:00,Joint Committee on Infrastructure and National Development Plan Delivery,Live - Primary,Live,Shadow Department,,2025-05-07 00:00:00+00:00,,2025-05-07 00:00:00+00:00,Standing,,2024-11-29 00:00:00+00:00,Committee on Budgetary Oversight,Live - Primary,Live,,2024-12-18 00:00:00+00:00,Oversight,,2025-05-07 00:00:00+00:00,Standing,,2024-11-29 00:00:00+00:00,Committee of Public Accounts,Live - Primary,Live,,2024-12-18 00:00:00+00:00,Oversight,,2025-05-07 00:00:00+00:00,Kildare-North,Kildare North,dail,house,34th Dáil,34,,,2025-05-28 00:00:00+00:00,Leas-Chathaoirleach,,,,Sessional,,2025-05-01 00:00:00+00:00,Select Committee on Infrastructure and National Development Plan Delivery,Live - Primary,Live,,2025-04-30 00:00:00+00:00,Shadow Department,,2025-05-07 00:00:00+00:00,,,,,,,,,,,,,,,,,,,,,,,,,,,,,,,,,,,,,,,,,,,,,,,,,,,,,,,,,,2025-05-28 00:00:00+00:00,Leas-Chathaoirleach,,,,,,,,,,,,,,,,,,,,,,,,,,,,,,,,,,,,,,,,,,,,,,,,,,,,,,,,,,,,,,,,,,,,,,,,,,,,,,,,,,,,,,,,,,,,,,,,,,,false,2024
Natasha-Newsome-Drennan.D.2024-11-29,Natasha,Newsome Drennan,Natasha Newsome Drennan,,2024-11-29,Sinn Féin,Sinn_Féin,,2024-11-29,Sessional,,2025-05-01 00:00:00+00:00,Joint Committee on Agriculture and Food,Live - Primary,Live,Shadow Department,,2025-05-07 00:00:00+00:00,,2025-05-07 00:00:00+00:00,Sessional,,2025-05-01 00:00:00+00:00,Select Committee on Agriculture and Food,Live - Primary,Live,,2025-04-30 00:00:00+00:00,Shadow Department,,2025-05-07 00:00:00+00:00,,,,,,,,,,,,Carlow-Kilkenny,Carlow-Kilkenny,dail,house,34th Dáil,34,,,,,,,,,,,,,,,,,,,,,,,,,,,,,,,,,,,,,,,,,,,,,,,,,,,,,,,,,,,,,,,,,,,,,,,,,,,,,,,,,,,,,,,,,,,,,,,,,,,,,,,,,,,,,,,,,,,,,,,,,,,,,,,,,,,,,,,,,,,,,,,,,,,,,,,,,,,,,,,,,,,,,,,,,,,,,,,,false,2024
Carol-Nolan.D.2016-10-03,Carol,Nolan,Carol Nolan,,2024-11-29,Independent,Independent,,2024-11-29,,,,,,,,,,,,,,,,,,,,,,,,,,,,,,,,,,Offaly,Offaly,dail,house,34th Dáil,34,,,,,,,,,,,,,,,,,,,,,,,,,,,,,,,,,,,,,,,,,,,,,,,,,,,,,,,,,,,,,,,,,,,,,,,,,,,,,,,,,,,,,,,,,,,,,,,,,,,,,,,,,,,,,,,,,,,,,,,,,,,,,,,,,,,,,,,,,,,,,,,,,,,,,,,,,,,,,,,,,,,,,,,,,,,,,,,,false,2016
Shónagh-Ní-Raghallaigh.D.2024-11-29,Shónagh,Ní Raghallaigh,Shónagh Ní Raghallaigh,,2024-11-29,Sinn Féin,Sinn_Féin,,2024-11-29,Standing,,2025-01-29 00:00:00+00:00,"Comhchoiste na Gaeilge, na Gaeltachta agus Phobal Labhartha na Gaeilge",Live - Primary,Live,Policy,,2025-02-12 00:00:00+00:00,,2025-05-07 00:00:00+00:00,Sessional,,2025-05-01 00:00:00+00:00,Joint Committee on Education and Youth,Live - Primary,Live,,2025-05-13 00:00:00+00:00,Shadow Department,,2025-05-07 00:00:00+00:00,Standing,,2025-01-29 00:00:00+00:00,"Roghchoiste na Gaeilge, na Gaeltachta agus Phobal Labhartha na Gaeilge",Live - Primary,Live,,2025-02-12 00:00:00+00:00,Policy,,2025-05-07 00:00:00+00:00,Kildare-South,Kildare South,dail,house,34th Dáil,34,,,,,,,,Sessional,,2025-05-01 00:00:00+00:00,Select Committee on Education and Youth,Live - Primary,Live,,2025-04-30 00:00:00+00:00,Shadow Department,,2025-05-07 00:00:00+00:00,,,,,,,,,,,,,,,,,,,,,,,,,,,,,,,,,,,,,,,,,,,,,,,,,,,,,,,,,,,,,,,,,,,,,,,,,,,,,,,,,,,,,,,,,,,,,,,,,,,,,,,,,,,,,,,,,,,,,,,,,,,,,,,,,,,,,,,,,,,,,,,,,,,,,,,,,,,,,,false,2024
Darragh-O'Brien.D.2007-06-14,Darragh,O'Brien,Darragh O'Brien,,2024-11-29,Fianna Fáil,Fianna_Fáil,,2024-11-29,,,,,,,,,,,,,,,,,,,,,,,,,,,,,,,,,,Dublin-Fingal-East,Dublin Fingal East,dail,house,34th Dáil,34,,,,,,,,,,,,,,,,,,,,2025-06-02,"Minister for Climate, Energy and the Environment",,,,,,,,,,,,,,,,,,,,,,,,,,,,,,,,,,,,,,,,,,,,,,,,,,,,,,,,,,,,,,,,,,,,,,,,,,,,,,,,,,,2025-06-01,2025-01-23,Minister for Transport,,,,,,,2025-06-01,2025-01-23,"Minister for Environment, Climate and Communications",,2025-06-02,Minister for Transport,,,,,,,,,,,,,,,,,,,,,,,,,,,,,,,,,,,,,,,,,,,,,,,,,,,,,,,,,,true,2007
Cian-O'Callaghan.D.2020-02-08,Cian,O'Callaghan,Cian O'Callaghan,,2024-11-29,Social Democrats,Social_Democrats,,2024-11-29,Sessional,,2025-05-01 00:00:00+00:00,"Joint Committee on Finance, Public Expenditure, Public Service Reform and Digitalisation, and Taoiseach",Live - Primary,Live,Shadow Department,,2025-05-07 00:00:00+00:00,,2025-05-07 00:00:00+00:00,Standing,,2024-11-29 00:00:00+00:00,Business Committee (Dáil Éireann),Live - Primary,Live,,2024-12-18 00:00:00+00:00,Parliamentary Business and Committee Membership,,2025-01-16 00:00:00+00:00,Standing,,2024-11-29 00:00:00+00:00,Committee on Standing Orders and Dáil Reform,Live - Primary,Live,,2024-12-18 00:00:00+00:00,Parliamentary Regulation and Reform,,2025-01-16 00:00:00+00:00,Dublin-Bay-North,Dublin Bay North,dail,house,34th Dáil,34,,,,,,,,Standing,,2024-11-29 00:00:00+00:00,Committee on Budgetary Oversight,Live - Primary,Live,,2024-12-18 00:00:00+00:00,Oversight,,2025-05-07 00:00:00+00:00,,,,,,,,,,Standing,,2024-11-29 00:00:00+00:00,Committee of Selection (Dáil Éireann),Live - Primary,Live,,2024-12-18 00:00:00+00:00,Parliamentary Business and Committee Membership,,2025-01-16 00:00:00+00:00,Sessional,,2025-05-01 00:00:00+00:00,"Select Committee on Finance, Public Expenditure, Public Service Reform and Digitalisation, and Taoiseach",Live - Primary,Live,,2025-04-30 00:00:00+00:00,Shadow Department,,2025-05-07 00:00:00+00:00,,,,,,,,,,,,,,,,,,,,,,,,,,,,,,,,,,,,,,,,,,,,,,,,,,,,,,,,,,,,,,,,,,,,,,,,,,,,,,,,,,,,,,,,,,,,,,,,,,,,,,,,,,,,,,,,,,,,,,,,,,,,,,,false,2020
Jim-O'Callaghan.D.2016-10-03,Jim,O'Callaghan,Jim O'Callaghan,,2024-11-29,Fianna Fáil,Fianna_Fáil,,2024-11-29,,,,,,,,,,,,,,,,,,,,,,,,,,,,,,,,,,Dublin-Bay-South,Dublin Bay South,dail,house,34th Dáil,34,,,,,,,,,,,,,,,,,,,2025-06-04,2025-01-23,Minister for Justice,,,,,,,,,,,,,,,,,,,,,,,,,,,,,,,,,,,,,,,,,,,,,,,,,,,,,,,,,,,,,,,,,,,,,,,,,,,,,,,,,,,,2025-06-05,"Minister for Justice, Home Affairs and Migration",,,,,,,,,,,,,,,,,,,,,,,,,,,,,,,,,,,,,,,,,,,,,,,,,,,,,,,,,,,,,,,,,,,,,,true,2016
Maeve-O'Connell.D.2024-11-29,Maeve,O'Connell,Maeve O'Connell,,2024-11-29,Fine Gael,Fine_Gael,,2024-11-29,Sessional,,2025-05-01 00:00:00+00:00,Joint Committee on Defence and National Security,Live - Primary,Live,Shadow Department,,2025-05-13 00:00:00+00:00,,2025-05-07 00:00:00+00:00,Sessional,,2025-05-01 00:00:00+00:00,"Joint Committee on Further and Higher Education, Research, Innovation and Science",Live - Primary,Live,,2025-05-13 00:00:00+00:00,Shadow Department,,2025-05-07 00:00:00+00:00,Standing,,2025-01-29 00:00:00+00:00,Joint Committee on Public Petitions and the Ombudsmen,Live - Primary,Live,,2025-02-12 00:00:00+00:00,Oversight,,2026-05-26 00:00:00+00:00,Dublin-Rathdown,Dublin Rathdown,dail,house,34th Dáil,34,,,,,,,,Sessional,,2025-05-01 00:00:00+00:00,"Select Committee on Further and Higher Education, Research, Innovation and Science",Live - Primary,Live,,2025-04-30 00:00:00+00:00,Shadow Department,,2025-05-07 00:00:00+00:00,,,,,,,,,,Standing,,2025-01-29 00:00:00+00:00,Select Committee on Public Petitions and the Ombudsmen,Live - Primary,Live,,2025-02-12 00:00:00+00:00,Oversight,,2026-05-26 00:00:00+00:00,Sessional,,2025-05-01 00:00:00+00:00,Select Committee on Defence and National Security,Live - Primary,Live,,2025-04-30 00:00:00+00:00,Shadow Department,,2025-05-07 00:00:00+00:00,,,,,,,,,,,,,,,,,,,,,,,,2025-06-11 00:00:00+00:00,Leas-Chathaoirleach,,2025-06-11 00:00:00+00:00,Leas-Chathaoirleach,,,,,,,,,,,,,,,,,,,,,,,,,,,,,,,,,,,,,,,,,,,,,,,,,,,,,,,,,,,,,,,,,,,,,,,,,,,,,,,,,,,,,,,,,,,,,,,,,,,false,2024
James-O'Connor.D.2020-02-08,James,O'Connor,James O'Connor,,2024-11-29,Fianna Fáil,Fianna_Fáil,,2024-11-29,Special,,2025-05-01 00:00:00+00:00,Joint Committee on Artificial Intelligence,Live - Primary,Live,Policy,,2025-05-12 00:00:00+00:00,,2025-05-07 00:00:00+00:00,Special,,2025-05-01 00:00:00+00:00,Joint Committee on Drugs Use,Dissolved,Dissolved,2026-06-24 00:00:00+00:00,2025-05-13 00:00:00+00:00,Policy,2026-06-24 00:00:00+00:00,2025-05-07 00:00:00+00:00,Sessional,,2025-05-01 00:00:00+00:00,"Joint Committee on Enterprise, Tourism and Employment",Live - Primary,Live,,2025-05-13 00:00:00+00:00,Shadow Department,,2025-05-07 00:00:00+00:00,Cork-East,Cork East,dail,house,34th Dáil,34,,,,,,2025-05-07 00:00:00+00:00,Cathaoirleach,Standing,,2025-01-29 00:00:00+00:00,Working Group of Committee Cathaoirligh,Live - Primary,Live,,2025-02-12 00:00:00+00:00,The Committee System and Parliamentary Administration,,2025-05-07 00:00:00+00:00,,,,,,,,,,Sessional,,2025-05-01 00:00:00+00:00,"Select Committee on Enterprise, Tourism and Employment",Live - Primary,Live,,2025-04-30 00:00:00+00:00,Shadow Department,,2025-05-07 00:00:00+00:00,Special,,2025-05-01 00:00:00+00:00,Select Committee on Artificial Intelligence,Live - Primary,Live,,2025-04-30 00:00:00+00:00,Policy,,2025-05-07 00:00:00+00:00,Special,,2025-05-01 00:00:00+00:00,Select Committee on Drugs Use,Live - Primary,Live,,2025-04-30 00:00:00+00:00,Policy,2026-06-24 00:00:00+00:00,2025-05-07 00:00:00+00:00,,,,,,,,,,,,,,,,,,,,,,,,,,,,,,,,,,,,,,,,,,,,,,,,2025-05-07 00:00:00+00:00,Cathaoirleach,,,,,,,,,,,,,,,,,,,,,,,,,,,,,,,,,,,,,,,,,,,,,,,,,,,,,,,,,,,,,,,,,,,false,2020
Willie-O'Dea.D.1982-03-09,Willie,O'Dea,Willie O'Dea,,2024-11-29,Fianna Fáil,Fianna_Fáil,,2024-11-29,Sessional,,2025-05-01 00:00:00+00:00,"Joint Committee on Housing, Local Government and Heritage",Live - Primary,Live,Shadow Department,,2025-05-07 00:00:00+00:00,2025-06-18 00:00:00+00:00,2025-05-07 00:00:00+00:00,Special,,2025-05-01 00:00:00+00:00,Joint Committee on Drugs Use,Dissolved,Dissolved,2026-06-24 00:00:00+00:00,2025-05-13 00:00:00+00:00,Policy,2026-06-24 00:00:00+00:00,2025-05-07 00:00:00+00:00,Standing,,2024-11-29 00:00:00+00:00,Committee on Members' Interests of Dáil Éireann,Live - Primary,Live,,2024-12-18 00:00:00+00:00,Statutory,,2025-05-07 00:00:00+00:00,Limerick-City,Limerick City,dail,house,34th Dáil,34,,,,,,,,Sessional,,2025-05-01 00:00:00+00:00,"Select Committee on Housing, Local Government and Heritage",Live - Primary,Live,,2025-04-30 00:00:00+00:00,Shadow Department,2025-06-18 00:00:00+00:00,2025-05-07 00:00:00+00:00,,,,,,,,,,Special,,2025-05-01 00:00:00+00:00,Select Committee on Drugs Use,Live - Primary,Live,,2025-04-30 00:00:00+00:00,Policy,2026-06-24 00:00:00+00:00,2025-05-07 00:00:00+00:00,,,,,,,,,,,,,,,,,,,,,,,,,,,,,,,,,,,,,,,,,,,,,,,,,,,,,,,,,,,,,,,,,,,,,,,,,,,,,,,,,,,,,,,,,,,,,,,,,,,,,,,,,,,,,,,,,,,,,,,,,,,,,,,,,,,,,,,,,,false,1982
Kieran-O'Donnell.D.2007-06-14,Kieran,O'Donnell,Kieran O'Donnell,,2024-11-29,Fine Gael,Fine_Gael,,2024-11-29,,,,,,,,,,,,,,,,,,,,,,,,,,,,,,,,,,Limerick-City,Limerick City,dail,house,34th Dáil,34,,,,,,,,,,,,,,,,,,,,2025-01-29,"Minister of State at the Department of Health and at the Department of Housing, Local Government and Heritage",,,,,,,,,,,,,,,,,,,,,,,,,,,,,,,,,,,,,,,,,,,,,,,,,,,,,,,,,,,,,,,,,,,,,,,,,,,,,,,,,,,,,,,,,,,,,,,,,,,,,,,,,,,,,,,,,,,,,,,,,,,,,,,,,,,,,,,,,,,,,,,,,,,,,,,,,,,true,2007
Richard-O'Donoghue.D.2020-02-08,Richard,O'Donoghue,Richard O'Donoghue,,2024-11-29,Independent Ireland,Independent_Ireland,,2024-11-29,Standing,,2025-01-29 00:00:00+00:00,Working Group of Committee Cathaoirligh,Live - Primary,Live,The Committee System and Parliamentary Administration,,2025-02-12 00:00:00+00:00,,2025-05-07 00:00:00+00:00,Standing,,2024-11-29 00:00:00+00:00,Committee on Budgetary Oversight,Live - Primary,Live,,2024-12-18 00:00:00+00:00,Oversight,,2025-05-07 00:00:00+00:00,,,,,,,,,,,,Limerick-County,Limerick County,dail,house,34th Dáil,34,,,,,,,,,,,,,,,,,,,,,,,,,,,,,,,,,,,,,,,,,,,,,,,,,,,,,,,,,,,,,,,,,,,,,,,,,2025-05-07 00:00:00+00:00,Cathaoirleach,,,,,,,,,,,,,,,,,,,,,,,,,,,,,,,,,,,,,,,,,,,,,,,,,,,,,,,,,,,,,,,,,,,,,,,,,,,,,,,,,,,,,,,,,,,,,,,,,,,,,,false,2020
Robert-O'Donoghue.D.2024-11-29,Robert,O'Donoghue,Robert O'Donoghue,,2024-11-29,Labour Party,Labour_Party,,2024-11-29,Sessional,,2025-05-01 00:00:00+00:00,Joint Committee on European Union Affairs,Live - Primary,Live,Shadow Department,,2025-05-13 00:00:00+00:00,,2025-05-07 00:00:00+00:00,Sessional,,2025-05-01 00:00:00+00:00,Select Committee on European Union Affairs,Live - Primary,Live,,2025-04-30 00:00:00+00:00,Shadow Department,,2025-05-07 00:00:00+00:00,Standing transitional,,2025-01-21 16:29:34.896666+00:00,Select Committee on Subsidiarity (European Union Legislative Scrutiny),Dissolved,Dissolved,2025-05-07 00:00:00+00:00,2025-01-23 00:00:00+00:00,Shadow Department,2025-05-07 00:00:00+00:00,2025-02-13 00:00:00+00:00,Dublin-Fingal-West,Dublin Fingal West,dail,house,34th Dáil,34,,,,,,,,,,,,,,,,,,,,,,,,,,,,,,,,,,,,,,,,,,,,,,,,,,,,,,,,,,,,,,,,,,,,,,,,,,,,,,,,,,,,,,,,,,,,,,,,,,,,,,,,,,,,,,,,,,,,,,,,,,,,,,,,,,,,,,,,,,,,,,,,,,,,,,,,,,,,,,,,,,,,,,,,,,,,,,,,false,2024
Patrick-O'Donovan.D.2011-03-09,Patrick,O'Donovan,Patrick O'Donovan,,2024-11-29,Fine Gael,Fine_Gael,,2024-11-29,,,,,,,,,,,,,,,,,,,,,,,,,,,,,,,,,,Limerick-County,Limerick County,dail,house,34th Dáil,34,,,,,,,,,,,,,,,,,,,2025-06-01,2025-01-23,"Minister for Tourism, Culture, Arts, Gaeltacht, Sport and Media",,,,,,,,,,,,,,,,,,,,,,,,,,,,,,,,,,,,,,,,,,,,,,,,,,,,,,,,,,,,,,,,,,,,,,,,,,,,,,,,,,,,2025-06-02,"Minister for Culture, Communications and Sport",,,,,,,,,,,,,,,,,,,,,,,,,,,,,,,,,,,,,,,,,,,,,,,,,,,,,,,,,,,,,,,,,,,,,,true,2011
Ken-O'Flynn.D.2024-11-29,Ken,O'Flynn,Ken O'Flynn,,2024-11-29,Independent Ireland,Independent_Ireland,,2024-11-29,Standing,,2025-01-29 00:00:00+00:00,Joint Committee on Remit Oversight,Live - Primary,Live,Parliamentary Regulation and Reform,,2025-02-12 00:00:00+00:00,,2025-05-21 00:00:00+00:00,Sessional,,2025-05-01 00:00:00+00:00,Joint Committee on Foreign Affairs and Trade,Live - Primary,Live,,2025-05-07 00:00:00+00:00,Shadow Department,,2025-05-07 00:00:00+00:00,Standing,,2024-11-29 00:00:00+00:00,Committee on Parliamentary Privileges and Oversight (Dáil Éireann),Live - Primary,Live,,2024-12-18 00:00:00+00:00,Parliamentary Regulation and Reform,,2025-05-21 00:00:00+00:00,Cork-North-Central,Cork North-Central,dail,house,34th Dáil,34,,,,,,,,Standing,,2025-01-29 00:00:00+00:00,Committee on Remit Oversight (Dáil Éireann),Live - Primary,Live,,2024-12-18 00:00:00+00:00,Parliamentary Regulation and Reform,,2025-05-21 00:00:00+00:00,,,,,,,,,,Sessional,,2025-05-01 00:00:00+00:00,Select Committee on Foreign Affairs and Trade,Live - Primary,Live,,2025-04-30 00:00:00+00:00,Shadow Department,,2025-05-07 00:00:00+00:00,,,,,,,,,,,,,,,,,,,,,,,,,,,,,,,,,,,,,,,,,,,,,,,,,,,,,,,,,,,,,,,,,,,,,,,,,,,,,,,,,,,,,,,,,,,,,,,,,,,,,,,,,,,,,,,,,,,,,,,,,,,,,,,,,,,,,,,,,,false,2024
Roderic-O'Gorman.D.2020-02-08,Roderic,O'Gorman,Roderic O'Gorman,,2024-11-29,Green Party,Green_Party,,2024-11-29,Sessional,,2025-05-01 00:00:00+00:00,Joint Committee on Transport,Live - Primary,Live,Shadow Department,,2025-05-13 00:00:00+00:00,,2025-05-07 00:00:00+00:00,Sessional,,2025-05-01 00:00:00+00:00,Select Committee on Transport,Live - Primary,Live,,2025-04-30 00:00:00+00:00,Shadow Department,,2025-05-07 00:00:00+00:00,,,,,,,,,,,,Dublin-West,Dublin West,dail,house,34th Dáil,34,,,,,,,,,,,,,,,,,,,,,,,,,,,,,,,,,,,,,,,,,,,,,,,,,,,,,,,,,,,,,,,,,,,,,,,,,,,,,,,,,,,,,,,,,,,,,,,,,,,,,,,,,,,,,,,,,,,,,,,,,,,,,,,,,,,,,,,,,,,,,,,,,,,,,,,,,,,,,,,,,,,,,,,,,,,,,,,,false,2020
Louis-O'Hara.D.2024-11-29,Louis,O'Hara,Louis O'Hara,,2024-11-29,Sinn Féin,Sinn_Féin,,2024-11-29,Sessional,,2025-05-01 00:00:00+00:00,Joint Committee on Transport,Live - Primary,Live,Shadow Department,,2025-05-13 00:00:00+00:00,,2025-05-07 00:00:00+00:00,Sessional,,2025-05-01 00:00:00+00:00,Joint Committee on Infrastructure and National Development Plan Delivery,Live - Primary,Live,,2025-05-07 00:00:00+00:00,Shadow Department,,2025-05-07 00:00:00+00:00,Sessional,,2025-05-01 00:00:00+00:00,Select Committee on Transport,Live - Primary,Live,,2025-04-30 00:00:00+00:00,Shadow Department,,2025-05-07 00:00:00+00:00,Galway-East,Galway East,dail,house,34th Dáil,34,,,,,,,,Sessional,,2025-05-01 00:00:00+00:00,Select Committee on Infrastructure and National Development Plan Delivery,Live - Primary,Live,,2025-04-30 00:00:00+00:00,Shadow Department,,2025-05-07 00:00:00+00:00,,,,,,,,,,,,,,,,,,,,,,,,,,,,,,,,,,,,,,,,,,,,,,,,,,,,,,,,,,,,,,,,,,,,,,,,,,,,,,,,,,,,,,,,,,,,,,,,,,,,,,,,,,,,,,,,,,,,,,,,,,,,,,,,,,,,,,,,,,,,,,,,,,,,,,,,,,,,,,false,2024
Ryan-O'Meara.D.2024-11-29,Ryan,O'Meara,Ryan O'Meara,,2024-11-29,Fianna Fáil,Fianna_Fáil,,2024-11-29,Sessional,,2025-05-01 00:00:00+00:00,Joint Committee on Education and Youth,Live - Primary,Live,Shadow Department,,2025-05-13 00:00:00+00:00,,2025-05-07 00:00:00+00:00,Sessional,,2025-05-01 00:00:00+00:00,Joint Committee on Defence and National Security,Live - Primary,Live,,2025-05-13 00:00:00+00:00,Shadow Department,,2025-05-07 00:00:00+00:00,Sessional,,2025-05-01 00:00:00+00:00,"Joint Committee on Finance, Public Expenditure, Public Service Reform and Digitalisation, and Taoiseach",Live - Primary,Live,,2025-05-07 00:00:00+00:00,Shadow Department,,2026-01-20 00:00:00+00:00,Tipperary-North,Tipperary North,dail,house,34th Dáil,34,,,,,,,,Sessional,,2025-05-01 00:00:00+00:00,"Select Committee on Finance, Public Expenditure, Public Service Reform and Digitalisation, and Taoiseach",Live - Primary,Live,,2025-04-30 00:00:00+00:00,Shadow Department,,2026-01-20 00:00:00+00:00,,,,,,,,,,Sessional,,2025-05-01 00:00:00+00:00,Select Committee on Education and Youth,Live - Primary,Live,,2025-04-30 00:00:00+00:00,Shadow Department,,2025-05-07 00:00:00+00:00,Sessional,,2025-05-01 00:00:00+00:00,Select Committee on Defence and National Security,Live - Primary,Live,,2025-04-30 00:00:00+00:00,Shadow Department,,2025-05-07 00:00:00+00:00,Standing,,2024-11-29 00:00:00+00:00,Committee on Budgetary Oversight,Live - Primary,Live,,2024-12-18 00:00:00+00:00,Oversight,2026-01-20 00:00:00+00:00,2025-05-07 00:00:00+00:00,,,,,,,,,,,,,,,,,,,,,,,,,,,,,,,,,,,,,,,,,,,,,,,,,,,,,,,,,,,,,,,,,,,,,,,,,,,,,,,,,,,,,,,,,,,,,,,,,,,,,,,,,,,,,,,,,,,,false,2024
Louise-O'Reilly.D.2016-10-03,Louise,O'Reilly,Louise O'Reilly,,2024-11-29,Sinn Féin,Sinn_Féin,,2024-11-29,Sessional,,2025-05-01 00:00:00+00:00,"Joint Committee on Social Protection, Rural and Community Development",Live - Primary,Live,Shadow Department,,2025-05-13 00:00:00+00:00,,2025-05-07 00:00:00+00:00,Standing,,2025-01-29 00:00:00+00:00,Joint Committee on Public Petitions and the Ombudsmen,Live - Primary,Live,,2025-02-12 00:00:00+00:00,Oversight,,2025-05-07 00:00:00+00:00,Standing,,2025-01-29 00:00:00+00:00,Working Group of Committee Cathaoirligh,Live - Primary,Live,,2025-02-12 00:00:00+00:00,The Committee System and Parliamentary Administration,2025-05-07 00:00:00+00:00,2025-05-07 00:00:00+00:00,Dublin-Fingal-West,Dublin Fingal West,dail,house,34th Dáil,34,,,,,,,,Standing,,2025-01-29 00:00:00+00:00,Select Committee on Public Petitions and the Ombudsmen,Live - Primary,Live,,2025-02-12 00:00:00+00:00,Oversight,,2025-05-07 00:00:00+00:00,,,,,,,,,,Sessional,,2025-05-01 00:00:00+00:00,"Select Committee on Social Protection, Rural and Community Development",Live - Primary,Live,,2025-04-30 00:00:00+00:00,Shadow Department,,2025-05-07 00:00:00+00:00,Standing,,2024-11-29 00:00:00+00:00,Committee on Members' Interests of Dáil Éireann,Live - Primary,Live,,2024-12-18 00:00:00+00:00,Statutory,,2025-05-07 00:00:00+00:00,,,,,,,,,,,,,,,,,,,,,,,,2025-05-07 00:00:00+00:00,Cathaoirleach,,2025-05-07 00:00:00+00:00,Cathaoirleach,,,,,,,,,,,,,,,,,,,,,,,,,,,,,,,,,,,,,,,,,,,,,,,,,,,,,,,,,,,,,,,,,,,,,,,,,,,,,,,,,,,,,,,,,,,,,,,,,,,false,2016
Darren-O'Rourke.D.2020-02-08,Darren,O'Rourke,Darren O'Rourke,,2024-11-29,Sinn Féin,Sinn_Féin,,2024-11-29,Sessional,,2025-05-01 00:00:00+00:00,Joint Committee on Education and Youth,Live - Primary,Live,Shadow Department,,2025-05-13 00:00:00+00:00,,2025-05-07 00:00:00+00:00,Special,,2025-05-01 00:00:00+00:00,Joint Committee on Artificial Intelligence,Live - Primary,Live,,2025-05-12 00:00:00+00:00,Policy,,2025-05-07 00:00:00+00:00,Sessional,,2025-05-01 00:00:00+00:00,Select Committee on Education and Youth,Live - Primary,Live,,2025-04-30 00:00:00+00:00,Shadow Department,,2025-05-07 00:00:00+00:00,Meath-East,Meath East,dail,house,34th Dáil,34,,,,,,,,Special,,2025-05-01 00:00:00+00:00,Select Committee on Artificial Intelligence,Live - Primary,Live,,2025-04-30 00:00:00+00:00,Policy,,2025-05-07 00:00:00+00:00,,,,,,,,,,,,,,,,,,,,,,,,,,,,,,,,,,,,,,,,,,,,,,,,,,,,,,,,,,,,,,,,,,,,,,,,,,,,,,,,,,,,,,,,,,,,,,,,,,,,,,,,,,,,,,,,,,,,,,,,,,,,,,,,,,,,,,,,,,,,,,,,,,,,,,,,,,,,,,false,2020
John-Paul-O'Shea.D.2024-11-29,John Paul,O'Shea,John Paul O'Shea,,2024-11-29,Fine Gael,Fine_Gael,,2024-11-29,Standing,,2025-01-29 00:00:00+00:00,Working Group of Committee Cathaoirligh,Live - Primary,Live,The Committee System and Parliamentary Administration,,2025-02-12 00:00:00+00:00,,2025-05-07 00:00:00+00:00,Sessional,,2025-05-01 00:00:00+00:00,"Joint Committee on Social Protection, Rural and Community Development",Live - Primary,Live,,2025-05-13 00:00:00+00:00,Shadow Department,,2025-05-07 00:00:00+00:00,Special,,2025-05-01 00:00:00+00:00,Joint Committee on Drugs Use,Dissolved,Dissolved,2026-06-24 00:00:00+00:00,2025-05-13 00:00:00+00:00,Policy,2026-06-24 00:00:00+00:00,2025-05-07 00:00:00+00:00,Cork-North-West,Cork North-West,dail,house,34th Dáil,34,,,,,,,,Standing,,2024-11-29 00:00:00+00:00,Committee on Budgetary Oversight,Live - Primary,Live,,2024-12-18 00:00:00+00:00,Oversight,,2025-05-07 00:00:00+00:00,,,,,,,,,,Sessional,,2025-05-01 00:00:00+00:00,"Select Committee on Social Protection, Rural and Community Development",Live - Primary,Live,,2025-04-30 00:00:00+00:00,Shadow Department,,2025-05-07 00:00:00+00:00,Special,,2025-05-01 00:00:00+00:00,Select Committee on Drugs Use,Live - Primary,Live,,2025-04-30 00:00:00+00:00,Policy,2026-06-24 00:00:00+00:00,2025-05-07 00:00:00+00:00,,,,,,,,,,,,,,,,,,,,,,,,2025-05-07 00:00:00+00:00,Cathaoirleach,,,,,,,,,,,,,,,,,,,,,,,,,,,,,,,,,,2025-05-07 00:00:00+00:00,Cathaoirleach,,,,,,,,,,,,,,,,,,,,,,,,,,,,,,,,,,,,,,,,,,,,,,,,,,,,,,,,,,,,,,,,,,,false,2024
Christopher-O'Sullivan.D.2020-02-08,Christopher,O'Sullivan,Christopher O'Sullivan,,2024-11-29,Fianna Fáil,Fianna_Fáil,,2024-11-29,,,,,,,,,,,,,,,,,,,,,,,,,,,,,,,,,,Cork-South-West,Cork South-West,dail,house,34th Dáil,34,,,,,,,,,,,,,,,,,,,,2025-01-29,"Minister of State at the Department of Housing, Local Government and Heritage",,,,,,,,,,,,,,,,,,,,,,,,,,,,,,,,,,,,,,,,,,,,,,,,,,,,,,,,,,,,,,,,,,,,,,,,,,,,,,,,,,,,,,,,,,,,,,,,,,,,,,,,,,,,,,,,,,,,,,,,,,,,,,,,,,,,,,,,,,,,,,,,,,,,,,,,,,,true,2020
Pádraig-O'Sullivan.D.2019-11-29,Pádraig,O'Sullivan,Pádraig O'Sullivan,,2024-11-29,Fianna Fáil,Fianna_Fáil,,2024-11-29,Standing,,2025-01-29 00:00:00+00:00,Joint Committee on Remit Oversight,Live - Primary,Live,Parliamentary Regulation and Reform,,2025-02-12 00:00:00+00:00,,2025-05-21 00:00:00+00:00,Sessional,,2025-05-01 00:00:00+00:00,Joint Committee on Health,Live - Primary,Live,,2025-05-13 00:00:00+00:00,Shadow Department,,2025-05-07 00:00:00+00:00,Sessional,,2025-05-01 00:00:00+00:00,"Joint Committee on Justice, Home Affairs and Migration",Live - Primary,Live,,2025-05-13 00:00:00+00:00,Shadow Department,,2025-05-07 00:00:00+00:00,Cork-North-Central,Cork North-Central,dail,house,34th Dáil,34,,,,,,,,Sessional,,2025-05-01 00:00:00+00:00,"Joint Committee on Arts, Media, Communications, Culture and Sport",Live - Primary,Live,,2025-05-07 00:00:00+00:00,Shadow Department,,2025-05-07 00:00:00+00:00,,,,,,,,,,Standing,,2024-11-29 00:00:00+00:00,Committee on Standing Orders and Dáil Reform,Live - Primary,Live,,2024-12-18 00:00:00+00:00,Parliamentary Regulation and Reform,,2025-07-17 00:00:00+00:00,Sessional,,2025-05-01 00:00:00+00:00,"Select Committee on Justice, Home Affairs and Migration",Live - Primary,Live,,2025-04-30 00:00:00+00:00,Shadow Department,,2025-05-07 00:00:00+00:00,Standing,,2024-11-29 00:00:00+00:00,Committee on Parliamentary Privileges and Oversight (Dáil Éireann),Live - Primary,Live,,2024-12-18 00:00:00+00:00,Parliamentary Regulation and Reform,,2025-05-21 00:00:00+00:00,Standing,,2025-01-29 00:00:00+00:00,Committee on Remit Oversight (Dáil Éireann),Live - Primary,Live,,2024-12-18 00:00:00+00:00,Parliamentary Regulation and Reform,,2025-05-21 00:00:00+00:00,,,,,,,,,,Sessional,,2025-05-01 00:00:00+00:00,"Select Committee on Arts, Media, Communications, Culture and Sport",Live - Primary,Live,,2025-04-30 00:00:00+00:00,Shadow Department,,2025-05-07 00:00:00+00:00,Sessional,,2025-05-01 00:00:00+00:00,Select Committee on Health,Live - Primary,Live,[],,2025-04-30 00:00:00+00:00,Shadow Department,,2025-05-07 00:00:00+00:00,,,,,,,,,,,,,,,,,,,,,,,,,,,,,,,,,,,,,,,,,,,,,,,,,,,,,,,,,,,,,,,,,,,,,,,,,false,2019
Liam-Quaide.D.2024-11-29,Liam,Quaide,Liam Quaide,,2024-11-29,Social Democrats,Social_Democrats,,2024-11-29,Sessional,,2025-05-01 00:00:00+00:00,"Joint Committee on Social Protection, Rural and Community Development",Live - Primary,Live,Shadow Department,,2025-05-13 00:00:00+00:00,2025-10-22 00:00:00+00:00,2025-05-07 00:00:00+00:00,Sessional,,2025-05-01 00:00:00+00:00,Joint Committee on Disability Matters,Live - Primary,Live,,2025-05-13 00:00:00+00:00,Shadow Department,,2025-05-07 00:00:00+00:00,Sessional,,2025-05-01 00:00:00+00:00,"Select Committee on Social Protection, Rural and Community Development",Live - Primary,Live,,2025-04-30 00:00:00+00:00,Shadow Department,2025-10-22 00:00:00+00:00,2025-05-07 00:00:00+00:00,Cork-East,Cork East,dail,house,34th Dáil,34,,,,,,,,Sessional,,2025-05-01 00:00:00+00:00,Select Committee on Disability Matters,Live - Primary,Live,,2025-04-30 00:00:00+00:00,Shadow Department,,2025-05-07 00:00:00+00:00,,,,,,,,,,,,,,,,,,,,,,,,,,,,,,,,,,,,,,,,,,,,,,,,,,,,,,,,,,,,,,,,,,,,,,,,,,,,,,,,,,,,,,,,,,,,,,,,,,,,,,,,,,,,,,,,,,,,,,,,,,,,,,,,,,,,,,,,,,,,,,,,,,,,,,,,,,,,,,false,2024
Maurice-Quinlivan.D.2016-10-03,Maurice,Quinlivan,Maurice Quinlivan,,2024-11-29,Sinn Féin,Sinn_Féin,,2024-11-29,Standing,,2025-01-29 00:00:00+00:00,Working Group of Committee Cathaoirligh,Live - Primary,Live,The Committee System and Parliamentary Administration,,2025-02-12 00:00:00+00:00,,2025-05-07 00:00:00+00:00,Sessional,,2025-05-01 00:00:00+00:00,Joint Committee on Disability Matters,Live - Primary,Live,,2025-05-13 00:00:00+00:00,Shadow Department,,2025-05-07 00:00:00+00:00,Sessional,,2025-05-01 00:00:00+00:00,Joint Committee on Key Issues Affecting the Traveller Community,Live - Primary,Live,,2025-05-12 00:00:00+00:00,Policy,,2025-05-07 00:00:00+00:00,Limerick-City,Limerick City,dail,house,34th Dáil,34,,,,,,,,Sessional,,2025-05-01 00:00:00+00:00,Select Committee on Disability Matters,Live - Primary,Live,,2025-04-30 00:00:00+00:00,Shadow Department,,2025-05-07 00:00:00+00:00,,,,,,,,,,Sessional,,2025-05-01 00:00:00+00:00,Select Committee on Key Issues Affecting the Traveller Community,Live - Primary,Live,,2025-04-30 00:00:00+00:00,Policy,,2025-05-07 00:00:00+00:00,,,,,,,,,,,,,,,,,,,,,,,,,,,,,,,,,,,2025-05-07 00:00:00+00:00,Cathaoirleach,,2025-05-07 00:00:00+00:00,Cathaoirleach,,,,,,,,,,,,,,,,,,,,,,,,,,,,,,,,,,,,,,,,,,,,,,,,,,,,,,,,,,,,,,,,,,,,,,,,,,,,,,,,,,,,,,,,,,,,,,,,,,,false,2016
Pádraig-Rice.D.2024-11-29,Pádraig,Rice,Pádraig Rice,,2024-11-29,Social Democrats,Social_Democrats,,2024-11-29,Standing,,2025-01-29 00:00:00+00:00,Working Group of Committee Cathaoirligh,Live - Primary,Live,The Committee System and Parliamentary Administration,,2025-02-12 00:00:00+00:00,,2025-05-07 00:00:00+00:00,Sessional,,2025-05-01 00:00:00+00:00,Joint Committee on Health,Live - Primary,Live,,2025-05-13 00:00:00+00:00,Shadow Department,,2025-05-07 00:00:00+00:00,Sessional,,2025-05-01 00:00:00+00:00,Joint Committee on Key Issues Affecting the Traveller Community,Live - Primary,Live,,2025-05-12 00:00:00+00:00,Policy,,2025-05-07 00:00:00+00:00,Cork-South-Central,Cork South-Central,dail,house,34th Dáil,34,,,,,,,,Standing transitional,,2025-01-21 16:29:34.896666+00:00,Select Committee on Subsidiarity (European Union Legislative Scrutiny),Dissolved,Dissolved,2025-05-07 00:00:00+00:00,2025-01-23 00:00:00+00:00,Shadow Department,2025-05-07 00:00:00+00:00,2025-02-13 00:00:00+00:00,,,,,,,,,,Sessional,,2025-05-01 00:00:00+00:00,Select Committee on Health,Live - Primary,Live,,2025-04-30 00:00:00+00:00,Shadow Department,,2025-05-07 00:00:00+00:00,Sessional,,2025-05-01 00:00:00+00:00,Select Committee on Key Issues Affecting the Traveller Community,Live - Primary,Live,,2025-04-30 00:00:00+00:00,Policy,,2025-05-07 00:00:00+00:00,,,,,,,,,,,,,,,,,,,,,,,,2025-05-07 00:00:00+00:00,Cathaoirleach,,,,,,,,,,,,,,,,,,,,,,,,,,,,,,,,,,2025-05-07 00:00:00+00:00,Cathaoirleach,,,,,,,,,,,,,,,,,,,,,,,,,,,,,,,,,,,,,,,,,,,,,,,,,,,,,,,,,,,,,,,,,,,false,2024
Neale-Richmond.S.2016-04-25,Neale,Richmond,Neale Richmond,,2024-11-29,Fine Gael,Fine_Gael,,2024-11-29,,,,,,,,,,,,,,,,,,,,,,,,,,,,,,,,,,Dublin-Rathdown,Dublin Rathdown,dail,house,34th Dáil,34,,,,,,,,,,,,,,,,,,,,2025-03-26,Minister of State at the Department of Foreign Affairs and Trade,,,,,,,,,,,,,,,,,,,,,,,,,,,,,,,,,,,,,,,,,,,,,,,,,,,,,,,,,,,,,,,,,,,,,,,,,,,,,,,,,,,2025-03-25,2025-01-29,Minister of State at the Department of Foreign Affairs,,,,,,,,,,,,,,,,,,,,,,,,,,,,,,,,,,,,,,,,,,,,,,,,,,,,,,,,,,,,,,,,,,,,,,true,2016
Peter-Roche.D.2024-11-29,Peter,Roche,Peter Roche,,2024-11-29,Fine Gael,Fine_Gael,,2024-11-29,Sessional,,2025-05-01 00:00:00+00:00,Joint Committee on Health,Live - Primary,Live,Shadow Department,,2025-05-13 00:00:00+00:00,,2025-05-07 00:00:00+00:00,Sessional,,2025-05-01 00:00:00+00:00,Joint Committee on Education and Youth,Live - Primary,Live,,2025-05-13 00:00:00+00:00,Shadow Department,,2025-05-07 00:00:00+00:00,Sessional,,2025-05-01 00:00:00+00:00,"Joint Committee on Social Protection, Rural and Community Development",Live - Primary,Live,,2025-05-13 00:00:00+00:00,Shadow Department,,2025-05-07 00:00:00+00:00,Galway-East,Galway East,dail,house,34th Dáil,34,,,,,,,,Sessional,,2025-05-01 00:00:00+00:00,"Select Committee on Social Protection, Rural and Community Development",Live - Primary,Live,,2025-04-30 00:00:00+00:00,Shadow Department,,2025-05-07 00:00:00+00:00,,,,,,,,,,Sessional,,2025-05-01 00:00:00+00:00,Select Committee on Health,Live - Primary,Live,,2025-04-30 00:00:00+00:00,Shadow Department,,2025-05-07 00:00:00+00:00,Sessional,,2025-05-01 00:00:00+00:00,Select Committee on Education and Youth,Live - Primary,Live,,2025-04-30 00:00:00+00:00,Shadow Department,,2025-05-07 00:00:00+00:00,Standing transitional,,2025-01-21 16:29:34.896666+00:00,Select Committee on Subsidiarity (European Union Legislative Scrutiny),Dissolved,Dissolved,2025-05-07 00:00:00+00:00,2025-01-23 00:00:00+00:00,Shadow Department,2025-05-07 00:00:00+00:00,2025-02-13 00:00:00+00:00,,,,,,,,,,,,,,,,,,,,,,,,,,,,,,,,,,,,,,,,,,,,,,,,,,,,,,,,,,,,,,,,,,,,,,,,,,,,,,,,,,,,,,,,,,,,,,,,,,,,,,,,,,,,,,,,,,,,false,2024
Eamon-Scanlon.S.2002-09-12,Eamon,Scanlon,Eamon Scanlon,,2024-11-29,Fianna Fáil,Fianna_Fáil,,2024-11-29,Sessional,,2025-05-01 00:00:00+00:00,Joint Committee on Defence and National Security,Live - Primary,Live,Shadow Department,,2025-05-13 00:00:00+00:00,2026-04-16 00:00:00+00:00,2025-05-07 00:00:00+00:00,Sessional,,2025-05-01 00:00:00+00:00,Joint Committee on Fisheries and Maritime Affairs,Live - Primary,Live,,2025-05-07 00:00:00+00:00,Shadow Department,,2026-01-20 00:00:00+00:00,Sessional,,2025-05-01 00:00:00+00:00,Joint Committee on European Union Affairs,Live - Primary,Live,,2025-05-13 00:00:00+00:00,Shadow Department,,2025-05-07 00:00:00+00:00,Sligo-Leitrim,Sligo-Leitrim,dail,house,34th Dáil,34,,,,,,,,Sessional,,2025-05-01 00:00:00+00:00,Select Committee on Defence and National Security,Live - Primary,Live,,2025-04-30 00:00:00+00:00,Shadow Department,2026-04-16 00:00:00+00:00,2025-05-07 00:00:00+00:00,,,,,,,,,,Sessional,,2025-05-01 00:00:00+00:00,Select Committee on Fisheries and Maritime Affairs,Live - Primary,Live,,2025-04-30 00:00:00+00:00,Shadow Department,,2026-01-20 00:00:00+00:00,Sessional,,2025-05-01 00:00:00+00:00,Select Committee on European Union Affairs,Live - Primary,Live,,2025-04-30 00:00:00+00:00,Shadow Department,,2025-05-07 00:00:00+00:00,,,,,,,,,,,,,,,,,,,,,,,,,,,,,,,,,,,,,,,,,,,,,,,,,,,,,,,,,,,,,,,,,,,,,,,,,,,,,,,,,,,,,,,,,,,,,,,,,,,,,,,,,,,,,,,,,,,,,,,,,,,,,,,false,2002
Conor-Sheehan.D.2024-11-29,Conor,Sheehan,Conor Sheehan,,2024-11-29,Labour Party,Labour_Party,,2024-11-29,Sessional,,2025-05-01 00:00:00+00:00,Joint Committee on Infrastructure and National Development Plan Delivery,Live - Primary,Live,Shadow Department,,2025-05-07 00:00:00+00:00,,2025-05-07 00:00:00+00:00,Sessional,,2025-05-01 00:00:00+00:00,Select Committee on Infrastructure and National Development Plan Delivery,Live - Primary,Live,,2025-04-30 00:00:00+00:00,Shadow Department,,2025-05-07 00:00:00+00:00,,,,,,,,,,,,Limerick-City,Limerick City,dail,house,34th Dáil,34,,,,,,,,,,,,,,,,,,,,,,,,,,,,,,,,,,,,,,,,,,,,,,,,,,,,,,,,,,,,,,,,,,,,,,,,,,,,,,,,,,,,,,,,,,,,,,,,,,,,,,,,,,,,,,,,,,,,,,,,,,,,,,,,,,,,,,,,,,,,,,,,,,,,,,,,,,,,,,,,,,,,,,,,,,,,,,,,false,2024
Marie-Sherlock.S.2020-03-30,Marie,Sherlock,Marie Sherlock,,2024-11-29,Labour Party,Labour_Party,,2024-11-29,Sessional,,2025-05-01 00:00:00+00:00,Joint Committee on Health,Live - Primary,Live,Shadow Department,,2025-05-13 00:00:00+00:00,,2025-05-07 00:00:00+00:00,Special,,2025-05-01 00:00:00+00:00,Joint Committee on Drugs Use,Dissolved,Dissolved,2026-06-24 00:00:00+00:00,2025-05-13 00:00:00+00:00,Policy,2026-06-24 00:00:00+00:00,2025-05-07 00:00:00+00:00,Sessional,,2025-05-01 00:00:00+00:00,Select Committee on Health,Live - Primary,Live,,2025-04-30 00:00:00+00:00,Shadow Department,,2025-05-07 00:00:00+00:00,Dublin-Central,Dublin Central,dail,house,34th Dáil,34,,,,,,,,Special,,2025-05-01 00:00:00+00:00,Select Committee on Drugs Use,Live - Primary,Live,,2025-04-30 00:00:00+00:00,Policy,2026-06-24 00:00:00+00:00,2025-05-07 00:00:00+00:00,,,,,,,,,,,,,,,,,,,,,,,,,,,,,,,,,,,,,,,,,,,,,,,,,,,,,,,,,,,,,,,,,,,,,,,,,,,,,,,,,,,,,,,,,,,,,,,,,,,,,,,,,,,,,,,,,,,,,,,,,,,,,,,,,,,,,,,,,,,,,,,,,,,,,,,,,,,,,,false,2020
Brendan-Smith.D.1992-12-14,Brendan,Smith,Brendan Smith,,2024-11-29,Fianna Fáil,Fianna_Fáil,,2024-11-29,Standing,,2025-01-29 00:00:00+00:00,Joint Committee on Public Petitions and the Ombudsmen,Live - Primary,Live,Oversight,,2025-02-12 00:00:00+00:00,,2025-05-07 00:00:00+00:00,Sessional,,2025-05-01 00:00:00+00:00,"Joint Committee on Further and Higher Education, Research, Innovation and Science",Live - Primary,Live,,2025-05-13 00:00:00+00:00,Shadow Department,,2025-05-07 00:00:00+00:00,Standing,,2025-01-29 00:00:00+00:00,Select Committee on Public Petitions and the Ombudsmen,Live - Primary,Live,,2025-02-12 00:00:00+00:00,Oversight,,2025-05-07 00:00:00+00:00,Cavan-Monaghan,Cavan-Monaghan,dail,house,34th Dáil,34,,,,,,,,Sessional,,2025-05-01 00:00:00+00:00,"Select Committee on Further and Higher Education, Research, Innovation and Science",Live - Primary,Live,,2025-04-30 00:00:00+00:00,Shadow Department,,2025-05-07 00:00:00+00:00,,,,,,,,,,,,,,,,,,,,,,,,,,,,,,,,,,,,,,,,,,,,,,,,,,,,,,,,,,,,,,,,,,,,,,,,,,,,,,,,,,,,,,,,,,,,,,,,,,,,,,,,,,,,,,,,,,,,,,,,,,,,,,,,,,,,,,,,,,,,,,,,,,,,,,,,,,,,,,false,1992
Duncan-Smith.D.2020-02-08,Duncan,Smith,Duncan Smith,,2024-11-29,Labour Party,Labour_Party,,2024-11-29,Sessional,,2025-05-01 00:00:00+00:00,Joint Committee on Foreign Affairs and Trade,Live - Primary,Live,Shadow Department,,2025-05-07 00:00:00+00:00,,2025-05-07 00:00:00+00:00,Sessional,,2025-05-01 00:00:00+00:00,Joint Committee on Defence and National Security,Live - Primary,Live,,2025-05-13 00:00:00+00:00,Shadow Department,,2025-05-07 00:00:00+00:00,Sessional,,2025-05-01 00:00:00+00:00,Select Committee on Foreign Affairs and Trade,Live - Primary,Live,,2025-04-30 00:00:00+00:00,Shadow Department,,2025-05-07 00:00:00+00:00,Dublin-Fingal-East,Dublin Fingal East,dail,house,34th Dáil,34,,,,,,,,Sessional,,2025-05-01 00:00:00+00:00,Select Committee on Defence and National Security,Live - Primary,Live,,2025-04-30 00:00:00+00:00,Shadow Department,,2025-05-07 00:00:00+00:00,,,,,,,,,,Standing,,2024-11-29 00:00:00+00:00,Business Committee (Dáil Éireann),Live - Primary,Live,,2024-12-18 00:00:00+00:00,Parliamentary Business and Committee Membership,,2025-01-16 00:00:00+00:00,Standing,,2024-11-29 00:00:00+00:00,Committee on Standing Orders and Dáil Reform,Live - Primary,Live,,2024-12-18 00:00:00+00:00,Parliamentary Regulation and Reform,,2025-01-24 00:00:00+00:00,Standing,,2024-11-29 00:00:00+00:00,Committee of Selection (Dáil Éireann),Live - Primary,Live,,2024-12-18 00:00:00+00:00,Parliamentary Business and Committee Membership,,2025-01-16 00:00:00+00:00,,,,,,,,,,,,,,,,,,,,,,,,,,,,,,,,,,,,,,,,,,,,,,,,,,,,,,,,,,,,,,,,,,,,,,,,,,,,,,,,,,,,,,,,,,,,,,,,,,,,,,,,,,,,,,,,,,,,false,2020
Niamh-Smyth.D.2016-10-03,Niamh,Smyth,Niamh Smyth,,2024-11-29,Fianna Fáil,Fianna_Fáil,,2024-11-29,,,,,,,,,,,,,,,,,,,,,,,,,,,,,,,,,,Cavan-Monaghan,Cavan-Monaghan,dail,house,34th Dáil,34,,,,,,,,,,,,,,,,,,,2025-06-01,2025-01-29,"Minister of State at the Department of Enterprise, Trade and Employment",,,,,,,,,,,,,,,,,,,,,,,,,,,,,,,,,,,,,,,,,,,,,,,,,,,,,,,,,,,,,,,,,,,,,,,,,,,,,,,,,,,,2025-06-02,"Minister of State at the Department of Enterprise, Tourism and Employment",,,,,,,,,,,,,,,,,,,,,,,,,,,,,,,,,,,,,,,,,,,,,,,,,,,,,,,,,,,,,,,,,,,,,,true,2016
Brian-Stanley.D.2011-03-09,Brian,Stanley,Brian Stanley,,2024-11-29,Independent,Independent,,2024-11-29,Standing,,2025-01-29 00:00:00+00:00,"Comhchoiste na Gaeilge, na Gaeltachta agus Phobal Labhartha na Gaeilge",Live - Primary,Live,Policy,,2025-02-12 00:00:00+00:00,,2026-07-15 00:00:00+00:00,Sessional,,2025-05-01 00:00:00+00:00,Joint Committee on Defence and National Security,Live - Primary,Live,,2025-05-13 00:00:00+00:00,Shadow Department,,2025-05-07 00:00:00+00:00,Standing,,2025-01-29 00:00:00+00:00,"Roghchoiste na Gaeilge, na Gaeltachta agus Phobal Labhartha na Gaeilge",Live - Primary,Live,,2025-02-12 00:00:00+00:00,Policy,,2026-07-15 00:00:00+00:00,Laois,Laois,dail,house,34th Dáil,34,,,,,,,,Sessional,,2025-05-01 00:00:00+00:00,Select Committee on Defence and National Security,Live - Primary,Live,,2025-04-30 00:00:00+00:00,Shadow Department,,2025-05-07 00:00:00+00:00,,,,,,,,,,,,,,,,,,,,,,,,,,,,,,,,,,,,,,,,,,,,,,,,,,,,,,,,,,,,,,,,,,,,,,,,,,,,,,,,,,,,,,,,,,,,,,,,,,,,,,,,,,,,,,,,,,,,,,,,,,,,,,,,,,,,,,,,,,,,,,,,,,,,,,,,,,,,,,false,2011
Edward-Timmins.D.2024-11-29,Edward,Timmins,Edward Timmins,,2024-11-29,Fine Gael,Fine_Gael,,2024-11-29,Sessional,,2025-05-01 00:00:00+00:00,"Joint Committee on Finance, Public Expenditure, Public Service Reform and Digitalisation, and Taoiseach",Live - Primary,Live,Shadow Department,,2025-05-07 00:00:00+00:00,,2025-05-07 00:00:00+00:00,Standing,,2024-11-29 00:00:00+00:00,Committee on Budgetary Oversight,Live - Primary,Live,,2024-12-18 00:00:00+00:00,Oversight,,2025-05-07 00:00:00+00:00,Sessional,,2025-05-01 00:00:00+00:00,"Select Committee on Finance, Public Expenditure, Public Service Reform and Digitalisation, and Taoiseach",Live - Primary,Live,,2025-04-30 00:00:00+00:00,Shadow Department,,2025-05-07 00:00:00+00:00,Wicklow,Wicklow,dail,house,34th Dáil,34,,,2025-05-21 00:00:00+00:00,Leas-Chathaoirleach,,2025-05-21 00:00:00+00:00,Leas-Chathaoirleach,,,,,,,,,,,,,,,,,,,,,,,,,,,,,,,,,,,,,,,,,,,,,,,,,,,,,,,,,,,,,,,,,,2025-05-27 00:00:00+00:00,Leas-Chathaoirleach,,,,,,,,,,,,,,,,,,,,,,,,,,,,,,,,,,,,,,,,,,,,,,,,,,,,,,,,,,,,,,,,,,,,,,,,,,,,,,,,,,,,,,,,,,,,,,,,,,,,,,false,2024
Gillian-Toole.D.2024-11-29,Gillian,Toole,Gillian Toole,,2024-11-29,Independent,Independent,,2024-11-29,Sessional,,2025-05-01 00:00:00+00:00,Joint Committee on Disability Matters,Live - Primary,Live,Shadow Department,,2025-05-13 00:00:00+00:00,,2025-05-07 00:00:00+00:00,Standing,,2024-11-29 00:00:00+00:00,Business Committee (Dáil Éireann),Live - Primary,Live,,2024-12-18 00:00:00+00:00,Parliamentary Business and Committee Membership,,2025-04-02 00:00:00+00:00,Standing,,2024-11-29 00:00:00+00:00,Committee on Standing Orders and Dáil Reform,Live - Primary,Live,,2024-12-18 00:00:00+00:00,Parliamentary Regulation and Reform,,2025-04-07 00:00:00+00:00,Meath-East,Meath East,dail,house,34th Dáil,34,,,,,,,,Sessional,,2025-05-01 00:00:00+00:00,Select Committee on Disability Matters,Live - Primary,Live,,2025-04-30 00:00:00+00:00,Shadow Department,,2025-05-07 00:00:00+00:00,,,,,,,,,,,,,,,,,,,,,,,,,,,,,,,,,,,,,,,,,,,,,,,,,,,,,,,,,,,,,,,,,,,,,,,,,,,,,,,,,,,,,,,,,,,,,,,,,,,,,,,,,,,,,,,,,,,,,,,,,,,,,,,,,,,,,,,,,,,,,,,,,,,,,,,,,,,,,,false,2024
Robert-Troy.D.2011-03-09,Robert,Troy,Robert Troy,,2024-11-29,Fianna Fáil,Fianna_Fáil,,2024-11-29,,,,,,,,,,,,,,,,,,,,,,,,,,,,,,,,,,Longford-Westmeath,Longford-Westmeath,dail,house,34th Dáil,34,,,,,,,,,,,,,,,,,,,,2025-01-29,Minister of State at the Department of Finance,,,,,,,,,,,,,,,,,,,,,,,,,,,,,,,,,,,,,,,,,,,,,,,,,,,,,,,,,,,,,,,,,,,,,,,,,,,,,,,,,,,,,,,,,,,,,,,,,,,,,,,,,,,,,,,,,,,,,,,,,,,,,,,,,,,,,,,,,,,,,,,,,,,,,,,,,,,true,2011
Peadar-Tóibín.D.2011-03-09,Peadar,Tóibín,Peadar Tóibín,,2024-11-29,Aontú,Aontú,,2024-11-29,Sessional,,2025-05-01 00:00:00+00:00,Joint Committee on the Implementation of the Good Friday Agreement ,Live - Primary,Live,Shadow Department,,2025-05-12 00:00:00+00:00,,2025-05-07 00:00:00+00:00,Sessional,,2025-05-01 00:00:00+00:00,Joint Committee on Infrastructure and National Development Plan Delivery,Live - Primary,Live,,2025-05-07 00:00:00+00:00,Shadow Department,,2025-05-07 00:00:00+00:00,Standing,,2025-01-29 00:00:00+00:00,"Comhchoiste na Gaeilge, na Gaeltachta agus Phobal Labhartha na Gaeilge",Live - Primary,Live,,2025-02-12 00:00:00+00:00,Policy,,2025-05-07 00:00:00+00:00,Meath-West,Meath West,dail,house,34th Dáil,34,,,,,,,,Standing,,2025-01-29 00:00:00+00:00,"Roghchoiste na Gaeilge, na Gaeltachta agus Phobal Labhartha na Gaeilge",Live - Primary,Live,,2025-02-12 00:00:00+00:00,Policy,,2025-05-07 00:00:00+00:00,,,,,,,,,,Sessional,,2025-05-01 00:00:00+00:00,Select Committee on the Implementation of the Good Friday Agreement ,Live - Primary,Live,,2025-04-30 00:00:00+00:00,Shadow Department,,2025-05-07 00:00:00+00:00,Sessional,,2025-05-01 00:00:00+00:00,Select Committee on Infrastructure and National Development Plan Delivery,Live - Primary,Live,,2025-04-30 00:00:00+00:00,Shadow Department,,2025-05-07 00:00:00+00:00,,,,,,,,,,,,,,,,,,,,,,,,,,,,,,,,,,,,,,,,,,,,,,,,,,,,,,,,,,,,,,,,,,,,,,,,,,,,,,,,,,,,,,,,,,,,,,,,,,,,,,,,,,,,,,,,,,,,,,,,,,,,,,,false,2011
Mark-Wall.S.2020-03-30,Mark,Wall,Mark Wall,,2024-11-29,Labour Party,Labour_Party,,2024-11-29,Sessional,,2025-05-01 00:00:00+00:00,"Joint Committee on Social Protection, Rural and Community Development",Live - Primary,Live,Shadow Department,,2025-05-13 00:00:00+00:00,,2025-05-07 00:00:00+00:00,Sessional,,2025-05-01 00:00:00+00:00,"Select Committee on Social Protection, Rural and Community Development",Live - Primary,Live,,2025-04-30 00:00:00+00:00,Shadow Department,,2025-05-07 00:00:00+00:00,,,,,,,,,,,,Kildare-South,Kildare South,dail,house,34th Dáil,34,,,,,,,,,,,,,,,,,,,,,,,,,,,,,,,,,,,,,,,,,,,,,,,,,,,,,,,,,,,,,,,,,,,,,,,,,,,,,,,,,,,,,,,,,,,,,,,,,,,,,,,,,,,,,,,,,,,,,,,,,,,,,,,,,,,,,,,,,,,,,,,,,,,,,,,,,,,,,,,,,,,,,,,,,,,,,,,,false,2020
Barry-Ward.S.2020-03-30,Barry,Ward,Barry Ward,,2024-11-29,Fine Gael,Fine_Gael,,2024-11-29,Standing,,2025-01-29 00:00:00+00:00,Joint Committee on Remit Oversight,Live - Primary,Live,Parliamentary Regulation and Reform,,2025-02-12 00:00:00+00:00,,2025-05-21 00:00:00+00:00,Sessional,,2025-05-01 00:00:00+00:00,Joint Committee on Key Issues Affecting the Traveller Community,Live - Primary,Live,,2025-05-12 00:00:00+00:00,Policy,,2025-05-07 00:00:00+00:00,Standing,,2025-01-29 00:00:00+00:00,Working Group of Committee Cathaoirligh,Live - Primary,Live,,2025-02-12 00:00:00+00:00,The Committee System and Parliamentary Administration,,2025-05-07 00:00:00+00:00,Dún-Laoghaire,Dún Laoghaire,dail,house,34th Dáil,34,,,,,,,,Standing,,2025-01-29 00:00:00+00:00,"Comhchoiste na Gaeilge, na Gaeltachta agus Phobal Labhartha na Gaeilge",Live - Primary,Live,,2025-02-12 00:00:00+00:00,Policy,,2025-05-07 00:00:00+00:00,,,,,,,,,,Sessional,,2025-05-01 00:00:00+00:00,Joint Committee on European Union Affairs,Live - Primary,Live,,2025-05-13 00:00:00+00:00,Shadow Department,,2025-05-07 00:00:00+00:00,Standing,,2024-11-29 00:00:00+00:00,Committee on Standing Orders and Dáil Reform,Live - Primary,Live,,2024-12-18 00:00:00+00:00,Parliamentary Regulation and Reform,,2025-01-24 00:00:00+00:00,Standing,,2024-11-29 00:00:00+00:00,Committee on Parliamentary Privileges and Oversight (Dáil Éireann),Live - Primary,Live,,2024-12-18 00:00:00+00:00,Parliamentary Regulation and Reform,,2025-05-21 00:00:00+00:00,Standing transitional,,2025-01-21 16:29:34.896666+00:00,Select Committee on Subsidiarity (European Union Legislative Scrutiny),Dissolved,Dissolved,2025-05-07 00:00:00+00:00,2025-01-23 00:00:00+00:00,Shadow Department,2025-05-07 00:00:00+00:00,2025-02-13 00:00:00+00:00,,,,,,,,,,Sessional,,2025-05-01 00:00:00+00:00,Select Committee on Key Issues Affecting the Traveller Community,Live - Primary,Live,,2025-04-30 00:00:00+00:00,Policy,,2025-05-07 00:00:00+00:00,Standing,,2025-01-29 00:00:00+00:00,"Roghchoiste na Gaeilge, na Gaeltachta agus Phobal Labhartha na Gaeilge",Live - Primary,Live,[],,2025-02-12 00:00:00+00:00,Policy,,2025-05-07 00:00:00+00:00,,,,,2025-05-07 00:00:00+00:00,Cathaoirleach,,,,,,,,,,,,,,,,Standing,,2025-01-29 00:00:00+00:00,Committee on Remit Oversight (Dáil Éireann),Live - Primary,Live,[],,2024-12-18 00:00:00+00:00,Parliamentary Regulation and Reform,,2025-05-21 00:00:00+00:00,Sessional,,2025-05-01 00:00:00+00:00,Select Committee on European Union Affairs,Live - Primary,Live,,,2025-04-30 00:00:00+00:00,Shadow Department,,2025-05-07 00:00:00+00:00,Committees' Secretariat,,,,,,,,,,,,,,,,,,,,,,,,,2025-05-07 00:00:00+00:00,Cathaoirleach,false,2020
Charles-Ward.D.2024-11-29,Charles,Ward,Charles Ward,,2024-11-29,100% RDR,100%_RDR,,2024-11-29,Sessional,,2025-05-01 00:00:00+00:00,Joint Committee on Children and Equality,Live - Primary,Live,Shadow Department,,2025-05-13 00:00:00+00:00,,2025-05-07 00:00:00+00:00,Sessional,,2025-05-01 00:00:00+00:00,Joint Committee on Fisheries and Maritime Affairs,Live - Primary,Live,,2025-05-07 00:00:00+00:00,Shadow Department,,2025-05-07 00:00:00+00:00,Sessional,,2025-05-01 00:00:00+00:00,Select Committee on Children and Equality,Live - Primary,Live,,2025-04-30 00:00:00+00:00,Shadow Department,,2025-05-07 00:00:00+00:00,Donegal,Donegal,dail,house,34th Dáil,34,,,,,,,,Sessional,,2025-05-01 00:00:00+00:00,Select Committee on Fisheries and Maritime Affairs,Live - Primary,Live,,2025-04-30 00:00:00+00:00,Shadow Department,,2025-05-07 00:00:00+00:00,,,,,2025-05-01 00:00:00+00:00,Joint Committee on Children and Equality,,,,,,,,,,,,,,,,,,,,,,,,,,,,,,,,,,,,,,,,,,,,,,,,,,,,,,,,,,,,,,,,,,,,,,,,,,,,,,,,,,,,,,,,,,,,,,,,,,,,,,,,,,,,,,,,,,,,,,,,,,,,,,,,,,2025-05-01 00:00:00+00:00,Select Committee on Children and Equality,,,,,,,,,,,,,,,,,,,,,false,2024
Mark-Ward.D.2019-11-29,Mark,Ward,Mark Ward,,2024-11-29,Sinn Féin,Sinn_Féin,,2024-11-29,Sessional,,2025-05-01 00:00:00+00:00,"Joint Committee on Justice, Home Affairs and Migration",Live - Primary,Live,Shadow Department,,2025-05-13 00:00:00+00:00,,2025-05-07 00:00:00+00:00,Sessional,,2025-05-01 00:00:00+00:00,"Select Committee on Justice, Home Affairs and Migration",Live - Primary,Live,,2025-04-30 00:00:00+00:00,Shadow Department,,2025-05-07 00:00:00+00:00,,,,,,,,,,,,Dublin-Mid-West,Dublin Mid-West,dail,house,34th Dáil,34,,,,,,,,,,,,,,,,,,,,,,,,,,,,,,,,,,,,,,,,,,,,,,,,,,,,,,,,,,,,,,,,,,,,,,,,,,,,,,,,,,,,,,,,,,,,,,,,,,,,,,,,,,,,,,,,,,,,,,,,,,,,,,,,,,,,,,,,,,,,,,,,,,,,,,,,,,,,,,,,,,,,,,,,,,,,,,,,false,2019
Jennifer-Whitmore.D.2020-02-08,Jennifer,Whitmore,Jennifer Whitmore,,2024-11-29,Social Democrats,Social_Democrats,,2024-11-29,Sessional,,2025-05-01 00:00:00+00:00,"Joint Committee on Climate, Environment and Energy",Live - Primary,Live,Shadow Department,,2025-05-13 00:00:00+00:00,,2025-05-07 00:00:00+00:00,Sessional,,2025-05-01 00:00:00+00:00,Joint Committee on Fisheries and Maritime Affairs,Live - Primary,Live,,2025-05-07 00:00:00+00:00,Shadow Department,,2025-05-07 00:00:00+00:00,Sessional,,2025-05-01 00:00:00+00:00,"Select Committee on Climate, Environment and Energy",Live - Primary,Live,,2025-04-30 00:00:00+00:00,Shadow Department,,2025-05-07 00:00:00+00:00,Wicklow,Wicklow,dail,house,34th Dáil,34,,,,,,,,Sessional,,2025-05-01 00:00:00+00:00,Select Committee on Fisheries and Maritime Affairs,Live - Primary,Live,,2025-04-30 00:00:00+00:00,Shadow Department,,2025-05-07 00:00:00+00:00,,,,,,,,,,,,,,,,,,,,,,,,,,,,,,,,,,,,,,,,,,,,,,,,,,,,,,,,,,,,,,,,,,,,,,,,,,,,,,,,,,,,,,,,,,,,,,,,,,,,,,,,,,,,,,,,,,,,,,,,,,,,,,,,,,,,,,,,,,,,,,,,,,,,,,,,,,,,,,false,2020
Eoin-Ó-Broin.D.2016-10-03,Eoin,Ó Broin,Eoin Ó Broin,,2024-11-29,Sinn Féin,Sinn_Féin,,2024-11-29,Sessional,,2025-05-01 00:00:00+00:00,"Joint Committee on Housing, Local Government and Heritage",Live - Primary,Live,Shadow Department,,2025-05-07 00:00:00+00:00,,2025-05-07 00:00:00+00:00,Sessional,,2025-05-01 00:00:00+00:00,"Select Committee on Housing, Local Government and Heritage",Live - Primary,Live,,2025-04-30 00:00:00+00:00,Shadow Department,,2025-05-07 00:00:00+00:00,,,,,,,,,,,,Dublin-Mid-West,Dublin Mid-West,dail,house,34th Dáil,34,,,,,,,,,,,,,,,,,,,,,,,,,,,,,,,,,,,,,,,,,,,,,,,,,,,,,,,,,,,,,,,,,,,,,,,,,,,,,,,,,,,,,,,,,,,,,,,,,,,,,,,,,,,,,,,,,,,,,,,,,,,,,,,,,,,,,,,,,,,,,,,,,,,,,,,,,,,,,,,,,,,,,,,,,,,,,,,,false,2016
Naoise-Ó-Cearúil.D.2024-11-29,Naoise,Ó Cearúil,Naoise Ó Cearúil,,2024-11-29,Fianna Fáil,Fianna_Fáil,,2024-11-29,Special,,2025-05-01 00:00:00+00:00,Joint Committee on Artificial Intelligence,Live - Primary,Live,Policy,,2025-05-12 00:00:00+00:00,,2025-05-07 00:00:00+00:00,Standing,,2025-01-29 00:00:00+00:00,"Comhchoiste na Gaeilge, na Gaeltachta agus Phobal Labhartha na Gaeilge",Live - Primary,Live,,2025-02-12 00:00:00+00:00,Policy,,2025-05-07 00:00:00+00:00,Standing,,2025-01-29 00:00:00+00:00,Working Group of Committee Cathaoirligh,Live - Primary,Live,,2025-02-12 00:00:00+00:00,The Committee System and Parliamentary Administration,,2025-06-17 00:00:00+00:00,Kildare-North,Kildare North,dail,house,34th Dáil,34,,,2025-06-17 00:00:00+00:00,Cathaoirleach,,,,Standing,,2025-01-29 00:00:00+00:00,Joint Committee on Remit Oversight,Live - Primary,Live,,2025-02-12 00:00:00+00:00,Parliamentary Regulation and Reform,,2025-05-21 00:00:00+00:00,,,,,,,,,,Sessional,,2025-05-01 00:00:00+00:00,"Joint Committee on Climate, Environment and Energy",Live - Primary,Live,,2025-05-13 00:00:00+00:00,Shadow Department,,2025-05-07 00:00:00+00:00,Special,,2025-05-01 00:00:00+00:00,Select Committee on Artificial Intelligence,Live - Primary,Live,,2025-04-30 00:00:00+00:00,Policy,,2025-05-07 00:00:00+00:00,Sessional,,2025-05-01 00:00:00+00:00,"Select Committee on Climate, Environment and Energy",Live - Primary,Live,,2025-04-30 00:00:00+00:00,Shadow Department,,2025-05-07 00:00:00+00:00,Standing,,2025-01-29 00:00:00+00:00,"Roghchoiste na Gaeilge, na Gaeltachta agus Phobal Labhartha na Gaeilge",Live - Primary,Live,,2025-02-12 00:00:00+00:00,Policy,,2025-05-07 00:00:00+00:00,,2025-06-10 00:00:00+00:00,Leas-Chathaoirleach,,,,,,,Standing,,2024-11-29 00:00:00+00:00,Committee on Parliamentary Privileges and Oversight (Dáil Éireann),Live - Primary,Live,,2024-12-18 00:00:00+00:00,Parliamentary Regulation and Reform,,2025-05-21 00:00:00+00:00,Standing,,2025-01-29 00:00:00+00:00,Committee on Remit Oversight (Dáil Éireann),Live - Primary,Live,[],,2024-12-18 00:00:00+00:00,Parliamentary Regulation and Reform,,2025-05-21 00:00:00+00:00,,,,,,,,,,,,,,,,,,,,,,,,,,,,,,,,,,,,,,,,,,,,,,,,,,,,,,,,,,,,,,,,,,,,2025-06-10 00:00:00+00:00,Leas-Chathaoirleach,,,,false,2024
Seán-Ó-Fearghaíl.S.2000-06-09,Seán,Ó Fearghaíl,Seán Ó Fearghaíl,,2024-11-29,Fianna Fáil,Fianna_Fáil,,2024-11-29,Sessional,,2025-05-01 00:00:00+00:00,Joint Committee on Children and Equality,Live - Primary,Live,Shadow Department,,2025-05-13 00:00:00+00:00,2026-01-20 00:00:00+00:00,2025-05-07 00:00:00+00:00,Sessional,,2025-05-01 00:00:00+00:00,Joint Committee on Foreign Affairs and Trade,Live - Primary,Live,,2025-05-07 00:00:00+00:00,Shadow Department,,2025-05-07 00:00:00+00:00,Sessional,,2025-05-01 00:00:00+00:00,Select Committee on Children and Equality,Live - Primary,Live,,2025-04-30 00:00:00+00:00,Shadow Department,2026-01-20 00:00:00+00:00,2025-05-07 00:00:00+00:00,Kildare-South,Kildare South,dail,house,34th Dáil,34,,,,,,,,Sessional,,2025-05-01 00:00:00+00:00,Select Committee on Foreign Affairs and Trade,Live - Primary,Live,,2025-04-30 00:00:00+00:00,Shadow Department,,2025-05-07 00:00:00+00:00,,,,,2025-05-01 00:00:00+00:00,Joint Committee on Children and Equality,,,,,,,,,,,,,,,,,,,,,,,,,,,,,,,,,,,,,,,,,,,,,,,,,,,,,,,,,,,,,,,,,,,,,,,,,,,,,,,,,,,,,,,,,,,,,,,,,,,,,,,,,,,,,,,,,,,,,,,,,,,,,,,,,,2025-05-01 00:00:00+00:00,Select Committee on Children and Equality,,,,,,,,,,,,,,,,,,,,,false,2000
Donnchadh-Ó-Laoghaire.D.2016-10-03,Donnchadh,Ó Laoghaire,Donnchadh Ó Laoghaire,,2024-11-29,Sinn Féin,Sinn_Féin,,2024-11-29,Sessional,,2025-05-01 00:00:00+00:00,Joint Committee on Defence and National Security,Live - Primary,Live,Shadow Department,,2025-05-13 00:00:00+00:00,,2025-05-07 00:00:00+00:00,Sessional,,2025-05-01 00:00:00+00:00,Joint Committee on Foreign Affairs and Trade,Live - Primary,Live,,2025-05-07 00:00:00+00:00,Shadow Department,,2025-05-07 00:00:00+00:00,Sessional,,2025-05-01 00:00:00+00:00,Select Committee on Foreign Affairs and Trade,Live - Primary,Live,,2025-04-30 00:00:00+00:00,Shadow Department,,2025-05-07 00:00:00+00:00,Cork-South-Central,Cork South-Central,dail,house,34th Dáil,34,,,,,,,,Standing transitional,,2025-01-21 16:29:34.896666+00:00,Select Committee on Subsidiarity (European Union Legislative Scrutiny),Dissolved,Dissolved,2025-05-07 00:00:00+00:00,2025-01-23 00:00:00+00:00,Shadow Department,2025-05-07 00:00:00+00:00,2025-02-13 00:00:00+00:00,,,,,,,,,,Sessional,,2025-05-01 00:00:00+00:00,Select Committee on Defence and National Security,Live - Primary,Live,,2025-04-30 00:00:00+00:00,Shadow Department,,2025-05-07 00:00:00+00:00,,,,,,,,,,,,,,,,,,,,,,,,,,,,,,,,,,,,,,,,,,,,,,,,,,,,,,,,,,,,,,,,,,,,,,,,,,,,,,,,,,,,,,,,,,,,,,,,,,,,,,,,,,,,,,,,,,,,,,,,,,,,,,,,,,,,,,,,,,false,2016
Naoise-Ó-Muirí.D.2024-11-29,Naoise,Ó Muirí,Naoise Ó Muirí,,2024-11-29,Fine Gael,Fine_Gael,,2024-11-29,Sessional,,2025-05-01 00:00:00+00:00,"Joint Committee on Climate, Environment and Energy",Live - Primary,Live,Shadow Department,,2025-05-13 00:00:00+00:00,,2025-05-07 00:00:00+00:00,Standing,,2025-01-29 00:00:00+00:00,Working Group of Committee Cathaoirligh,Live - Primary,Live,,2025-02-12 00:00:00+00:00,The Committee System and Parliamentary Administration,,2025-05-07 00:00:00+00:00,Sessional,,2025-05-01 00:00:00+00:00,Joint Committee on Key Issues Affecting the Traveller Community,Live - Primary,Live,,2025-05-12 00:00:00+00:00,Policy,,2025-05-07 00:00:00+00:00,Dublin-Bay-North,Dublin Bay North,dail,house,34th Dáil,34,,,2025-05-07 00:00:00+00:00,Cathaoirleach,,,,Standing,,2025-01-29 00:00:00+00:00,"Comhchoiste na Gaeilge, na Gaeltachta agus Phobal Labhartha na Gaeilge",Live - Primary,Live,,2025-02-12 00:00:00+00:00,Policy,,2025-05-07 00:00:00+00:00,,,,,,,,,,Sessional,,2025-05-01 00:00:00+00:00,"Select Committee on Climate, Environment and Energy",Live - Primary,Live,,2025-04-30 00:00:00+00:00,Shadow Department,,2025-05-07 00:00:00+00:00,Standing,,2025-01-29 00:00:00+00:00,"Roghchoiste na Gaeilge, na Gaeltachta agus Phobal Labhartha na Gaeilge",Live - Primary,Live,,2025-02-12 00:00:00+00:00,Policy,,2025-05-07 00:00:00+00:00,Sessional,,2025-05-01 00:00:00+00:00,Select Committee on Key Issues Affecting the Traveller Community,Live - Primary,Live,,2025-04-30 00:00:00+00:00,Policy,,2025-05-07 00:00:00+00:00,,,,,,,,,,,,,,,,,,,,,,,,,,,,,,,,,,,,,,,,,,,,,,,,2025-05-07 00:00:00+00:00,Cathaoirleach,,,,,,,,,,,,,,,,,,,,,,,,,,,,,,,,,,,,,,,,,,,,,,,,,,,,,,,,,,,,,,,,,,,false,2024
Ruairí-Ó-Murchú.D.2020-02-08,Ruairí,Ó Murchú,Ruairí Ó Murchú,,2024-11-29,Sinn Féin,Sinn_Féin,,2024-11-29,Sessional,,2025-05-01 00:00:00+00:00,Joint Committee on Children and Equality,Live - Primary,Live,Shadow Department,,2025-05-13 00:00:00+00:00,,2025-05-07 00:00:00+00:00,Sessional,,2025-05-01 00:00:00+00:00,Joint Committee on Disability Matters,Live - Primary,Live,,2025-05-13 00:00:00+00:00,Shadow Department,,2025-05-28 00:00:00+00:00,Sessional,,2025-05-01 00:00:00+00:00,Joint Committee on European Union Affairs,Live - Primary,Live,,2025-05-13 00:00:00+00:00,Shadow Department,,2025-05-07 00:00:00+00:00,Louth,Louth,dail,house,34th Dáil,34,,,,,,,,Sessional,,2025-05-01 00:00:00+00:00,Select Committee on Children and Equality,Live - Primary,Live,,2025-04-30 00:00:00+00:00,Shadow Department,,2025-05-07 00:00:00+00:00,,,,,2025-05-01 00:00:00+00:00,Joint Committee on Children and Equality,,2025-05-01 00:00:00+00:00,Select Committee on Children and Equality,Sessional,,2025-05-01 00:00:00+00:00,Select Committee on Disability Matters,Live - Primary,Live,,2025-04-30 00:00:00+00:00,Shadow Department,,2025-05-28 00:00:00+00:00,Sessional,,2025-05-01 00:00:00+00:00,Select Committee on European Union Affairs,Live - Primary,Live,,2025-04-30 00:00:00+00:00,Shadow Department,,2025-05-07 00:00:00+00:00,,,,,,,,,,,,,,,,,,,,,,,,,,,,,,,,,,,,,,,,,,,,,,,,,,,,,,,,,,,,,,,,,,,,,,,,,,,,,,,,,,,,,,,,,,,,,,,,,,,,,,,,,,,,,,,,,,,,,,,,,,,,,,,false,2020
Aengus-Ó-Snodaigh.D.2002-06-06,Aengus,Ó Snodaigh,Aengus Ó Snodaigh,,2024-11-29,Sinn Féin,Sinn_Féin,,2024-11-29,Sessional,,2025-05-01 00:00:00+00:00,"Joint Committee on Arts, Media, Communications, Culture and Sport",Live - Primary,Live,Shadow Department,,2025-05-07 00:00:00+00:00,,2025-05-07 00:00:00+00:00,Standing,,2025-01-29 00:00:00+00:00,"Comhchoiste na Gaeilge, na Gaeltachta agus Phobal Labhartha na Gaeilge",Live - Primary,Live,,2025-02-12 00:00:00+00:00,Policy,,2025-05-07 00:00:00+00:00,Standing,,2025-01-29 00:00:00+00:00,Joint Committee on Remit Oversight,Live - Primary,Live,,2025-02-12 00:00:00+00:00,Parliamentary Regulation and Reform,,2025-05-21 00:00:00+00:00,Dublin-South-Central,Dublin South-Central,dail,house,34th Dáil,34,,,,,,,,Standing,,2024-11-29 00:00:00+00:00,Committee on Parliamentary Privileges and Oversight (Dáil Éireann),Live - Primary,Live,,2024-12-18 00:00:00+00:00,Parliamentary Regulation and Reform,,2025-05-21 00:00:00+00:00,,,,,,,,,,Standing,,2025-01-29 00:00:00+00:00,Committee on Remit Oversight (Dáil Éireann),Live - Primary,Live,,2024-12-18 00:00:00+00:00,Parliamentary Regulation and Reform,,2025-05-21 00:00:00+00:00,Standing,,2025-01-29 00:00:00+00:00,"Roghchoiste na Gaeilge, na Gaeltachta agus Phobal Labhartha na Gaeilge",Live - Primary,Live,,2025-02-12 00:00:00+00:00,Policy,,2025-05-07 00:00:00+00:00,Sessional,,2025-05-01 00:00:00+00:00,"Select Committee on Arts, Media, Communications, Culture and Sport",Live - Primary,Live,,2025-04-30 00:00:00+00:00,Shadow Department,,2025-05-07 00:00:00+00:00,Standing,,2024-11-29 00:00:00+00:00,Committee on Standing Orders and Dáil Reform,Live - Primary,Live,,2024-12-18 00:00:00+00:00,Parliamentary Regulation and Reform,,2025-01-24 00:00:00+00:00,,,,,,,,,,,,,,,,,,,,,,,,,,,,,,,,,,,,,,,,,,,,,,,,,,,,,,,,,,,,,,,,,,,,,,,,,,,,,,,,,,,,,,,,,,,,,,,,,,,,,,,,,false,2002
Fionntán-Ó-Súilleabháin.D.2024-11-29,Fionntán,Ó Súilleabháin,Fionntán Ó Súilleabháin,,2024-11-29,Sinn Féin,Sinn_Féin,,2024-11-29,Sessional,,2025-05-01 00:00:00+00:00,"Joint Committee on Further and Higher Education, Research, Innovation and Science",Live - Primary,Live,Shadow Department,,2025-05-13 00:00:00+00:00,,2025-05-07 00:00:00+00:00,Sessional,,2025-05-01 00:00:00+00:00,"Select Committee on Further and Higher Education, Research, Innovation and Science",Live - Primary,Live,,2025-04-30 00:00:00+00:00,Shadow Department,,2025-05-07 00:00:00+00:00,,,,,,,,,,,,Wicklow-Wexford,Wicklow-Wexford,dail,house,34th Dáil,34,,,,,,,,,,,,,,,,,,,,,,,,,,,,,,,,,,,,,,,,,,,,,,,,,,,,,,,,,,,,,,,,,,,,,,,,,,,,,,,,,,,,,,,,,,,,,,,,,,,,,,,,,,,,,,,,,,,,,,,,,,,,,,,,,,,,,,,,,,,,,,,,,,,,,,,,,,,,,,,,,,,,,,,,,,,,,,,,false,2024
