local_authority,member,meeting_date,motion,vote,source_status,join_status
Carlow,Fergal Browne,March 2026,"Proposed by Cllr. W. Paton, Seconded by Cllr. B. Ward “To approve the recommendation of the Chief Executive regarding 2 no. submissions (No’s CLW-C178-5, CLW-C178-7) rezoning 0.66 ha from Open Space and Amenity to Ne",for,text,resolved
Carlow,John Cassin,March 2026,"Proposed by Cllr. W. Paton, Seconded by Cllr. B. Ward “To approve the recommendation of the Chief Executive regarding 2 no. submissions (No’s CLW-C178-5, CLW-C178-7) rezoning 0.66 ha from Open Space and Amenity to Ne",for,text,resolved
Carlow,Andrea Dalton,March 2026,"Proposed by Cllr. W. Paton, Seconded by Cllr. B. Ward “To approve the recommendation of the Chief Executive regarding 2 no. submissions (No’s CLW-C178-5, CLW-C178-7) rezoning 0.66 ha from Open Space and Amenity to Ne",for,text,resolved
Carlow,Jim Deane,March 2026,"Proposed by Cllr. W. Paton, Seconded by Cllr. B. Ward “To approve the recommendation of the Chief Executive regarding 2 no. submissions (No’s CLW-C178-5, CLW-C178-7) rezoning 0.66 ha from Open Space and Amenity to Ne",for,text,resolved
Carlow,Paul Doogue,March 2026,"Proposed by Cllr. W. Paton, Seconded by Cllr. B. Ward “To approve the recommendation of the Chief Executive regarding 2 no. submissions (No’s CLW-C178-5, CLW-C178-7) rezoning 0.66 ha from Open Space and Amenity to Ne",for,text,resolved
Carlow,Michael Doran,March 2026,"Proposed by Cllr. W. Paton, Seconded by Cllr. B. Ward “To approve the recommendation of the Chief Executive regarding 2 no. submissions (No’s CLW-C178-5, CLW-C178-7) rezoning 0.66 ha from Open Space and Amenity to Ne",for,text,resolved
Carlow,Andy Gladney,March 2026,"Proposed by Cllr. W. Paton, Seconded by Cllr. B. Ward “To approve the recommendation of the Chief Executive regarding 2 no. submissions (No’s CLW-C178-5, CLW-C178-7) rezoning 0.66 ha from Open Space and Amenity to Ne",for,text,resolved
Carlow,Thomas Kinsella,March 2026,"Proposed by Cllr. W. Paton, Seconded by Cllr. B. Ward “To approve the recommendation of the Chief Executive regarding 2 no. submissions (No’s CLW-C178-5, CLW-C178-7) rezoning 0.66 ha from Open Space and Amenity to Ne",for,text,resolved
Carlow,Ken Murnane,March 2026,"Proposed by Cllr. W. Paton, Seconded by Cllr. B. Ward “To approve the recommendation of the Chief Executive regarding 2 no. submissions (No’s CLW-C178-5, CLW-C178-7) rezoning 0.66 ha from Open Space and Amenity to Ne",for,text,resolved
Carlow,Charlie Murphy,March 2026,"Proposed by Cllr. W. Paton, Seconded by Cllr. B. Ward “To approve the recommendation of the Chief Executive regarding 2 no. submissions (No’s CLW-C178-5, CLW-C178-7) rezoning 0.66 ha from Open Space and Amenity to Ne",absent,text,resolved
Carlow,Brian O’Donoghue,March 2026,"Proposed by Cllr. W. Paton, Seconded by Cllr. B. Ward “To approve the recommendation of the Chief Executive regarding 2 no. submissions (No’s CLW-C178-5, CLW-C178-7) rezoning 0.66 ha from Open Space and Amenity to Ne",for,text,resolved
Carlow,William Paton,March 2026,"Proposed by Cllr. W. Paton, Seconded by Cllr. B. Ward “To approve the recommendation of the Chief Executive regarding 2 no. submissions (No’s CLW-C178-5, CLW-C178-7) rezoning 0.66 ha from Open Space and Amenity to Ne",for,text,resolved
Carlow,Fergal Browne,March 2026,Resolution: Motion Carried Submission No. CLW-C178-10 sought the rezoning 6.96ha from enterprise and employment to residential development at convergence of Rathoe Road and the N81 and Submission No. CLW-C178-18,for,text,resolved
Carlow,John Cassin,March 2026,Resolution: Motion Carried Submission No. CLW-C178-10 sought the rezoning 6.96ha from enterprise and employment to residential development at convergence of Rathoe Road and the N81 and Submission No. CLW-C178-18,for,text,resolved
Carlow,Andrea Dalton,March 2026,Resolution: Motion Carried Submission No. CLW-C178-10 sought the rezoning 6.96ha from enterprise and employment to residential development at convergence of Rathoe Road and the N81 and Submission No. CLW-C178-18,for,text,resolved
Carlow,Jim Deane,March 2026,Resolution: Motion Carried Submission No. CLW-C178-10 sought the rezoning 6.96ha from enterprise and employment to residential development at convergence of Rathoe Road and the N81 and Submission No. CLW-C178-18,for,text,resolved
Carlow,Paul Doogue,March 2026,Resolution: Motion Carried Submission No. CLW-C178-10 sought the rezoning 6.96ha from enterprise and employment to residential development at convergence of Rathoe Road and the N81 and Submission No. CLW-C178-18,for,text,resolved
Carlow,Michael Doran,March 2026,Resolution: Motion Carried Submission No. CLW-C178-10 sought the rezoning 6.96ha from enterprise and employment to residential development at convergence of Rathoe Road and the N81 and Submission No. CLW-C178-18,for,text,resolved
Carlow,Andy Gladney,March 2026,Resolution: Motion Carried Submission No. CLW-C178-10 sought the rezoning 6.96ha from enterprise and employment to residential development at convergence of Rathoe Road and the N81 and Submission No. CLW-C178-18,for,text,resolved
Carlow,Thomas Kinsella,March 2026,Resolution: Motion Carried Submission No. CLW-C178-10 sought the rezoning 6.96ha from enterprise and employment to residential development at convergence of Rathoe Road and the N81 and Submission No. CLW-C178-18,for,text,resolved
Carlow,Ken Murnane,March 2026,Resolution: Motion Carried Submission No. CLW-C178-10 sought the rezoning 6.96ha from enterprise and employment to residential development at convergence of Rathoe Road and the N81 and Submission No. CLW-C178-18,for,text,resolved
Carlow,Charlie Murphy,March 2026,Resolution: Motion Carried Submission No. CLW-C178-10 sought the rezoning 6.96ha from enterprise and employment to residential development at convergence of Rathoe Road and the N81 and Submission No. CLW-C178-18,absent,text,resolved
Carlow,Brian O’Donoghue,March 2026,Resolution: Motion Carried Submission No. CLW-C178-10 sought the rezoning 6.96ha from enterprise and employment to residential development at convergence of Rathoe Road and the N81 and Submission No. CLW-C178-18,for,text,resolved
Carlow,William Paton,March 2026,Resolution: Motion Carried Submission No. CLW-C178-10 sought the rezoning 6.96ha from enterprise and employment to residential development at convergence of Rathoe Road and the N81 and Submission No. CLW-C178-18,for,text,resolved
Carlow,Daniel Pender,March 2026,Resolution: Motion Carried Submission No. CLW-C178-10 sought the rezoning 6.96ha from enterprise and employment to residential development at convergence of Rathoe Road and the N81 and Submission No. CLW-C178-18,for,text,resolved
Carlow,John Pender,March 2026,Resolution: Motion Carried Submission No. CLW-C178-10 sought the rezoning 6.96ha from enterprise and employment to residential development at convergence of Rathoe Road and the N81 and Submission No. CLW-C178-18,for,text,resolved
Carlow,Fintan Phelan,March 2026,Resolution: Motion Carried Submission No. CLW-C178-10 sought the rezoning 6.96ha from enterprise and employment to residential development at convergence of Rathoe Road and the N81 and Submission No. CLW-C178-18,for,text,resolved
Carlow,William Quinn,March 2026,Resolution: Motion Carried Submission No. CLW-C178-10 sought the rezoning 6.96ha from enterprise and employment to residential development at convergence of Rathoe Road and the N81 and Submission No. CLW-C178-18,for,text,printed_form
Carlow,Adrienne Wallace,March 2026,Resolution: Motion Carried Submission No. CLW-C178-10 sought the rezoning 6.96ha from enterprise and employment to residential development at convergence of Rathoe Road and the N81 and Submission No. CLW-C178-18,for,text,resolved
Carlow,Ben Ward,March 2026,Resolution: Motion Carried Submission No. CLW-C178-10 sought the rezoning 6.96ha from enterprise and employment to residential development at convergence of Rathoe Road and the N81 and Submission No. CLW-C178-18,for,text,resolved
Carlow,Fergal Browne,March 2026,"Proposed by Cllr. W. Paton, Seconded by Cllr. Ward “To approve the rezoning request as submitted under Submission CLW- C178-10: to rezone 6.96ha from enterprise and employment to new residential development at conv",for,text,resolved
Carlow,John Cassin,March 2026,"Proposed by Cllr. W. Paton, Seconded by Cllr. Ward “To approve the rezoning request as submitted under Submission CLW- C178-10: to rezone 6.96ha from enterprise and employment to new residential development at conv",for,text,resolved
Carlow,Andrea Dalton,March 2026,"Proposed by Cllr. W. Paton, Seconded by Cllr. Ward “To approve the rezoning request as submitted under Submission CLW- C178-10: to rezone 6.96ha from enterprise and employment to new residential development at conv",for,text,resolved
Carlow,Jim Deane,March 2026,"Proposed by Cllr. W. Paton, Seconded by Cllr. Ward “To approve the rezoning request as submitted under Submission CLW- C178-10: to rezone 6.96ha from enterprise and employment to new residential development at conv",for,text,resolved
Carlow,Paul Doogue,March 2026,"Proposed by Cllr. W. Paton, Seconded by Cllr. Ward “To approve the rezoning request as submitted under Submission CLW- C178-10: to rezone 6.96ha from enterprise and employment to new residential development at conv",for,text,resolved
Carlow,Michael Doran,March 2026,"Proposed by Cllr. W. Paton, Seconded by Cllr. Ward “To approve the rezoning request as submitted under Submission CLW- C178-10: to rezone 6.96ha from enterprise and employment to new residential development at conv",for,text,resolved
Carlow,Andy Gladney,March 2026,"Proposed by Cllr. W. Paton, Seconded by Cllr. Ward “To approve the rezoning request as submitted under Submission CLW- C178-10: to rezone 6.96ha from enterprise and employment to new residential development at conv",for,text,resolved
Carlow,Thomas Kinsella,March 2026,"Proposed by Cllr. W. Paton, Seconded by Cllr. Ward “To approve the rezoning request as submitted under Submission CLW- C178-10: to rezone 6.96ha from enterprise and employment to new residential development at conv",for,text,resolved
Carlow,Ken Murnane,March 2026,"Proposed by Cllr. W. Paton, Seconded by Cllr. Ward “To approve the rezoning request as submitted under Submission CLW- C178-10: to rezone 6.96ha from enterprise and employment to new residential development at conv",for,text,resolved
Carlow,Charlie Murphy,March 2026,"Proposed by Cllr. W. Paton, Seconded by Cllr. Ward “To approve the rezoning request as submitted under Submission CLW- C178-10: to rezone 6.96ha from enterprise and employment to new residential development at conv",for,text,resolved
Carlow,Brian O’Donoghue,March 2026,"Proposed by Cllr. W. Paton, Seconded by Cllr. Ward “To approve the rezoning request as submitted under Submission CLW- C178-10: to rezone 6.96ha from enterprise and employment to new residential development at conv",for,text,resolved
Carlow,William Paton,March 2026,"Proposed by Cllr. W. Paton, Seconded by Cllr. Ward “To approve the rezoning request as submitted under Submission CLW- C178-10: to rezone 6.96ha from enterprise and employment to new residential development at conv",for,text,resolved
Carlow,Daniel Pender,March 2026,"Proposed by Cllr. W. Paton, Seconded by Cllr. Ward “To approve the rezoning request as submitted under Submission CLW- C178-10: to rezone 6.96ha from enterprise and employment to new residential development at conv",for,text,resolved
Carlow,John Pender,March 2026,"Proposed by Cllr. W. Paton, Seconded by Cllr. Ward “To approve the rezoning request as submitted under Submission CLW- C178-10: to rezone 6.96ha from enterprise and employment to new residential development at conv",for,text,resolved
Carlow,Fintan Phelan,March 2026,"Proposed by Cllr. W. Paton, Seconded by Cllr. Ward “To approve the rezoning request as submitted under Submission CLW- C178-10: to rezone 6.96ha from enterprise and employment to new residential development at conv",for,text,resolved
Carlow,William Quinn,March 2026,"Proposed by Cllr. W. Paton, Seconded by Cllr. Ward “To approve the rezoning request as submitted under Submission CLW- C178-10: to rezone 6.96ha from enterprise and employment to new residential development at conv",for,text,printed_form
Carlow,Adrienne Wallace,March 2026,"Proposed by Cllr. W. Paton, Seconded by Cllr. Ward “To approve the rezoning request as submitted under Submission CLW- C178-10: to rezone 6.96ha from enterprise and employment to new residential development at conv",for,text,resolved
Carlow,Ben Ward,March 2026,"Proposed by Cllr. W. Paton, Seconded by Cllr. Ward “To approve the rezoning request as submitted under Submission CLW- C178-10: to rezone 6.96ha from enterprise and employment to new residential development at conv",for,text,resolved
Carlow,Fergal Browne,March 2026,"resolutions agreed at the Council Meeting on Monday on 9th March 2026 on the proposal of Councillor W. Paton Seconded by Councillor J. Deane with 18 members voting in favour, and to proceed in accordance with Section",for,text,resolved
Carlow,John Cassin,March 2026,"resolutions agreed at the Council Meeting on Monday on 9th March 2026 on the proposal of Councillor W. Paton Seconded by Councillor J. Deane with 18 members voting in favour, and to proceed in accordance with Section",for,text,resolved
Carlow,Andrea Dalton,March 2026,"resolutions agreed at the Council Meeting on Monday on 9th March 2026 on the proposal of Councillor W. Paton Seconded by Councillor J. Deane with 18 members voting in favour, and to proceed in accordance with Section",for,text,resolved
Carlow,Jim Deane,March 2026,"resolutions agreed at the Council Meeting on Monday on 9th March 2026 on the proposal of Councillor W. Paton Seconded by Councillor J. Deane with 18 members voting in favour, and to proceed in accordance with Section",for,text,resolved
Carlow,Paul Doogue,March 2026,"resolutions agreed at the Council Meeting on Monday on 9th March 2026 on the proposal of Councillor W. Paton Seconded by Councillor J. Deane with 18 members voting in favour, and to proceed in accordance with Section",for,text,resolved
Carlow,Michael Doran,March 2026,"resolutions agreed at the Council Meeting on Monday on 9th March 2026 on the proposal of Councillor W. Paton Seconded by Councillor J. Deane with 18 members voting in favour, and to proceed in accordance with Section",for,text,resolved
Carlow,Andy Gladney,March 2026,"resolutions agreed at the Council Meeting on Monday on 9th March 2026 on the proposal of Councillor W. Paton Seconded by Councillor J. Deane with 18 members voting in favour, and to proceed in accordance with Section",for,text,resolved
Carlow,Thomas Kinsella,March 2026,"resolutions agreed at the Council Meeting on Monday on 9th March 2026 on the proposal of Councillor W. Paton Seconded by Councillor J. Deane with 18 members voting in favour, and to proceed in accordance with Section",for,text,resolved
Carlow,Ken Murnane,March 2026,"resolutions agreed at the Council Meeting on Monday on 9th March 2026 on the proposal of Councillor W. Paton Seconded by Councillor J. Deane with 18 members voting in favour, and to proceed in accordance with Section",against,text,resolved
Carlow,Charlie Murphy,March 2026,"resolutions agreed at the Council Meeting on Monday on 9th March 2026 on the proposal of Councillor W. Paton Seconded by Councillor J. Deane with 18 members voting in favour, and to proceed in accordance with Section",for,text,resolved
Carlow,Brian O’Donoghue,March 2026,"resolutions agreed at the Council Meeting on Monday on 9th March 2026 on the proposal of Councillor W. Paton Seconded by Councillor J. Deane with 18 members voting in favour, and to proceed in accordance with Section",for,text,resolved
Carlow,William Paton,March 2026,"resolutions agreed at the Council Meeting on Monday on 9th March 2026 on the proposal of Councillor W. Paton Seconded by Councillor J. Deane with 18 members voting in favour, and to proceed in accordance with Section",for,text,resolved
Carlow,Daniel Pender,March 2026,"resolutions agreed at the Council Meeting on Monday on 9th March 2026 on the proposal of Councillor W. Paton Seconded by Councillor J. Deane with 18 members voting in favour, and to proceed in accordance with Section",for,text,resolved
Carlow,John Pender,March 2026,"resolutions agreed at the Council Meeting on Monday on 9th March 2026 on the proposal of Councillor W. Paton Seconded by Councillor J. Deane with 18 members voting in favour, and to proceed in accordance with Section",for,text,resolved
Carlow,Fintan Phelan,March 2026,"resolutions agreed at the Council Meeting on Monday on 9th March 2026 on the proposal of Councillor W. Paton Seconded by Councillor J. Deane with 18 members voting in favour, and to proceed in accordance with Section",for,text,resolved
Carlow,William Quinn,March 2026,"resolutions agreed at the Council Meeting on Monday on 9th March 2026 on the proposal of Councillor W. Paton Seconded by Councillor J. Deane with 18 members voting in favour, and to proceed in accordance with Section",for,text,printed_form
Carlow,Adrienne Wallace,March 2026,"resolutions agreed at the Council Meeting on Monday on 9th March 2026 on the proposal of Councillor W. Paton Seconded by Councillor J. Deane with 18 members voting in favour, and to proceed in accordance with Section",for,text,resolved
Carlow,Ben Ward,March 2026,"resolutions agreed at the Council Meeting on Monday on 9th March 2026 on the proposal of Councillor W. Paton Seconded by Councillor J. Deane with 18 members voting in favour, and to proceed in accordance with Section",for,text,resolved
Carlow,Fergal Browne,March 2026,"resolution the material alterations must be prepared and placed on public display. Once on public display, members of the public then have a period of four (4) weeks to view and make submissions or observations on the",for,text,resolved
Carlow,John Cassin,March 2026,"resolution the material alterations must be prepared and placed on public display. Once on public display, members of the public then have a period of four (4) weeks to view and make submissions or observations on the",for,text,resolved
Carlow,Andrea Dalton,March 2026,"resolution the material alterations must be prepared and placed on public display. Once on public display, members of the public then have a period of four (4) weeks to view and make submissions or observations on the",for,text,resolved
Carlow,Jim Deane,March 2026,"resolution the material alterations must be prepared and placed on public display. Once on public display, members of the public then have a period of four (4) weeks to view and make submissions or observations on the",for,text,resolved
Carlow,Paul Doogue,March 2026,"resolution the material alterations must be prepared and placed on public display. Once on public display, members of the public then have a period of four (4) weeks to view and make submissions or observations on the",for,text,resolved
Carlow,Michael Doran,March 2026,"resolution the material alterations must be prepared and placed on public display. Once on public display, members of the public then have a period of four (4) weeks to view and make submissions or observations on the",for,text,resolved
Carlow,Andy Gladney,March 2026,"resolution the material alterations must be prepared and placed on public display. Once on public display, members of the public then have a period of four (4) weeks to view and make submissions or observations on the",for,text,resolved
Carlow,Thomas Kinsella,March 2026,"resolution the material alterations must be prepared and placed on public display. Once on public display, members of the public then have a period of four (4) weeks to view and make submissions or observations on the",for,text,resolved
Carlow,Ken Murnane,March 2026,"resolution the material alterations must be prepared and placed on public display. Once on public display, members of the public then have a period of four (4) weeks to view and make submissions or observations on the",for,text,resolved
Carlow,Charlie Murphy,March 2026,"resolution the material alterations must be prepared and placed on public display. Once on public display, members of the public then have a period of four (4) weeks to view and make submissions or observations on the",for,text,resolved
Carlow,Brian O’Donoghue,March 2026,"resolution the material alterations must be prepared and placed on public display. Once on public display, members of the public then have a period of four (4) weeks to view and make submissions or observations on the",for,text,resolved
Carlow,William Paton,March 2026,"resolution the material alterations must be prepared and placed on public display. Once on public display, members of the public then have a period of four (4) weeks to view and make submissions or observations on the",for,text,resolved
Carlow,Daniel Pender,March 2026,"resolution the material alterations must be prepared and placed on public display. Once on public display, members of the public then have a period of four (4) weeks to view and make submissions or observations on the",for,text,resolved
Carlow,John Pender,March 2026,"resolution the material alterations must be prepared and placed on public display. Once on public display, members of the public then have a period of four (4) weeks to view and make submissions or observations on the",for,text,resolved
Carlow,Fintan Phelan,March 2026,"resolution the material alterations must be prepared and placed on public display. Once on public display, members of the public then have a period of four (4) weeks to view and make submissions or observations on the",for,text,resolved
Carlow,William Quinn,March 2026,"resolution the material alterations must be prepared and placed on public display. Once on public display, members of the public then have a period of four (4) weeks to view and make submissions or observations on the",for,text,printed_form
Carlow,Adrienne Wallace,March 2026,"resolution the material alterations must be prepared and placed on public display. Once on public display, members of the public then have a period of four (4) weeks to view and make submissions or observations on the",for,text,resolved
Carlow,Ben Ward,March 2026,"resolution the material alterations must be prepared and placed on public display. Once on public display, members of the public then have a period of four (4) weeks to view and make submissions or observations on the",for,text,resolved
Carlow,Fergal Browne,April 2026,"that these excise reductions will take effect from midnight on Wednesday, 15 April 2026, and will remain in place until 31 July 2026. Carlow County Council recognises the importance of these measures in easing cost-",for,text,resolved
Carlow,John Cassin,April 2026,"that these excise reductions will take effect from midnight on Wednesday, 15 April 2026, and will remain in place until 31 July 2026. Carlow County Council recognises the importance of these measures in easing cost-",against,text,resolved
Carlow,Andrea Dalton,April 2026,"that these excise reductions will take effect from midnight on Wednesday, 15 April 2026, and will remain in place until 31 July 2026. Carlow County Council recognises the importance of these measures in easing cost-",for,text,resolved
Carlow,Fergal Browne,April 2026,"Proposed by Cllr. F. Browne, Seconded by Cllr. M. Doran “To approve the non-recommendation of the Chief Executive regarding 2 submission (No’s CLW-C181-18 rezoning 1.15 ha from Strategic Reserve to New Residential.”",for,text,resolved
Carlow,John Cassin,April 2026,"Proposed by Cllr. F. Browne, Seconded by Cllr. M. Doran “To approve the non-recommendation of the Chief Executive regarding 2 submission (No’s CLW-C181-18 rezoning 1.15 ha from Strategic Reserve to New Residential.”",for,text,resolved
Carlow,Andrea Dalton,April 2026,"Proposed by Cllr. F. Browne, Seconded by Cllr. M. Doran “To approve the non-recommendation of the Chief Executive regarding 2 submission (No’s CLW-C181-18 rezoning 1.15 ha from Strategic Reserve to New Residential.”",for,text,resolved
Carlow,Jim Deane,April 2026,"Proposed by Cllr. F. Browne, Seconded by Cllr. M. Doran “To approve the non-recommendation of the Chief Executive regarding 2 submission (No’s CLW-C181-18 rezoning 1.15 ha from Strategic Reserve to New Residential.”",for,text,resolved
Carlow,Fergal Browne,April 2026,"Proposed by Cllr. P. Doogue, Seconded by Cllr. F. Browne “To approve the non-recommendation of the Chief Executive regarding submissions (No CLW-C181-22) rezoning 4.0 ha from Strategic Reserve to New Residential with",for,text,resolved
Carlow,John Cassin,April 2026,"Proposed by Cllr. P. Doogue, Seconded by Cllr. F. Browne “To approve the non-recommendation of the Chief Executive regarding submissions (No CLW-C181-22) rezoning 4.0 ha from Strategic Reserve to New Residential with",for,text,resolved
Carlow,Andrea Dalton,April 2026,"Proposed by Cllr. P. Doogue, Seconded by Cllr. F. Browne “To approve the non-recommendation of the Chief Executive regarding submissions (No CLW-C181-22) rezoning 4.0 ha from Strategic Reserve to New Residential with",for,text,resolved
Carlow,Jim Deane,April 2026,"Proposed by Cllr. P. Doogue, Seconded by Cllr. F. Browne “To approve the non-recommendation of the Chief Executive regarding submissions (No CLW-C181-22) rezoning 4.0 ha from Strategic Reserve to New Residential with",for,text,resolved
Carlow,Fergal Browne,April 2026,"resolution, to make Variation No. 4, as recommended by the Chief Executive at the Council Meeting on 13th April 2026 on the proposal of Councillor Fergal Browne, seconded by Councillor Willie Quinn, with 18 members vo",for,text,resolved
Carlow,John Cassin,April 2026,"resolution, to make Variation No. 4, as recommended by the Chief Executive at the Council Meeting on 13th April 2026 on the proposal of Councillor Fergal Browne, seconded by Councillor Willie Quinn, with 18 members vo",for,text,resolved
Carlow,Andrea Dalton,April 2026,"resolution, to make Variation No. 4, as recommended by the Chief Executive at the Council Meeting on 13th April 2026 on the proposal of Councillor Fergal Browne, seconded by Councillor Willie Quinn, with 18 members vo",for,text,resolved
Carlow,Jim Deane,April 2026,"resolution, to make Variation No. 4, as recommended by the Chief Executive at the Council Meeting on 13th April 2026 on the proposal of Councillor Fergal Browne, seconded by Councillor Willie Quinn, with 18 members vo",for,text,resolved
Carlow,Paul Doogue,April 2026,"resolution, to make Variation No. 4, as recommended by the Chief Executive at the Council Meeting on 13th April 2026 on the proposal of Councillor Fergal Browne, seconded by Councillor Willie Quinn, with 18 members vo",for,text,resolved
Carlow,Michael Doran,April 2026,"resolution, to make Variation No. 4, as recommended by the Chief Executive at the Council Meeting on 13th April 2026 on the proposal of Councillor Fergal Browne, seconded by Councillor Willie Quinn, with 18 members vo",for,text,resolved
Carlow,Andy Gladney,April 2026,"resolution, to make Variation No. 4, as recommended by the Chief Executive at the Council Meeting on 13th April 2026 on the proposal of Councillor Fergal Browne, seconded by Councillor Willie Quinn, with 18 members vo",for,text,resolved
Carlow,Thomas Kinsella,April 2026,"resolution, to make Variation No. 4, as recommended by the Chief Executive at the Council Meeting on 13th April 2026 on the proposal of Councillor Fergal Browne, seconded by Councillor Willie Quinn, with 18 members vo",for,text,resolved
Carlow,Ken Murnane,April 2026,"resolution, to make Variation No. 4, as recommended by the Chief Executive at the Council Meeting on 13th April 2026 on the proposal of Councillor Fergal Browne, seconded by Councillor Willie Quinn, with 18 members vo",for,text,resolved
Carlow,Charlie Murphy,April 2026,"resolution, to make Variation No. 4, as recommended by the Chief Executive at the Council Meeting on 13th April 2026 on the proposal of Councillor Fergal Browne, seconded by Councillor Willie Quinn, with 18 members vo",for,text,resolved
Carlow,Brian O’Donoghue,April 2026,"resolution, to make Variation No. 4, as recommended by the Chief Executive at the Council Meeting on 13th April 2026 on the proposal of Councillor Fergal Browne, seconded by Councillor Willie Quinn, with 18 members vo",for,text,resolved
Carlow,William Paton,April 2026,"resolution, to make Variation No. 4, as recommended by the Chief Executive at the Council Meeting on 13th April 2026 on the proposal of Councillor Fergal Browne, seconded by Councillor Willie Quinn, with 18 members vo",for,text,resolved
Carlow,Daniel Pender,April 2026,"resolution, to make Variation No. 4, as recommended by the Chief Executive at the Council Meeting on 13th April 2026 on the proposal of Councillor Fergal Browne, seconded by Councillor Willie Quinn, with 18 members vo",for,text,resolved
Carlow,John Pender,April 2026,"resolution, to make Variation No. 4, as recommended by the Chief Executive at the Council Meeting on 13th April 2026 on the proposal of Councillor Fergal Browne, seconded by Councillor Willie Quinn, with 18 members vo",for,text,resolved
Carlow,Fintan Phelan,April 2026,"resolution, to make Variation No. 4, as recommended by the Chief Executive at the Council Meeting on 13th April 2026 on the proposal of Councillor Fergal Browne, seconded by Councillor Willie Quinn, with 18 members vo",for,text,resolved
Carlow,William Quinn,April 2026,"resolution, to make Variation No. 4, as recommended by the Chief Executive at the Council Meeting on 13th April 2026 on the proposal of Councillor Fergal Browne, seconded by Councillor Willie Quinn, with 18 members vo",for,text,printed_form
Carlow,Adrienne Wallace,April 2026,"resolution, to make Variation No. 4, as recommended by the Chief Executive at the Council Meeting on 13th April 2026 on the proposal of Councillor Fergal Browne, seconded by Councillor Willie Quinn, with 18 members vo",for,text,resolved
Carlow,Ben Ward,April 2026,"resolution, to make Variation No. 4, as recommended by the Chief Executive at the Council Meeting on 13th April 2026 on the proposal of Councillor Fergal Browne, seconded by Councillor Willie Quinn, with 18 members vo",for,text,resolved
Carlow,Fergal Browne,May 2026,"Resolution: Motion Defeated Opinion of the Chief Executive - Proposed Material Alteration No. 19 The rationale underpinning the recommendation outlined in the submissions from the TII, the NTA and the OPR for Pr",against,text,resolved
Carlow,John Cassin,May 2026,"Resolution: Motion Defeated Opinion of the Chief Executive - Proposed Material Alteration No. 19 The rationale underpinning the recommendation outlined in the submissions from the TII, the NTA and the OPR for Pr",abstain,text,resolved
Carlow,Andrea Dalton,May 2026,"Resolution: Motion Defeated Opinion of the Chief Executive - Proposed Material Alteration No. 19 The rationale underpinning the recommendation outlined in the submissions from the TII, the NTA and the OPR for Pr",against,text,resolved
Carlow,Jim Deane,May 2026,"Resolution: Motion Defeated Opinion of the Chief Executive - Proposed Material Alteration No. 19 The rationale underpinning the recommendation outlined in the submissions from the TII, the NTA and the OPR for Pr",against,text,resolved
Carlow,Paul Doogue,May 2026,"Resolution: Motion Defeated Opinion of the Chief Executive - Proposed Material Alteration No. 19 The rationale underpinning the recommendation outlined in the submissions from the TII, the NTA and the OPR for Pr",against,text,resolved
Carlow,Michael Doran,May 2026,"Resolution: Motion Defeated Opinion of the Chief Executive - Proposed Material Alteration No. 19 The rationale underpinning the recommendation outlined in the submissions from the TII, the NTA and the OPR for Pr",against,text,resolved
Carlow,Andy Gladney,May 2026,"Resolution: Motion Defeated Opinion of the Chief Executive - Proposed Material Alteration No. 19 The rationale underpinning the recommendation outlined in the submissions from the TII, the NTA and the OPR for Pr",against,text,resolved
Carlow,Thomas Kinsella,May 2026,"Resolution: Motion Defeated Opinion of the Chief Executive - Proposed Material Alteration No. 19 The rationale underpinning the recommendation outlined in the submissions from the TII, the NTA and the OPR for Pr",against,text,resolved
Carlow,Ken Murnane,May 2026,"Resolution: Motion Defeated Opinion of the Chief Executive - Proposed Material Alteration No. 19 The rationale underpinning the recommendation outlined in the submissions from the TII, the NTA and the OPR for Pr",against,text,resolved
Carlow,Charlie Murphy,May 2026,"Resolution: Motion Defeated Opinion of the Chief Executive - Proposed Material Alteration No. 19 The rationale underpinning the recommendation outlined in the submissions from the TII, the NTA and the OPR for Pr",against,text,resolved
Carlow,Brian O’Donoghue,May 2026,"Resolution: Motion Defeated Opinion of the Chief Executive - Proposed Material Alteration No. 19 The rationale underpinning the recommendation outlined in the submissions from the TII, the NTA and the OPR for Pr",against,text,resolved
Carlow,William Paton,May 2026,"Resolution: Motion Defeated Opinion of the Chief Executive - Proposed Material Alteration No. 19 The rationale underpinning the recommendation outlined in the submissions from the TII, the NTA and the OPR for Pr",against,text,resolved
Carlow,Daniel Pender,May 2026,"Resolution: Motion Defeated Opinion of the Chief Executive - Proposed Material Alteration No. 19 The rationale underpinning the recommendation outlined in the submissions from the TII, the NTA and the OPR for Pr",against,text,resolved
Carlow,John Pender,May 2026,"Resolution: Motion Defeated Opinion of the Chief Executive - Proposed Material Alteration No. 19 The rationale underpinning the recommendation outlined in the submissions from the TII, the NTA and the OPR for Pr",against,text,resolved
Carlow,Fintan Phelan,May 2026,"Resolution: Motion Defeated Opinion of the Chief Executive - Proposed Material Alteration No. 19 The rationale underpinning the recommendation outlined in the submissions from the TII, the NTA and the OPR for Pr",against,text,resolved
Carlow,William Quinn,May 2026,"Resolution: Motion Defeated Opinion of the Chief Executive - Proposed Material Alteration No. 19 The rationale underpinning the recommendation outlined in the submissions from the TII, the NTA and the OPR for Pr",against,text,printed_form
Carlow,Adrienne Wallace,May 2026,"Resolution: Motion Defeated Opinion of the Chief Executive - Proposed Material Alteration No. 19 The rationale underpinning the recommendation outlined in the submissions from the TII, the NTA and the OPR for Pr",abstain,text,resolved
Carlow,Ben Ward,May 2026,"Resolution: Motion Defeated Opinion of the Chief Executive - Proposed Material Alteration No. 19 The rationale underpinning the recommendation outlined in the submissions from the TII, the NTA and the OPR for Pr",against,text,resolved
Carlow,Fergal Browne,May 2026,"We the Members of Carlow County Council having considered Proposed Variation No. 3 to the Carlow County Development Plan 2022-2028 (as varied) to incorporate the Tullow District Town Plan, the Proposed Material Altera",against,text,resolved
Carlow,John Cassin,May 2026,"We the Members of Carlow County Council having considered Proposed Variation No. 3 to the Carlow County Development Plan 2022-2028 (as varied) to incorporate the Tullow District Town Plan, the Proposed Material Altera",abstain,text,resolved
Carlow,Andrea Dalton,May 2026,"We the Members of Carlow County Council having considered Proposed Variation No. 3 to the Carlow County Development Plan 2022-2028 (as varied) to incorporate the Tullow District Town Plan, the Proposed Material Altera",against,text,resolved
Carlow,Jim Deane,May 2026,"We the Members of Carlow County Council having considered Proposed Variation No. 3 to the Carlow County Development Plan 2022-2028 (as varied) to incorporate the Tullow District Town Plan, the Proposed Material Altera",against,text,resolved
Carlow,Paul Doogue,May 2026,"We the Members of Carlow County Council having considered Proposed Variation No. 3 to the Carlow County Development Plan 2022-2028 (as varied) to incorporate the Tullow District Town Plan, the Proposed Material Altera",against,text,resolved
Carlow,Michael Doran,May 2026,"We the Members of Carlow County Council having considered Proposed Variation No. 3 to the Carlow County Development Plan 2022-2028 (as varied) to incorporate the Tullow District Town Plan, the Proposed Material Altera",against,text,resolved
Carlow,Andy Gladney,May 2026,"We the Members of Carlow County Council having considered Proposed Variation No. 3 to the Carlow County Development Plan 2022-2028 (as varied) to incorporate the Tullow District Town Plan, the Proposed Material Altera",against,text,resolved
Carlow,Thomas Kinsella,May 2026,"We the Members of Carlow County Council having considered Proposed Variation No. 3 to the Carlow County Development Plan 2022-2028 (as varied) to incorporate the Tullow District Town Plan, the Proposed Material Altera",against,text,resolved
Carlow,Ken Murnane,May 2026,"We the Members of Carlow County Council having considered Proposed Variation No. 3 to the Carlow County Development Plan 2022-2028 (as varied) to incorporate the Tullow District Town Plan, the Proposed Material Altera",against,text,resolved
Carlow,Charlie Murphy,May 2026,"We the Members of Carlow County Council having considered Proposed Variation No. 3 to the Carlow County Development Plan 2022-2028 (as varied) to incorporate the Tullow District Town Plan, the Proposed Material Altera",against,text,resolved
Carlow,Brian O’Donoghue,May 2026,"We the Members of Carlow County Council having considered Proposed Variation No. 3 to the Carlow County Development Plan 2022-2028 (as varied) to incorporate the Tullow District Town Plan, the Proposed Material Altera",against,text,resolved
Carlow,William Paton,May 2026,"We the Members of Carlow County Council having considered Proposed Variation No. 3 to the Carlow County Development Plan 2022-2028 (as varied) to incorporate the Tullow District Town Plan, the Proposed Material Altera",against,text,resolved
Carlow,Daniel Pender,May 2026,"We the Members of Carlow County Council having considered Proposed Variation No. 3 to the Carlow County Development Plan 2022-2028 (as varied) to incorporate the Tullow District Town Plan, the Proposed Material Altera",against,text,resolved
Carlow,John Pender,May 2026,"We the Members of Carlow County Council having considered Proposed Variation No. 3 to the Carlow County Development Plan 2022-2028 (as varied) to incorporate the Tullow District Town Plan, the Proposed Material Altera",against,text,resolved
Carlow,Fintan Phelan,May 2026,"We the Members of Carlow County Council having considered Proposed Variation No. 3 to the Carlow County Development Plan 2022-2028 (as varied) to incorporate the Tullow District Town Plan, the Proposed Material Altera",against,text,resolved
Carlow,William Quinn,May 2026,"We the Members of Carlow County Council having considered Proposed Variation No. 3 to the Carlow County Development Plan 2022-2028 (as varied) to incorporate the Tullow District Town Plan, the Proposed Material Altera",against,text,printed_form
Carlow,Adrienne Wallace,May 2026,"We the Members of Carlow County Council having considered Proposed Variation No. 3 to the Carlow County Development Plan 2022-2028 (as varied) to incorporate the Tullow District Town Plan, the Proposed Material Altera",abstain,text,resolved
Carlow,Ben Ward,May 2026,"We the Members of Carlow County Council having considered Proposed Variation No. 3 to the Carlow County Development Plan 2022-2028 (as varied) to incorporate the Tullow District Town Plan, the Proposed Material Altera",against,text,resolved
Carlow,Fergal Browne,May 2026,"resolution, to make Variation No. 3, as recommended by the Chief Executive at the Council Meeting on 11th May 2026 on the proposal of Councillor B. Ward, seconded by Councillor J. Pender, with 16 members voting in fav",for,text,resolved
Carlow,John Cassin,May 2026,"resolution, to make Variation No. 3, as recommended by the Chief Executive at the Council Meeting on 11th May 2026 on the proposal of Councillor B. Ward, seconded by Councillor J. Pender, with 16 members voting in fav",abstain,text,resolved
Carlow,Andrea Dalton,May 2026,"resolution, to make Variation No. 3, as recommended by the Chief Executive at the Council Meeting on 11th May 2026 on the proposal of Councillor B. Ward, seconded by Councillor J. Pender, with 16 members voting in fav",for,text,resolved
Carlow,Jim Deane,May 2026,"resolution, to make Variation No. 3, as recommended by the Chief Executive at the Council Meeting on 11th May 2026 on the proposal of Councillor B. Ward, seconded by Councillor J. Pender, with 16 members voting in fav",for,text,resolved
Carlow,Paul Doogue,May 2026,"resolution, to make Variation No. 3, as recommended by the Chief Executive at the Council Meeting on 11th May 2026 on the proposal of Councillor B. Ward, seconded by Councillor J. Pender, with 16 members voting in fav",for,text,resolved
Carlow,Michael Doran,May 2026,"resolution, to make Variation No. 3, as recommended by the Chief Executive at the Council Meeting on 11th May 2026 on the proposal of Councillor B. Ward, seconded by Councillor J. Pender, with 16 members voting in fav",for,text,resolved
Carlow,Andy Gladney,May 2026,"resolution, to make Variation No. 3, as recommended by the Chief Executive at the Council Meeting on 11th May 2026 on the proposal of Councillor B. Ward, seconded by Councillor J. Pender, with 16 members voting in fav",for,text,resolved
Carlow,Thomas Kinsella,May 2026,"resolution, to make Variation No. 3, as recommended by the Chief Executive at the Council Meeting on 11th May 2026 on the proposal of Councillor B. Ward, seconded by Councillor J. Pender, with 16 members voting in fav",for,text,resolved
Carlow,Ken Murnane,May 2026,"resolution, to make Variation No. 3, as recommended by the Chief Executive at the Council Meeting on 11th May 2026 on the proposal of Councillor B. Ward, seconded by Councillor J. Pender, with 16 members voting in fav",for,text,resolved
Carlow,Charlie Murphy,May 2026,"resolution, to make Variation No. 3, as recommended by the Chief Executive at the Council Meeting on 11th May 2026 on the proposal of Councillor B. Ward, seconded by Councillor J. Pender, with 16 members voting in fav",for,text,resolved
Carlow,Brian O’Donoghue,May 2026,"resolution, to make Variation No. 3, as recommended by the Chief Executive at the Council Meeting on 11th May 2026 on the proposal of Councillor B. Ward, seconded by Councillor J. Pender, with 16 members voting in fav",for,text,resolved
Carlow,William Paton,May 2026,"resolution, to make Variation No. 3, as recommended by the Chief Executive at the Council Meeting on 11th May 2026 on the proposal of Councillor B. Ward, seconded by Councillor J. Pender, with 16 members voting in fav",for,text,resolved
Carlow,Daniel Pender,May 2026,"resolution, to make Variation No. 3, as recommended by the Chief Executive at the Council Meeting on 11th May 2026 on the proposal of Councillor B. Ward, seconded by Councillor J. Pender, with 16 members voting in fav",for,text,resolved
Carlow,John Pender,May 2026,"resolution, to make Variation No. 3, as recommended by the Chief Executive at the Council Meeting on 11th May 2026 on the proposal of Councillor B. Ward, seconded by Councillor J. Pender, with 16 members voting in fav",for,text,resolved
Carlow,Fintan Phelan,May 2026,"resolution, to make Variation No. 3, as recommended by the Chief Executive at the Council Meeting on 11th May 2026 on the proposal of Councillor B. Ward, seconded by Councillor J. Pender, with 16 members voting in fav",for,text,resolved
Carlow,William Quinn,May 2026,"resolution, to make Variation No. 3, as recommended by the Chief Executive at the Council Meeting on 11th May 2026 on the proposal of Councillor B. Ward, seconded by Councillor J. Pender, with 16 members voting in fav",for,text,printed_form
Carlow,Adrienne Wallace,May 2026,"resolution, to make Variation No. 3, as recommended by the Chief Executive at the Council Meeting on 11th May 2026 on the proposal of Councillor B. Ward, seconded by Councillor J. Pender, with 16 members voting in fav",abstain,text,resolved
Carlow,Ben Ward,May 2026,"resolution, to make Variation No. 3, as recommended by the Chief Executive at the Council Meeting on 11th May 2026 on the proposal of Councillor B. Ward, seconded by Councillor J. Pender, with 16 members voting in fav",for,text,resolved
Carlow,Fergal Browne,February 2026,"We the members of Carlow County Council in accordance with Standing Orders, approve the continuation of the meeting until 6.30pm. 7.0 Any other business with the consent of the Cathaoirleach/Aon gnó eile le haon",absent,text,resolved
Carlow,John Cassin,February 2026,"We the members of Carlow County Council in accordance with Standing Orders, approve the continuation of the meeting until 6.30pm. 7.0 Any other business with the consent of the Cathaoirleach/Aon gnó eile le haon",for,text,resolved
Carlow,Andrea Dalton,February 2026,"We the members of Carlow County Council in accordance with Standing Orders, approve the continuation of the meeting until 6.30pm. 7.0 Any other business with the consent of the Cathaoirleach/Aon gnó eile le haon",absent,text,resolved
Carlow,Jim Deane,February 2026,"We the members of Carlow County Council in accordance with Standing Orders, approve the continuation of the meeting until 6.30pm. 7.0 Any other business with the consent of the Cathaoirleach/Aon gnó eile le haon",for,text,resolved
Carlow,Paul Doogue,February 2026,"We the members of Carlow County Council in accordance with Standing Orders, approve the continuation of the meeting until 6.30pm. 7.0 Any other business with the consent of the Cathaoirleach/Aon gnó eile le haon",against,text,resolved
Carlow,Michael Doran,February 2026,"We the members of Carlow County Council in accordance with Standing Orders, approve the continuation of the meeting until 6.30pm. 7.0 Any other business with the consent of the Cathaoirleach/Aon gnó eile le haon",against,text,resolved
Carlow,Andy Gladney,February 2026,"We the members of Carlow County Council in accordance with Standing Orders, approve the continuation of the meeting until 6.30pm. 7.0 Any other business with the consent of the Cathaoirleach/Aon gnó eile le haon",for,text,resolved
Carlow,Thomas Kinsella,February 2026,"We the members of Carlow County Council in accordance with Standing Orders, approve the continuation of the meeting until 6.30pm. 7.0 Any other business with the consent of the Cathaoirleach/Aon gnó eile le haon",against,text,resolved
Carlow,Ken Murnane,February 2026,"We the members of Carlow County Council in accordance with Standing Orders, approve the continuation of the meeting until 6.30pm. 7.0 Any other business with the consent of the Cathaoirleach/Aon gnó eile le haon",against,text,resolved
Carlow,Charlie Murphy,February 2026,"We the members of Carlow County Council in accordance with Standing Orders, approve the continuation of the meeting until 6.30pm. 7.0 Any other business with the consent of the Cathaoirleach/Aon gnó eile le haon",against,text,resolved
Carlow,Brian O’Donoghue,February 2026,"We the members of Carlow County Council in accordance with Standing Orders, approve the continuation of the meeting until 6.30pm. 7.0 Any other business with the consent of the Cathaoirleach/Aon gnó eile le haon",absent,text,resolved
Carlow,William Paton,February 2026,"We the members of Carlow County Council in accordance with Standing Orders, approve the continuation of the meeting until 6.30pm. 7.0 Any other business with the consent of the Cathaoirleach/Aon gnó eile le haon",against,text,resolved
Carlow,Daniel Pender,February 2026,"We the members of Carlow County Council in accordance with Standing Orders, approve the continuation of the meeting until 6.30pm. 7.0 Any other business with the consent of the Cathaoirleach/Aon gnó eile le haon",against,text,resolved
Carlow,John Pender,February 2026,"We the members of Carlow County Council in accordance with Standing Orders, approve the continuation of the meeting until 6.30pm. 7.0 Any other business with the consent of the Cathaoirleach/Aon gnó eile le haon",against,text,resolved
Carlow,Fintan Phelan,February 2026,"We the members of Carlow County Council in accordance with Standing Orders, approve the continuation of the meeting until 6.30pm. 7.0 Any other business with the consent of the Cathaoirleach/Aon gnó eile le haon",against,text,resolved
Carlow,William Quinn,February 2026,"We the members of Carlow County Council in accordance with Standing Orders, approve the continuation of the meeting until 6.30pm. 7.0 Any other business with the consent of the Cathaoirleach/Aon gnó eile le haon",against,text,printed_form
Carlow,Adrienne Wallace,February 2026,"We the members of Carlow County Council in accordance with Standing Orders, approve the continuation of the meeting until 6.30pm. 7.0 Any other business with the consent of the Cathaoirleach/Aon gnó eile le haon",for,text,resolved
Carlow,Ben Ward,February 2026,"We the members of Carlow County Council in accordance with Standing Orders, approve the continuation of the meeting until 6.30pm. 7.0 Any other business with the consent of the Cathaoirleach/Aon gnó eile le haon",absent,text,resolved
Cork City,John Maher,04/12/2024,A vote was taken where there appeared as follows: (vote 1 of 4),for,text,resolved
Cork City,Joe Kavanagh,04/12/2024,A vote was taken where there appeared as follows: (vote 1 of 4),for,text,resolved
Cork City,Margaret McDonnell,04/12/2024,A vote was taken where there appeared as follows: (vote 1 of 4),for,text,resolved
Cork City,O. Moran,04/12/2024,A vote was taken where there appeared as follows: (vote 1 of 4),for,text,printed_form
Cork City,Tony Fitzgerald,04/12/2024,A vote was taken where there appeared as follows: (vote 1 of 4),for,text,resolved
Cork City,Damian Boylan,04/12/2024,A vote was taken where there appeared as follows: (vote 1 of 4),for,text,resolved
Cork City,John Sheehan,04/12/2024,A vote was taken where there appeared as follows: (vote 1 of 4),for,text,resolved
Cork City,Michelle Gould,04/12/2024,A vote was taken where there appeared as follows: (vote 1 of 4),for,text,resolved
Cork City,Kenneth Collins,04/12/2024,A vote was taken where there appeared as follows: (vote 1 of 4),for,text,resolved
Cork City,Kieran McCarthy,04/12/2024,A vote was taken where there appeared as follows: (vote 1 of 4),for,text,resolved
Cork City,Mary Rose Desmond,04/12/2024,A vote was taken where there appeared as follows: (vote 1 of 4),for,text,resolved
Cork City,Des Cahill,04/12/2024,A vote was taken where there appeared as follows: (vote 1 of 4),for,text,resolved
Cork City,H. Kamegni,04/12/2024,A vote was taken where there appeared as follows: (vote 1 of 4),for,text,printed_form
Cork City,Peter Horgan,04/12/2024,A vote was taken where there appeared as follows: (vote 1 of 4),for,text,resolved
Cork City,Shane O'Callaghan,04/12/2024,A vote was taken where there appeared as follows: (vote 1 of 4),for,text,resolved
Cork City,Seán Martin,04/12/2024,A vote was taken where there appeared as follows: (vote 1 of 4),for,text,resolved
Cork City,Fiona Kerins,04/12/2024,A vote was taken where there appeared as follows: (vote 1 of 4),for,text,resolved
Cork City,Paudie Dineen,04/12/2024,A vote was taken where there appeared as follows: (vote 1 of 4),for,text,resolved
Cork City,An tArdmhéara,04/12/2024,A vote was taken where there appeared as follows: (vote 1 of 4),for,text,printed_form
Cork City,Colm Kelleher,04/12/2024,A vote was taken where there appeared as follows: (vote 1 of 4),for,text,resolved
Cork City,Joe Lynch,04/12/2024,A vote was taken where there appeared as follows: (vote 1 of 4),for,text,resolved
Cork City,Laura Harmon,04/12/2024,A vote was taken where there appeared as follows: (vote 1 of 4),for,text,resolved
Cork City,Terry Coleman,04/12/2024,A vote was taken where there appeared as follows: (vote 1 of 4),for,text,resolved
Cork City,Ted Tynan,04/12/2024,A vote was taken where there appeared as follows: (vote 1 of 4),against,text,resolved
Cork City,Brian McCarthy,04/12/2024,A vote was taken where there appeared as follows: (vote 1 of 4),against,text,resolved
Cork City,Albert Deasy,04/12/2024,A vote was taken where there appeared as follows: (vote 1 of 4),against,text,resolved
Cork City,Albert Deasy,04/12/2024,A vote was taken where there appeared as follows: (vote 2 of 4),for,text,resolved
Cork City,John Maher,04/12/2024,A vote was taken where there appeared as follows: (vote 2 of 4),against,text,resolved
Cork City,Joe Kavanagh,04/12/2024,A vote was taken where there appeared as follows: (vote 2 of 4),against,text,resolved
Cork City,Margaret McDonnell,04/12/2024,A vote was taken where there appeared as follows: (vote 2 of 4),against,text,resolved
Cork City,Ted Tynan,04/12/2024,A vote was taken where there appeared as follows: (vote 2 of 4),against,text,resolved
Cork City,O. Moran,04/12/2024,A vote was taken where there appeared as follows: (vote 2 of 4),against,text,printed_form
Cork City,Tony Fitzgerald,04/12/2024,A vote was taken where there appeared as follows: (vote 2 of 4),against,text,resolved
Cork City,Damian Boylan,04/12/2024,A vote was taken where there appeared as follows: (vote 2 of 4),against,text,resolved
Cork City,John Sheehan,04/12/2024,A vote was taken where there appeared as follows: (vote 2 of 4),against,text,resolved
Cork City,Michelle Gould,04/12/2024,A vote was taken where there appeared as follows: (vote 2 of 4),against,text,resolved
Cork City,Kenneth Collins,04/12/2024,A vote was taken where there appeared as follows: (vote 2 of 4),against,text,resolved
Cork City,Brian McCarthy,04/12/2024,A vote was taken where there appeared as follows: (vote 2 of 4),against,text,resolved
Cork City,Kieran McCarthy,04/12/2024,A vote was taken where there appeared as follows: (vote 2 of 4),against,text,resolved
Cork City,Mary Rose Desmond,04/12/2024,A vote was taken where there appeared as follows: (vote 2 of 4),against,text,resolved
Cork City,Des Cahill,04/12/2024,A vote was taken where there appeared as follows: (vote 2 of 4),against,text,resolved
Cork City,H. Kamegni,04/12/2024,A vote was taken where there appeared as follows: (vote 2 of 4),against,text,printed_form
Cork City,Peter Horgan,04/12/2024,A vote was taken where there appeared as follows: (vote 2 of 4),against,text,resolved
Cork City,Shane O'Callaghan,04/12/2024,A vote was taken where there appeared as follows: (vote 2 of 4),against,text,resolved
Cork City,Seán Martin,04/12/2024,A vote was taken where there appeared as follows: (vote 2 of 4),against,text,resolved
Cork City,Fiona Kerins,04/12/2024,A vote was taken where there appeared as follows: (vote 2 of 4),against,text,resolved
Cork City,Paudie Dineen,04/12/2024,A vote was taken where there appeared as follows: (vote 2 of 4),against,text,resolved
Cork City,An tArdmhéara,04/12/2024,A vote was taken where there appeared as follows: (vote 2 of 4),against,text,printed_form
Cork City,Colm Kelleher,04/12/2024,A vote was taken where there appeared as follows: (vote 2 of 4),against,text,resolved
Cork City,Joe Lynch,04/12/2024,A vote was taken where there appeared as follows: (vote 2 of 4),against,text,resolved
Cork City,Laura Harmon,04/12/2024,A vote was taken where there appeared as follows: (vote 2 of 4),against,text,resolved
Cork City,Terry Coleman,04/12/2024,A vote was taken where there appeared as follows: (vote 2 of 4),against,text,resolved
Cork City,John Maher,04/12/2024,A vote was taken where there appeared as follows: (vote 3 of 4),for,text,resolved
Cork City,Joe Kavanagh,04/12/2024,A vote was taken where there appeared as follows: (vote 3 of 4),for,text,resolved
Cork City,Margaret McDonnell,04/12/2024,A vote was taken where there appeared as follows: (vote 3 of 4),for,text,resolved
Cork City,O. Moran,04/12/2024,A vote was taken where there appeared as follows: (vote 3 of 4),for,text,printed_form
Cork City,Tony Fitzgerald,04/12/2024,A vote was taken where there appeared as follows: (vote 3 of 4),for,text,resolved
Cork City,Damian Boylan,04/12/2024,A vote was taken where there appeared as follows: (vote 3 of 4),for,text,resolved
Cork City,John Sheehan,04/12/2024,A vote was taken where there appeared as follows: (vote 3 of 4),for,text,resolved
Cork City,Michelle Gould,04/12/2024,A vote was taken where there appeared as follows: (vote 3 of 4),for,text,resolved
Cork City,Kenneth Collins,04/12/2024,A vote was taken where there appeared as follows: (vote 3 of 4),for,text,resolved
Cork City,Kieran McCarthy,04/12/2024,A vote was taken where there appeared as follows: (vote 3 of 4),for,text,resolved
Cork City,Mary Rose Desmond,04/12/2024,A vote was taken where there appeared as follows: (vote 3 of 4),for,text,resolved
Cork City,Des Cahill,04/12/2024,A vote was taken where there appeared as follows: (vote 3 of 4),for,text,resolved
Cork City,H. Kamegni,04/12/2024,A vote was taken where there appeared as follows: (vote 3 of 4),for,text,printed_form
Cork City,Peter Horgan,04/12/2024,A vote was taken where there appeared as follows: (vote 3 of 4),for,text,resolved
Cork City,Shane O'Callaghan,04/12/2024,A vote was taken where there appeared as follows: (vote 3 of 4),for,text,resolved
Cork City,Seán Martin,04/12/2024,A vote was taken where there appeared as follows: (vote 3 of 4),for,text,resolved
Cork City,Fiona Kerins,04/12/2024,A vote was taken where there appeared as follows: (vote 3 of 4),for,text,resolved
Cork City,Paudie Dineen,04/12/2024,A vote was taken where there appeared as follows: (vote 3 of 4),for,text,resolved
Cork City,An tArdmhéara,04/12/2024,A vote was taken where there appeared as follows: (vote 3 of 4),for,text,printed_form
Cork City,Colm Kelleher,04/12/2024,A vote was taken where there appeared as follows: (vote 3 of 4),for,text,resolved
Cork City,Joe Lynch,04/12/2024,A vote was taken where there appeared as follows: (vote 3 of 4),for,text,resolved
Cork City,Laura Harmon,04/12/2024,A vote was taken where there appeared as follows: (vote 3 of 4),for,text,resolved
Cork City,Terry Coleman,04/12/2024,A vote was taken where there appeared as follows: (vote 3 of 4),for,text,resolved
Cork City,Ted Tynan,04/12/2024,A vote was taken where there appeared as follows: (vote 3 of 4),against,text,resolved
Cork City,Brian McCarthy,04/12/2024,A vote was taken where there appeared as follows: (vote 3 of 4),against,text,resolved
Cork City,Albert Deasy,04/12/2024,A vote was taken where there appeared as follows: (vote 3 of 4),against,text,resolved
Cork City,John Maher,04/12/2024,"‘That the Draft Cork City Council Budget, as amended, for the local financial year ending 31st December 2025, as set forth in Tables A to F thereof be and is hereby adopted.”",for,text,resolved
Cork City,Joe Kavanagh,04/12/2024,"‘That the Draft Cork City Council Budget, as amended, for the local financial year ending 31st December 2025, as set forth in Tables A to F thereof be and is hereby adopted.”",for,text,resolved
Cork City,Margaret McDonnell,04/12/2024,"‘That the Draft Cork City Council Budget, as amended, for the local financial year ending 31st December 2025, as set forth in Tables A to F thereof be and is hereby adopted.”",for,text,resolved
Cork City,O. Moran,04/12/2024,"‘That the Draft Cork City Council Budget, as amended, for the local financial year ending 31st December 2025, as set forth in Tables A to F thereof be and is hereby adopted.”",for,text,printed_form
Cork City,Tony Fitzgerald,04/12/2024,"‘That the Draft Cork City Council Budget, as amended, for the local financial year ending 31st December 2025, as set forth in Tables A to F thereof be and is hereby adopted.”",for,text,resolved
Cork City,Damian Boylan,04/12/2024,"‘That the Draft Cork City Council Budget, as amended, for the local financial year ending 31st December 2025, as set forth in Tables A to F thereof be and is hereby adopted.”",for,text,resolved
Cork City,John Sheehan,04/12/2024,"‘That the Draft Cork City Council Budget, as amended, for the local financial year ending 31st December 2025, as set forth in Tables A to F thereof be and is hereby adopted.”",for,text,resolved
Cork City,Michelle Gould,04/12/2024,"‘That the Draft Cork City Council Budget, as amended, for the local financial year ending 31st December 2025, as set forth in Tables A to F thereof be and is hereby adopted.”",for,text,resolved
Cork City,Kenneth Collins,04/12/2024,"‘That the Draft Cork City Council Budget, as amended, for the local financial year ending 31st December 2025, as set forth in Tables A to F thereof be and is hereby adopted.”",for,text,resolved
Cork City,Kieran McCarthy,04/12/2024,"‘That the Draft Cork City Council Budget, as amended, for the local financial year ending 31st December 2025, as set forth in Tables A to F thereof be and is hereby adopted.”",for,text,resolved
Cork City,Mary Rose Desmond,04/12/2024,"‘That the Draft Cork City Council Budget, as amended, for the local financial year ending 31st December 2025, as set forth in Tables A to F thereof be and is hereby adopted.”",for,text,resolved
Cork City,Des Cahill,04/12/2024,"‘That the Draft Cork City Council Budget, as amended, for the local financial year ending 31st December 2025, as set forth in Tables A to F thereof be and is hereby adopted.”",for,text,resolved
Cork City,H. Kamegni,04/12/2024,"‘That the Draft Cork City Council Budget, as amended, for the local financial year ending 31st December 2025, as set forth in Tables A to F thereof be and is hereby adopted.”",for,text,printed_form
Cork City,Peter Horgan,04/12/2024,"‘That the Draft Cork City Council Budget, as amended, for the local financial year ending 31st December 2025, as set forth in Tables A to F thereof be and is hereby adopted.”",for,text,resolved
Cork City,Shane O'Callaghan,04/12/2024,"‘That the Draft Cork City Council Budget, as amended, for the local financial year ending 31st December 2025, as set forth in Tables A to F thereof be and is hereby adopted.”",for,text,resolved
Cork City,Seán Martin,04/12/2024,"‘That the Draft Cork City Council Budget, as amended, for the local financial year ending 31st December 2025, as set forth in Tables A to F thereof be and is hereby adopted.”",for,text,resolved
Cork City,Fiona Kerins,04/12/2024,"‘That the Draft Cork City Council Budget, as amended, for the local financial year ending 31st December 2025, as set forth in Tables A to F thereof be and is hereby adopted.”",for,text,resolved
Cork City,Paudie Dineen,04/12/2024,"‘That the Draft Cork City Council Budget, as amended, for the local financial year ending 31st December 2025, as set forth in Tables A to F thereof be and is hereby adopted.”",for,text,resolved
Cork City,An tArdmhéara,04/12/2024,"‘That the Draft Cork City Council Budget, as amended, for the local financial year ending 31st December 2025, as set forth in Tables A to F thereof be and is hereby adopted.”",for,text,printed_form
Cork City,Colm Kelleher,04/12/2024,"‘That the Draft Cork City Council Budget, as amended, for the local financial year ending 31st December 2025, as set forth in Tables A to F thereof be and is hereby adopted.”",for,text,resolved
Cork City,Joe Lynch,04/12/2024,"‘That the Draft Cork City Council Budget, as amended, for the local financial year ending 31st December 2025, as set forth in Tables A to F thereof be and is hereby adopted.”",for,text,resolved
Cork City,Laura Harmon,04/12/2024,"‘That the Draft Cork City Council Budget, as amended, for the local financial year ending 31st December 2025, as set forth in Tables A to F thereof be and is hereby adopted.”",for,text,resolved
Cork City,Terry Coleman,04/12/2024,"‘That the Draft Cork City Council Budget, as amended, for the local financial year ending 31st December 2025, as set forth in Tables A to F thereof be and is hereby adopted.”",for,text,resolved
Cork City,Ted Tynan,04/12/2024,"‘That the Draft Cork City Council Budget, as amended, for the local financial year ending 31st December 2025, as set forth in Tables A to F thereof be and is hereby adopted.”",against,text,resolved
Cork City,Brian McCarthy,04/12/2024,"‘That the Draft Cork City Council Budget, as amended, for the local financial year ending 31st December 2025, as set forth in Tables A to F thereof be and is hereby adopted.”",against,text,resolved
Cork City,Albert Deasy,04/12/2024,"‘That the Draft Cork City Council Budget, as amended, for the local financial year ending 31st December 2025, as set forth in Tables A to F thereof be and is hereby adopted.”",against,text,resolved
Cork City,John Maher,04/12/2024,"‘That in accordance with the Budget as so adopted and as set forth in Tables A to F thereof, the general annual rate on valuation set forth in Table A thereof is hereby determined to be 77.59.’",for,text,resolved
Cork City,Joe Kavanagh,04/12/2024,"‘That in accordance with the Budget as so adopted and as set forth in Tables A to F thereof, the general annual rate on valuation set forth in Table A thereof is hereby determined to be 77.59.’",for,text,resolved
Cork City,Margaret McDonnell,04/12/2024,"‘That in accordance with the Budget as so adopted and as set forth in Tables A to F thereof, the general annual rate on valuation set forth in Table A thereof is hereby determined to be 77.59.’",for,text,resolved
Cork City,O. Moran,04/12/2024,"‘That in accordance with the Budget as so adopted and as set forth in Tables A to F thereof, the general annual rate on valuation set forth in Table A thereof is hereby determined to be 77.59.’",for,text,printed_form
Cork City,Tony Fitzgerald,04/12/2024,"‘That in accordance with the Budget as so adopted and as set forth in Tables A to F thereof, the general annual rate on valuation set forth in Table A thereof is hereby determined to be 77.59.’",for,text,resolved
Cork City,Damian Boylan,04/12/2024,"‘That in accordance with the Budget as so adopted and as set forth in Tables A to F thereof, the general annual rate on valuation set forth in Table A thereof is hereby determined to be 77.59.’",for,text,resolved
Cork City,John Sheehan,04/12/2024,"‘That in accordance with the Budget as so adopted and as set forth in Tables A to F thereof, the general annual rate on valuation set forth in Table A thereof is hereby determined to be 77.59.’",for,text,resolved
Cork City,Michelle Gould,04/12/2024,"‘That in accordance with the Budget as so adopted and as set forth in Tables A to F thereof, the general annual rate on valuation set forth in Table A thereof is hereby determined to be 77.59.’",for,text,resolved
Cork City,Kenneth Collins,04/12/2024,"‘That in accordance with the Budget as so adopted and as set forth in Tables A to F thereof, the general annual rate on valuation set forth in Table A thereof is hereby determined to be 77.59.’",for,text,resolved
Cork City,Kieran McCarthy,04/12/2024,"‘That in accordance with the Budget as so adopted and as set forth in Tables A to F thereof, the general annual rate on valuation set forth in Table A thereof is hereby determined to be 77.59.’",for,text,resolved
Cork City,Mary Rose Desmond,04/12/2024,"‘That in accordance with the Budget as so adopted and as set forth in Tables A to F thereof, the general annual rate on valuation set forth in Table A thereof is hereby determined to be 77.59.’",for,text,resolved
Cork City,Des Cahill,04/12/2024,"‘That in accordance with the Budget as so adopted and as set forth in Tables A to F thereof, the general annual rate on valuation set forth in Table A thereof is hereby determined to be 77.59.’",for,text,resolved
Cork City,H. Kamegni,04/12/2024,"‘That in accordance with the Budget as so adopted and as set forth in Tables A to F thereof, the general annual rate on valuation set forth in Table A thereof is hereby determined to be 77.59.’",for,text,printed_form
Cork City,Peter Horgan,04/12/2024,"‘That in accordance with the Budget as so adopted and as set forth in Tables A to F thereof, the general annual rate on valuation set forth in Table A thereof is hereby determined to be 77.59.’",for,text,resolved
Cork City,Shane O'Callaghan,04/12/2024,"‘That in accordance with the Budget as so adopted and as set forth in Tables A to F thereof, the general annual rate on valuation set forth in Table A thereof is hereby determined to be 77.59.’",for,text,resolved
Cork City,Seán Martin,04/12/2024,"‘That in accordance with the Budget as so adopted and as set forth in Tables A to F thereof, the general annual rate on valuation set forth in Table A thereof is hereby determined to be 77.59.’",for,text,resolved
Cork City,Fiona Kerins,04/12/2024,"‘That in accordance with the Budget as so adopted and as set forth in Tables A to F thereof, the general annual rate on valuation set forth in Table A thereof is hereby determined to be 77.59.’",for,text,resolved
Cork City,Paudie Dineen,04/12/2024,"‘That in accordance with the Budget as so adopted and as set forth in Tables A to F thereof, the general annual rate on valuation set forth in Table A thereof is hereby determined to be 77.59.’",for,text,resolved
Cork City,An tArdmhéara,04/12/2024,"‘That in accordance with the Budget as so adopted and as set forth in Tables A to F thereof, the general annual rate on valuation set forth in Table A thereof is hereby determined to be 77.59.’",for,text,printed_form
Cork City,Colm Kelleher,04/12/2024,"‘That in accordance with the Budget as so adopted and as set forth in Tables A to F thereof, the general annual rate on valuation set forth in Table A thereof is hereby determined to be 77.59.’",for,text,resolved
Cork City,Joe Lynch,04/12/2024,"‘That in accordance with the Budget as so adopted and as set forth in Tables A to F thereof, the general annual rate on valuation set forth in Table A thereof is hereby determined to be 77.59.’",for,text,resolved
Cork City,Laura Harmon,04/12/2024,"‘That in accordance with the Budget as so adopted and as set forth in Tables A to F thereof, the general annual rate on valuation set forth in Table A thereof is hereby determined to be 77.59.’",for,text,resolved
Cork City,Terry Coleman,04/12/2024,"‘That in accordance with the Budget as so adopted and as set forth in Tables A to F thereof, the general annual rate on valuation set forth in Table A thereof is hereby determined to be 77.59.’",for,text,resolved
Cork City,Ted Tynan,04/12/2024,"‘That in accordance with the Budget as so adopted and as set forth in Tables A to F thereof, the general annual rate on valuation set forth in Table A thereof is hereby determined to be 77.59.’",against,text,resolved
Cork City,Brian McCarthy,04/12/2024,"‘That in accordance with the Budget as so adopted and as set forth in Tables A to F thereof, the general annual rate on valuation set forth in Table A thereof is hereby determined to be 77.59.’",against,text,resolved
Cork City,Albert Deasy,04/12/2024,"‘That in accordance with the Budget as so adopted and as set forth in Tables A to F thereof, the general annual rate on valuation set forth in Table A thereof is hereby determined to be 77.59.’",against,text,resolved
Cork City,John Maher,04/12/2024,A vote was taken where there appeared as follows: (vote 4 of 4),for,text,resolved
Cork City,Joe Kavanagh,04/12/2024,A vote was taken where there appeared as follows: (vote 4 of 4),for,text,resolved
Cork City,Margaret McDonnell,04/12/2024,A vote was taken where there appeared as follows: (vote 4 of 4),for,text,resolved
Cork City,O. Moran,04/12/2024,A vote was taken where there appeared as follows: (vote 4 of 4),for,text,printed_form
Cork City,Tony Fitzgerald,04/12/2024,A vote was taken where there appeared as follows: (vote 4 of 4),for,text,resolved
Cork City,Damian Boylan,04/12/2024,A vote was taken where there appeared as follows: (vote 4 of 4),for,text,resolved
Cork City,John Sheehan,04/12/2024,A vote was taken where there appeared as follows: (vote 4 of 4),for,text,resolved
Cork City,Michelle Gould,04/12/2024,A vote was taken where there appeared as follows: (vote 4 of 4),for,text,resolved
Cork City,Kenneth Collins,04/12/2024,A vote was taken where there appeared as follows: (vote 4 of 4),for,text,resolved
Cork City,Kieran McCarthy,04/12/2024,A vote was taken where there appeared as follows: (vote 4 of 4),for,text,resolved
Cork City,Mary Rose Desmond,04/12/2024,A vote was taken where there appeared as follows: (vote 4 of 4),for,text,resolved
Cork City,Des Cahill,04/12/2024,A vote was taken where there appeared as follows: (vote 4 of 4),for,text,resolved
Cork City,H. Kamegni,04/12/2024,A vote was taken where there appeared as follows: (vote 4 of 4),for,text,printed_form
Cork City,Peter Horgan,04/12/2024,A vote was taken where there appeared as follows: (vote 4 of 4),for,text,resolved
Cork City,Shane O'Callaghan,04/12/2024,A vote was taken where there appeared as follows: (vote 4 of 4),for,text,resolved
Cork City,Seán Martin,04/12/2024,A vote was taken where there appeared as follows: (vote 4 of 4),for,text,resolved
Cork City,Fiona Kerins,04/12/2024,A vote was taken where there appeared as follows: (vote 4 of 4),for,text,resolved
Cork City,Paudie Dineen,04/12/2024,A vote was taken where there appeared as follows: (vote 4 of 4),for,text,resolved
Cork City,An tArdmhéara,04/12/2024,A vote was taken where there appeared as follows: (vote 4 of 4),for,text,printed_form
Cork City,Colm Kelleher,04/12/2024,A vote was taken where there appeared as follows: (vote 4 of 4),for,text,resolved
Cork City,Joe Lynch,04/12/2024,A vote was taken where there appeared as follows: (vote 4 of 4),for,text,resolved
Cork City,Laura Harmon,04/12/2024,A vote was taken where there appeared as follows: (vote 4 of 4),for,text,resolved
Cork City,Terry Coleman,04/12/2024,A vote was taken where there appeared as follows: (vote 4 of 4),for,text,resolved
Cork City,Ted Tynan,04/12/2024,A vote was taken where there appeared as follows: (vote 4 of 4),against,text,resolved
Cork City,Brian McCarthy,04/12/2024,A vote was taken where there appeared as follows: (vote 4 of 4),against,text,resolved
Cork City,Albert Deasy,04/12/2024,A vote was taken where there appeared as follows: (vote 4 of 4),against,text,resolved
Cork City,John Maher,04/12/2024,‘In accordance with Section 104 of the Local Government Act 2001 that the Council hereby approves the over-expenditure for 2024 as outlined.’,for,text,resolved
Cork City,Joe Kavanagh,04/12/2024,‘In accordance with Section 104 of the Local Government Act 2001 that the Council hereby approves the over-expenditure for 2024 as outlined.’,for,text,resolved
Cork City,Margaret McDonnell,04/12/2024,‘In accordance with Section 104 of the Local Government Act 2001 that the Council hereby approves the over-expenditure for 2024 as outlined.’,for,text,resolved
Cork City,O. Moran,04/12/2024,‘In accordance with Section 104 of the Local Government Act 2001 that the Council hereby approves the over-expenditure for 2024 as outlined.’,for,text,printed_form
Cork City,Tony Fitzgerald,04/12/2024,‘In accordance with Section 104 of the Local Government Act 2001 that the Council hereby approves the over-expenditure for 2024 as outlined.’,for,text,resolved
Cork City,Damian Boylan,04/12/2024,‘In accordance with Section 104 of the Local Government Act 2001 that the Council hereby approves the over-expenditure for 2024 as outlined.’,for,text,resolved
Cork City,John Sheehan,04/12/2024,‘In accordance with Section 104 of the Local Government Act 2001 that the Council hereby approves the over-expenditure for 2024 as outlined.’,for,text,resolved
Cork City,Michelle Gould,04/12/2024,‘In accordance with Section 104 of the Local Government Act 2001 that the Council hereby approves the over-expenditure for 2024 as outlined.’,for,text,resolved
Cork City,Kenneth Collins,04/12/2024,‘In accordance with Section 104 of the Local Government Act 2001 that the Council hereby approves the over-expenditure for 2024 as outlined.’,for,text,resolved
Cork City,Kieran McCarthy,04/12/2024,‘In accordance with Section 104 of the Local Government Act 2001 that the Council hereby approves the over-expenditure for 2024 as outlined.’,for,text,resolved
Cork City,Mary Rose Desmond,04/12/2024,‘In accordance with Section 104 of the Local Government Act 2001 that the Council hereby approves the over-expenditure for 2024 as outlined.’,for,text,resolved
Cork City,Des Cahill,04/12/2024,‘In accordance with Section 104 of the Local Government Act 2001 that the Council hereby approves the over-expenditure for 2024 as outlined.’,for,text,resolved
Cork City,H. Kamegni,04/12/2024,‘In accordance with Section 104 of the Local Government Act 2001 that the Council hereby approves the over-expenditure for 2024 as outlined.’,for,text,printed_form
Cork City,Peter Horgan,04/12/2024,‘In accordance with Section 104 of the Local Government Act 2001 that the Council hereby approves the over-expenditure for 2024 as outlined.’,for,text,resolved
Cork City,Shane O'Callaghan,04/12/2024,‘In accordance with Section 104 of the Local Government Act 2001 that the Council hereby approves the over-expenditure for 2024 as outlined.’,for,text,resolved
Cork City,Seán Martin,04/12/2024,‘In accordance with Section 104 of the Local Government Act 2001 that the Council hereby approves the over-expenditure for 2024 as outlined.’,for,text,resolved
Cork City,Fiona Kerins,04/12/2024,‘In accordance with Section 104 of the Local Government Act 2001 that the Council hereby approves the over-expenditure for 2024 as outlined.’,for,text,resolved
Cork City,Paudie Dineen,04/12/2024,‘In accordance with Section 104 of the Local Government Act 2001 that the Council hereby approves the over-expenditure for 2024 as outlined.’,for,text,resolved
Cork City,An tArdmhéara,04/12/2024,‘In accordance with Section 104 of the Local Government Act 2001 that the Council hereby approves the over-expenditure for 2024 as outlined.’,for,text,printed_form
Cork City,Colm Kelleher,04/12/2024,‘In accordance with Section 104 of the Local Government Act 2001 that the Council hereby approves the over-expenditure for 2024 as outlined.’,for,text,resolved
Cork City,Joe Lynch,04/12/2024,‘In accordance with Section 104 of the Local Government Act 2001 that the Council hereby approves the over-expenditure for 2024 as outlined.’,for,text,resolved
Cork City,Laura Harmon,04/12/2024,‘In accordance with Section 104 of the Local Government Act 2001 that the Council hereby approves the over-expenditure for 2024 as outlined.’,for,text,resolved
Cork City,Terry Coleman,04/12/2024,‘In accordance with Section 104 of the Local Government Act 2001 that the Council hereby approves the over-expenditure for 2024 as outlined.’,for,text,resolved
Cork City,Ted Tynan,04/12/2024,‘In accordance with Section 104 of the Local Government Act 2001 that the Council hereby approves the over-expenditure for 2024 as outlined.’,against,text,resolved
Cork City,Brian McCarthy,04/12/2024,‘In accordance with Section 104 of the Local Government Act 2001 that the Council hereby approves the over-expenditure for 2024 as outlined.’,against,text,resolved
Cork City,Albert Deasy,04/12/2024,‘In accordance with Section 104 of the Local Government Act 2001 that the Council hereby approves the over-expenditure for 2024 as outlined.’,against,text,resolved
Cork City,John Maher,12/11/2025,"‘That the Draft Cork City Council Budget, as amended, for the local financial year ending 31st December 2026, as set forth in Tables A to F thereof be and is hereby adopted.”",for,text,resolved
Cork City,Joe Kavanagh,12/11/2025,"‘That the Draft Cork City Council Budget, as amended, for the local financial year ending 31st December 2026, as set forth in Tables A to F thereof be and is hereby adopted.”",for,text,resolved
Cork City,Margaret McDonnell,12/11/2025,"‘That the Draft Cork City Council Budget, as amended, for the local financial year ending 31st December 2026, as set forth in Tables A to F thereof be and is hereby adopted.”",for,text,resolved
Cork City,O. Moran,12/11/2025,"‘That the Draft Cork City Council Budget, as amended, for the local financial year ending 31st December 2026, as set forth in Tables A to F thereof be and is hereby adopted.”",for,text,printed_form
Cork City,Tony Fitzgerald,12/11/2025,"‘That the Draft Cork City Council Budget, as amended, for the local financial year ending 31st December 2026, as set forth in Tables A to F thereof be and is hereby adopted.”",for,text,resolved
Cork City,Damian Boylan,12/11/2025,"‘That the Draft Cork City Council Budget, as amended, for the local financial year ending 31st December 2026, as set forth in Tables A to F thereof be and is hereby adopted.”",for,text,resolved
Cork City,John Sheehan,12/11/2025,"‘That the Draft Cork City Council Budget, as amended, for the local financial year ending 31st December 2026, as set forth in Tables A to F thereof be and is hereby adopted.”",for,text,resolved
Cork City,Kieran McCarthy,12/11/2025,"‘That the Draft Cork City Council Budget, as amended, for the local financial year ending 31st December 2026, as set forth in Tables A to F thereof be and is hereby adopted.”",for,text,resolved
Cork City,Mary Rose Desmond,12/11/2025,"‘That the Draft Cork City Council Budget, as amended, for the local financial year ending 31st December 2026, as set forth in Tables A to F thereof be and is hereby adopted.”",for,text,resolved
Cork City,C. O’Connor,12/11/2025,"‘That the Draft Cork City Council Budget, as amended, for the local financial year ending 31st December 2026, as set forth in Tables A to F thereof be and is hereby adopted.”",for,text,printed_form
Cork City,D. Boyle,12/11/2025,"‘That the Draft Cork City Council Budget, as amended, for the local financial year ending 31st December 2026, as set forth in Tables A to F thereof be and is hereby adopted.”",for,text,printed_form
Cork City,Des Cahill,12/11/2025,"‘That the Draft Cork City Council Budget, as amended, for the local financial year ending 31st December 2026, as set forth in Tables A to F thereof be and is hereby adopted.”",for,text,resolved
Cork City,H. Kamegni,12/11/2025,"‘That the Draft Cork City Council Budget, as amended, for the local financial year ending 31st December 2026, as set forth in Tables A to F thereof be and is hereby adopted.”",for,text,printed_form
Cork City,Peter Horgan,12/11/2025,"‘That the Draft Cork City Council Budget, as amended, for the local financial year ending 31st December 2026, as set forth in Tables A to F thereof be and is hereby adopted.”",for,text,resolved
Cork City,Shane O'Callaghan,12/11/2025,"‘That the Draft Cork City Council Budget, as amended, for the local financial year ending 31st December 2026, as set forth in Tables A to F thereof be and is hereby adopted.”",for,text,resolved
Cork City,Seán Martin,12/11/2025,"‘That the Draft Cork City Council Budget, as amended, for the local financial year ending 31st December 2026, as set forth in Tables A to F thereof be and is hereby adopted.”",for,text,resolved
Cork City,G. O’Brien,12/11/2025,"‘That the Draft Cork City Council Budget, as amended, for the local financial year ending 31st December 2026, as set forth in Tables A to F thereof be and is hereby adopted.”",for,text,printed_form
Cork City,An tArdmhéara,12/11/2025,"‘That the Draft Cork City Council Budget, as amended, for the local financial year ending 31st December 2026, as set forth in Tables A to F thereof be and is hereby adopted.”",for,text,printed_form
Cork City,Colm Kelleher,12/11/2025,"‘That the Draft Cork City Council Budget, as amended, for the local financial year ending 31st December 2026, as set forth in Tables A to F thereof be and is hereby adopted.”",for,text,resolved
Cork City,Terry Coleman,12/11/2025,"‘That the Draft Cork City Council Budget, as amended, for the local financial year ending 31st December 2026, as set forth in Tables A to F thereof be and is hereby adopted.”",for,text,resolved
Cork City,N. O’Flynn,12/11/2025,"‘That the Draft Cork City Council Budget, as amended, for the local financial year ending 31st December 2026, as set forth in Tables A to F thereof be and is hereby adopted.”",for,text,printed_form
Cork City,Terry Shannon,12/11/2025,"‘That the Draft Cork City Council Budget, as amended, for the local financial year ending 31st December 2026, as set forth in Tables A to F thereof be and is hereby adopted.”",for,text,resolved
Cork City,N. O’Connor,12/11/2025,"‘That the Draft Cork City Council Budget, as amended, for the local financial year ending 31st December 2026, as set forth in Tables A to F thereof be and is hereby adopted.”",for,text,printed_form
Cork City,Ted Tynan,12/11/2025,"‘That the Draft Cork City Council Budget, as amended, for the local financial year ending 31st December 2026, as set forth in Tables A to F thereof be and is hereby adopted.”",against,text,resolved
Cork City,Brian McCarthy,12/11/2025,"‘That the Draft Cork City Council Budget, as amended, for the local financial year ending 31st December 2026, as set forth in Tables A to F thereof be and is hereby adopted.”",against,text,resolved
Cork City,Albert Deasy,12/11/2025,"‘That the Draft Cork City Council Budget, as amended, for the local financial year ending 31st December 2026, as set forth in Tables A to F thereof be and is hereby adopted.”",against,text,resolved
Cork City,Kenneth Collins,12/11/2025,"‘That the Draft Cork City Council Budget, as amended, for the local financial year ending 31st December 2026, as set forth in Tables A to F thereof be and is hereby adopted.”",against,text,resolved
Cork City,Fiona Kerins,12/11/2025,"‘That the Draft Cork City Council Budget, as amended, for the local financial year ending 31st December 2026, as set forth in Tables A to F thereof be and is hereby adopted.”",against,text,resolved
Cork City,Joe Lynch,12/11/2025,"‘That the Draft Cork City Council Budget, as amended, for the local financial year ending 31st December 2026, as set forth in Tables A to F thereof be and is hereby adopted.”",against,text,resolved
Cork City,Michelle Gould,12/11/2025,"‘That the Draft Cork City Council Budget, as amended, for the local financial year ending 31st December 2026, as set forth in Tables A to F thereof be and is hereby adopted.”",against,text,resolved
Cork City,Paudie Dineen,12/11/2025,"‘That the Draft Cork City Council Budget, as amended, for the local financial year ending 31st December 2026, as set forth in Tables A to F thereof be and is hereby adopted.”",against,text,resolved
Cork City,John Maher,12/11/2025,"‘That in accordance with the Budget as so adopted and as set forth in Tables A to F thereof, the general annual rate on valuation set forth in Table A thereof is hereby determined to be 81.47.’",for,text,resolved
Cork City,Joe Kavanagh,12/11/2025,"‘That in accordance with the Budget as so adopted and as set forth in Tables A to F thereof, the general annual rate on valuation set forth in Table A thereof is hereby determined to be 81.47.’",for,text,resolved
Cork City,Margaret McDonnell,12/11/2025,"‘That in accordance with the Budget as so adopted and as set forth in Tables A to F thereof, the general annual rate on valuation set forth in Table A thereof is hereby determined to be 81.47.’",for,text,resolved
Cork City,O. Moran,12/11/2025,"‘That in accordance with the Budget as so adopted and as set forth in Tables A to F thereof, the general annual rate on valuation set forth in Table A thereof is hereby determined to be 81.47.’",for,text,printed_form
Cork City,Tony Fitzgerald,12/11/2025,"‘That in accordance with the Budget as so adopted and as set forth in Tables A to F thereof, the general annual rate on valuation set forth in Table A thereof is hereby determined to be 81.47.’",for,text,resolved
Cork City,Damian Boylan,12/11/2025,"‘That in accordance with the Budget as so adopted and as set forth in Tables A to F thereof, the general annual rate on valuation set forth in Table A thereof is hereby determined to be 81.47.’",for,text,resolved
Cork City,John Sheehan,12/11/2025,"‘That in accordance with the Budget as so adopted and as set forth in Tables A to F thereof, the general annual rate on valuation set forth in Table A thereof is hereby determined to be 81.47.’",for,text,resolved
Cork City,Kieran McCarthy,12/11/2025,"‘That in accordance with the Budget as so adopted and as set forth in Tables A to F thereof, the general annual rate on valuation set forth in Table A thereof is hereby determined to be 81.47.’",for,text,resolved
Cork City,Mary Rose Desmond,12/11/2025,"‘That in accordance with the Budget as so adopted and as set forth in Tables A to F thereof, the general annual rate on valuation set forth in Table A thereof is hereby determined to be 81.47.’",for,text,resolved
Cork City,C. O’Connor,12/11/2025,"‘That in accordance with the Budget as so adopted and as set forth in Tables A to F thereof, the general annual rate on valuation set forth in Table A thereof is hereby determined to be 81.47.’",for,text,printed_form
Cork City,D. Boyle,12/11/2025,"‘That in accordance with the Budget as so adopted and as set forth in Tables A to F thereof, the general annual rate on valuation set forth in Table A thereof is hereby determined to be 81.47.’",for,text,printed_form
Cork City,Des Cahill,12/11/2025,"‘That in accordance with the Budget as so adopted and as set forth in Tables A to F thereof, the general annual rate on valuation set forth in Table A thereof is hereby determined to be 81.47.’",for,text,resolved
Cork City,H. Kamegni,12/11/2025,"‘That in accordance with the Budget as so adopted and as set forth in Tables A to F thereof, the general annual rate on valuation set forth in Table A thereof is hereby determined to be 81.47.’",for,text,printed_form
Cork City,Peter Horgan,12/11/2025,"‘That in accordance with the Budget as so adopted and as set forth in Tables A to F thereof, the general annual rate on valuation set forth in Table A thereof is hereby determined to be 81.47.’",for,text,resolved
Cork City,Shane O'Callaghan,12/11/2025,"‘That in accordance with the Budget as so adopted and as set forth in Tables A to F thereof, the general annual rate on valuation set forth in Table A thereof is hereby determined to be 81.47.’",for,text,resolved
Cork City,Seán Martin,12/11/2025,"‘That in accordance with the Budget as so adopted and as set forth in Tables A to F thereof, the general annual rate on valuation set forth in Table A thereof is hereby determined to be 81.47.’",for,text,resolved
Cork City,G. O’Brien,12/11/2025,"‘That in accordance with the Budget as so adopted and as set forth in Tables A to F thereof, the general annual rate on valuation set forth in Table A thereof is hereby determined to be 81.47.’",for,text,printed_form
Cork City,An tArdmhéara,12/11/2025,"‘That in accordance with the Budget as so adopted and as set forth in Tables A to F thereof, the general annual rate on valuation set forth in Table A thereof is hereby determined to be 81.47.’",for,text,printed_form
Cork City,Colm Kelleher,12/11/2025,"‘That in accordance with the Budget as so adopted and as set forth in Tables A to F thereof, the general annual rate on valuation set forth in Table A thereof is hereby determined to be 81.47.’",for,text,resolved
Cork City,Terry Coleman,12/11/2025,"‘That in accordance with the Budget as so adopted and as set forth in Tables A to F thereof, the general annual rate on valuation set forth in Table A thereof is hereby determined to be 81.47.’",for,text,resolved
Cork City,N. O’Flynn,12/11/2025,"‘That in accordance with the Budget as so adopted and as set forth in Tables A to F thereof, the general annual rate on valuation set forth in Table A thereof is hereby determined to be 81.47.’",for,text,printed_form
Cork City,Terry Shannon,12/11/2025,"‘That in accordance with the Budget as so adopted and as set forth in Tables A to F thereof, the general annual rate on valuation set forth in Table A thereof is hereby determined to be 81.47.’",for,text,resolved
Cork City,N. O’Connor,12/11/2025,"‘That in accordance with the Budget as so adopted and as set forth in Tables A to F thereof, the general annual rate on valuation set forth in Table A thereof is hereby determined to be 81.47.’",for,text,printed_form
Cork City,Ted Tynan,12/11/2025,"‘That in accordance with the Budget as so adopted and as set forth in Tables A to F thereof, the general annual rate on valuation set forth in Table A thereof is hereby determined to be 81.47.’",for,text,resolved
Cork City,Kenneth Collins,12/11/2025,"‘That in accordance with the Budget as so adopted and as set forth in Tables A to F thereof, the general annual rate on valuation set forth in Table A thereof is hereby determined to be 81.47.’",for,text,resolved
Cork City,Fiona Kerins,12/11/2025,"‘That in accordance with the Budget as so adopted and as set forth in Tables A to F thereof, the general annual rate on valuation set forth in Table A thereof is hereby determined to be 81.47.’",for,text,resolved
Cork City,Joe Lynch,12/11/2025,"‘That in accordance with the Budget as so adopted and as set forth in Tables A to F thereof, the general annual rate on valuation set forth in Table A thereof is hereby determined to be 81.47.’",for,text,resolved
Cork City,Michelle Gould,12/11/2025,"‘That in accordance with the Budget as so adopted and as set forth in Tables A to F thereof, the general annual rate on valuation set forth in Table A thereof is hereby determined to be 81.47.’",for,text,resolved
Cork City,Paudie Dineen,12/11/2025,"‘That in accordance with the Budget as so adopted and as set forth in Tables A to F thereof, the general annual rate on valuation set forth in Table A thereof is hereby determined to be 81.47.’",against,text,resolved
Cork City,Albert Deasy,12/11/2025,"‘That in accordance with the Budget as so adopted and as set forth in Tables A to F thereof, the general annual rate on valuation set forth in Table A thereof is hereby determined to be 81.47.’",against,text,resolved
Cork City,Brian McCarthy,12/11/2025,"‘That in accordance with the Budget as so adopted and as set forth in Tables A to F thereof, the general annual rate on valuation set forth in Table A thereof is hereby determined to be 81.47.’",abstain,text,resolved
Cork City,John Maher,09/03/2026,"a vote was called for on the suspension of standing orders, where there appeared as follows:- (vote 1 of 2)",for,text,resolved
Cork City,O. Moran,09/03/2026,"a vote was called for on the suspension of standing orders, where there appeared as follows:- (vote 1 of 2)",for,text,printed_form
Cork City,N. O’Flynn,09/03/2026,"a vote was called for on the suspension of standing orders, where there appeared as follows:- (vote 1 of 2)",for,text,printed_form
Cork City,John Sheehan,09/03/2026,"a vote was called for on the suspension of standing orders, where there appeared as follows:- (vote 1 of 2)",for,text,resolved
Cork City,Michelle Gould,09/03/2026,"a vote was called for on the suspension of standing orders, where there appeared as follows:- (vote 1 of 2)",for,text,resolved
Cork City,Kenneth Collins,09/03/2026,"a vote was called for on the suspension of standing orders, where there appeared as follows:- (vote 1 of 2)",for,text,resolved
Cork City,Brian McCarthy,09/03/2026,"a vote was called for on the suspension of standing orders, where there appeared as follows:- (vote 1 of 2)",for,text,resolved
Cork City,Kieran McCarthy,09/03/2026,"a vote was called for on the suspension of standing orders, where there appeared as follows:- (vote 1 of 2)",for,text,resolved
Cork City,Shane O'Callaghan,09/03/2026,"a vote was called for on the suspension of standing orders, where there appeared as follows:- (vote 1 of 2)",for,text,resolved
Cork City,Fiona Kerins,09/03/2026,"a vote was called for on the suspension of standing orders, where there appeared as follows:- (vote 1 of 2)",for,text,resolved
Cork City,Paudie Dineen,09/03/2026,"a vote was called for on the suspension of standing orders, where there appeared as follows:- (vote 1 of 2)",for,text,resolved
Cork City,N. O’Connor,09/03/2026,"a vote was called for on the suspension of standing orders, where there appeared as follows:- (vote 1 of 2)",for,text,printed_form
Cork City,Joe Lynch,09/03/2026,"a vote was called for on the suspension of standing orders, where there appeared as follows:- (vote 1 of 2)",for,text,resolved
Cork City,Joe Kavanagh,09/03/2026,"a vote was called for on the suspension of standing orders, where there appeared as follows:- (vote 1 of 2)",against,text,resolved
Cork City,Margaret McDonnell,09/03/2026,"a vote was called for on the suspension of standing orders, where there appeared as follows:- (vote 1 of 2)",against,text,resolved
Cork City,Terry Shannon,09/03/2026,"a vote was called for on the suspension of standing orders, where there appeared as follows:- (vote 1 of 2)",against,text,resolved
Cork City,Mary Rose Desmond,09/03/2026,"a vote was called for on the suspension of standing orders, where there appeared as follows:- (vote 1 of 2)",against,text,resolved
Cork City,Des Cahill,09/03/2026,"a vote was called for on the suspension of standing orders, where there appeared as follows:- (vote 1 of 2)",against,text,resolved
Cork City,D. Boyle,09/03/2026,"a vote was called for on the suspension of standing orders, where there appeared as follows:- (vote 1 of 2)",against,text,printed_form
Cork City,Fergal Dennehy,09/03/2026,"a vote was called for on the suspension of standing orders, where there appeared as follows:- (vote 1 of 2)",against,text,resolved
Cork City,Terry Coleman,09/03/2026,"a vote was called for on the suspension of standing orders, where there appeared as follows:- (vote 1 of 2)",against,text,resolved
Cork City,Peter Horgan,09/03/2026,"a vote was called for on the suspension of standing orders, where there appeared as follows:- (vote 1 of 2)",abstain,text,resolved
Cork City,G. O’Brien,09/03/2026,"a vote was called for on the suspension of standing orders, where there appeared as follows:- (vote 1 of 2)",abstain,text,printed_form
Cork City,C. O’Connor,09/03/2026,"a vote was called for on the suspension of standing orders, where there appeared as follows:- (vote 1 of 2)",abstain,text,printed_form
Cork City,John Maher,09/03/2026,"a vote was called for on the suspension of standing orders, where there appeared as follows:- (vote 2 of 2)",for,text,resolved
Cork City,O. Moran,09/03/2026,"a vote was called for on the suspension of standing orders, where there appeared as follows:- (vote 2 of 2)",for,text,printed_form
Cork City,N. O’Flynn,09/03/2026,"a vote was called for on the suspension of standing orders, where there appeared as follows:- (vote 2 of 2)",for,text,printed_form
Cork City,Michelle Gould,09/03/2026,"a vote was called for on the suspension of standing orders, where there appeared as follows:- (vote 2 of 2)",for,text,resolved
Cork City,Kenneth Collins,09/03/2026,"a vote was called for on the suspension of standing orders, where there appeared as follows:- (vote 2 of 2)",for,text,resolved
Cork City,Brian McCarthy,09/03/2026,"a vote was called for on the suspension of standing orders, where there appeared as follows:- (vote 2 of 2)",for,text,resolved
Cork City,Kieran McCarthy,09/03/2026,"a vote was called for on the suspension of standing orders, where there appeared as follows:- (vote 2 of 2)",for,text,resolved
Cork City,H. Kamegni,09/03/2026,"a vote was called for on the suspension of standing orders, where there appeared as follows:- (vote 2 of 2)",for,text,printed_form
Cork City,Peter Horgan,09/03/2026,"a vote was called for on the suspension of standing orders, where there appeared as follows:- (vote 2 of 2)",for,text,resolved
Cork City,Fiona Kerins,09/03/2026,"a vote was called for on the suspension of standing orders, where there appeared as follows:- (vote 2 of 2)",for,text,resolved
Cork City,Paudie Dineen,09/03/2026,"a vote was called for on the suspension of standing orders, where there appeared as follows:- (vote 2 of 2)",for,text,resolved
Cork City,D. Boyle,09/03/2026,"a vote was called for on the suspension of standing orders, where there appeared as follows:- (vote 2 of 2)",for,text,printed_form
Cork City,N. O’Connor,09/03/2026,"a vote was called for on the suspension of standing orders, where there appeared as follows:- (vote 2 of 2)",for,text,printed_form
Cork City,Joe Lynch,09/03/2026,"a vote was called for on the suspension of standing orders, where there appeared as follows:- (vote 2 of 2)",for,text,resolved
Cork City,Albert Deasy,09/03/2026,"a vote was called for on the suspension of standing orders, where there appeared as follows:- (vote 2 of 2)",for,text,resolved
Cork City,C. O’Connor,09/03/2026,"a vote was called for on the suspension of standing orders, where there appeared as follows:- (vote 2 of 2)",for,text,printed_form
Cork City,Joe Kavanagh,09/03/2026,"a vote was called for on the suspension of standing orders, where there appeared as follows:- (vote 2 of 2)",against,text,resolved
Cork City,Margaret McDonnell,09/03/2026,"a vote was called for on the suspension of standing orders, where there appeared as follows:- (vote 2 of 2)",against,text,resolved
Cork City,Tony Fitzgerald,09/03/2026,"a vote was called for on the suspension of standing orders, where there appeared as follows:- (vote 2 of 2)",against,text,resolved
Cork City,Damian Boylan,09/03/2026,"a vote was called for on the suspension of standing orders, where there appeared as follows:- (vote 2 of 2)",against,text,resolved
Cork City,John Sheehan,09/03/2026,"a vote was called for on the suspension of standing orders, where there appeared as follows:- (vote 2 of 2)",against,text,resolved
Cork City,Terry Shannon,09/03/2026,"a vote was called for on the suspension of standing orders, where there appeared as follows:- (vote 2 of 2)",against,text,resolved
Cork City,Mary Rose Desmond,09/03/2026,"a vote was called for on the suspension of standing orders, where there appeared as follows:- (vote 2 of 2)",against,text,resolved
Cork City,Des Cahill,09/03/2026,"a vote was called for on the suspension of standing orders, where there appeared as follows:- (vote 2 of 2)",against,text,resolved
Cork City,Shane O'Callaghan,09/03/2026,"a vote was called for on the suspension of standing orders, where there appeared as follows:- (vote 2 of 2)",against,text,resolved
Cork City,Fergal Dennehy,09/03/2026,"a vote was called for on the suspension of standing orders, where there appeared as follows:- (vote 2 of 2)",against,text,resolved
Cork City,Terry Coleman,09/03/2026,"a vote was called for on the suspension of standing orders, where there appeared as follows:- (vote 2 of 2)",against,text,resolved
Cork City,N. O’Flynn,09/03/2026,a vote was called for on the approval of the motion where there appeared as follows:-,for,text,printed_form
Cork City,Kieran McCarthy,09/03/2026,a vote was called for on the approval of the motion where there appeared as follows:-,for,text,resolved
Cork City,Paudie Dineen,09/03/2026,a vote was called for on the approval of the motion where there appeared as follows:-,for,text,resolved
Cork City,Albert Deasy,09/03/2026,a vote was called for on the approval of the motion where there appeared as follows:-,for,text,resolved
Cork City,John Maher,09/03/2026,a vote was called for on the approval of the motion where there appeared as follows:-,against,text,resolved
Cork City,Joe Kavanagh,09/03/2026,a vote was called for on the approval of the motion where there appeared as follows:-,against,text,resolved
Cork City,Margaret McDonnell,09/03/2026,a vote was called for on the approval of the motion where there appeared as follows:-,against,text,resolved
Cork City,O. Moran,09/03/2026,a vote was called for on the approval of the motion where there appeared as follows:-,against,text,printed_form
Cork City,Tony Fitzgerald,09/03/2026,a vote was called for on the approval of the motion where there appeared as follows:-,against,text,resolved
Cork City,Damian Boylan,09/03/2026,a vote was called for on the approval of the motion where there appeared as follows:-,against,text,resolved
Cork City,John Sheehan,09/03/2026,a vote was called for on the approval of the motion where there appeared as follows:-,against,text,resolved
Cork City,Michelle Gould,09/03/2026,a vote was called for on the approval of the motion where there appeared as follows:-,against,text,resolved
Cork City,Kenneth Collins,09/03/2026,a vote was called for on the approval of the motion where there appeared as follows:-,against,text,resolved
Cork City,Brian McCarthy,09/03/2026,a vote was called for on the approval of the motion where there appeared as follows:-,against,text,resolved
Cork City,Peter Horgan,09/03/2026,a vote was called for on the approval of the motion where there appeared as follows:-,against,text,resolved
Cork City,Shane O'Callaghan,09/03/2026,a vote was called for on the approval of the motion where there appeared as follows:-,against,text,resolved
Cork City,Fiona Kerins,09/03/2026,a vote was called for on the approval of the motion where there appeared as follows:-,against,text,resolved
Cork City,D. Boyle,09/03/2026,a vote was called for on the approval of the motion where there appeared as follows:-,against,text,printed_form
Cork City,N. O’Connor,09/03/2026,a vote was called for on the approval of the motion where there appeared as follows:-,against,text,printed_form
Cork City,Joe Lynch,09/03/2026,a vote was called for on the approval of the motion where there appeared as follows:-,against,text,resolved
Cork City,Terry Coleman,09/03/2026,a vote was called for on the approval of the motion where there appeared as follows:-,against,text,resolved
Cork City,G. O’Brien,09/03/2026,a vote was called for on the approval of the motion where there appeared as follows:-,against,text,printed_form
Cork City,C. O’Connor,09/03/2026,a vote was called for on the approval of the motion where there appeared as follows:-,against,text,printed_form
Cork City,H. Kamegni,09/03/2026,a vote was called for on the approval of the motion where there appeared as follows:-,abstain,text,printed_form
Cork City,Fergal Dennehy,09/03/2026,a vote was called for on the approval of the motion where there appeared as follows:-,abstain,text,resolved
Cork City,John Maher,09/03/2026,‘That Cork City Council write to the Taoiseach’,for,text,resolved
Cork City,Margaret McDonnell,09/03/2026,‘That Cork City Council write to the Taoiseach’,for,text,resolved
Cork City,N. O’Flynn,09/03/2026,‘That Cork City Council write to the Taoiseach’,for,text,printed_form
Cork City,Tony Fitzgerald,09/03/2026,‘That Cork City Council write to the Taoiseach’,for,text,resolved
Cork City,Kieran McCarthy,09/03/2026,‘That Cork City Council write to the Taoiseach’,for,text,resolved
Cork City,H. Kamegni,09/03/2026,‘That Cork City Council write to the Taoiseach’,for,text,printed_form
Cork City,Peter Horgan,09/03/2026,‘That Cork City Council write to the Taoiseach’,for,text,resolved
Cork City,Paudie Dineen,09/03/2026,‘That Cork City Council write to the Taoiseach’,for,text,resolved
Cork City,Fergal Dennehy,09/03/2026,‘That Cork City Council write to the Taoiseach’,for,text,resolved
Cork City,Albert Deasy,09/03/2026,‘That Cork City Council write to the Taoiseach’,for,text,resolved
Cork City,G. O’Brien,09/03/2026,‘That Cork City Council write to the Taoiseach’,for,text,printed_form
Cork City,Joe Kavanagh,09/03/2026,‘That Cork City Council write to the Taoiseach’,against,text,resolved
Cork City,O. Moran,09/03/2026,‘That Cork City Council write to the Taoiseach’,against,text,printed_form
Cork City,Damian Boylan,09/03/2026,‘That Cork City Council write to the Taoiseach’,against,text,resolved
Cork City,John Sheehan,09/03/2026,‘That Cork City Council write to the Taoiseach’,against,text,resolved
Cork City,Michelle Gould,09/03/2026,‘That Cork City Council write to the Taoiseach’,against,text,resolved
Cork City,Kenneth Collins,09/03/2026,‘That Cork City Council write to the Taoiseach’,against,text,resolved
Cork City,Brian McCarthy,09/03/2026,‘That Cork City Council write to the Taoiseach’,against,text,resolved
Cork City,Shane O'Callaghan,09/03/2026,‘That Cork City Council write to the Taoiseach’,against,text,resolved
Cork City,Fiona Kerins,09/03/2026,‘That Cork City Council write to the Taoiseach’,against,text,resolved
Cork City,D. Boyle,09/03/2026,‘That Cork City Council write to the Taoiseach’,against,text,printed_form
Cork City,N. O’Connor,09/03/2026,‘That Cork City Council write to the Taoiseach’,against,text,printed_form
Cork City,Joe Lynch,09/03/2026,‘That Cork City Council write to the Taoiseach’,against,text,resolved
Cork City,Terry Coleman,09/03/2026,‘That Cork City Council write to the Taoiseach’,against,text,resolved
Cork City,C. O’Connor,09/03/2026,‘That Cork City Council write to the Taoiseach’,abstain,text,printed_form
Cork City,Margaret McDonnell,09/03/2026,"‘That Cork City Council expresses solidarity with Cuba and its people, and will write to the United States Ambassador in Dublin, Mr. Edward S. Walsh, expressing the Council’",for,text,resolved
Cork City,O. Moran,09/03/2026,"‘That Cork City Council expresses solidarity with Cuba and its people, and will write to the United States Ambassador in Dublin, Mr. Edward S. Walsh, expressing the Council’",for,text,printed_form
Cork City,Tony Fitzgerald,09/03/2026,"‘That Cork City Council expresses solidarity with Cuba and its people, and will write to the United States Ambassador in Dublin, Mr. Edward S. Walsh, expressing the Council’",for,text,resolved
Cork City,John Sheehan,09/03/2026,"‘That Cork City Council expresses solidarity with Cuba and its people, and will write to the United States Ambassador in Dublin, Mr. Edward S. Walsh, expressing the Council’",for,text,resolved
Cork City,Michelle Gould,09/03/2026,"‘That Cork City Council expresses solidarity with Cuba and its people, and will write to the United States Ambassador in Dublin, Mr. Edward S. Walsh, expressing the Council’",for,text,resolved
Cork City,Kenneth Collins,09/03/2026,"‘That Cork City Council expresses solidarity with Cuba and its people, and will write to the United States Ambassador in Dublin, Mr. Edward S. Walsh, expressing the Council’",for,text,resolved
Cork City,Brian McCarthy,09/03/2026,"‘That Cork City Council expresses solidarity with Cuba and its people, and will write to the United States Ambassador in Dublin, Mr. Edward S. Walsh, expressing the Council’",for,text,resolved
Cork City,Kieran McCarthy,09/03/2026,"‘That Cork City Council expresses solidarity with Cuba and its people, and will write to the United States Ambassador in Dublin, Mr. Edward S. Walsh, expressing the Council’",for,text,resolved
Cork City,H. Kamegni,09/03/2026,"‘That Cork City Council expresses solidarity with Cuba and its people, and will write to the United States Ambassador in Dublin, Mr. Edward S. Walsh, expressing the Council’",for,text,printed_form
Cork City,Peter Horgan,09/03/2026,"‘That Cork City Council expresses solidarity with Cuba and its people, and will write to the United States Ambassador in Dublin, Mr. Edward S. Walsh, expressing the Council’",for,text,resolved
Cork City,Fiona Kerins,09/03/2026,"‘That Cork City Council expresses solidarity with Cuba and its people, and will write to the United States Ambassador in Dublin, Mr. Edward S. Walsh, expressing the Council’",for,text,resolved
Cork City,D. Boyle,09/03/2026,"‘That Cork City Council expresses solidarity with Cuba and its people, and will write to the United States Ambassador in Dublin, Mr. Edward S. Walsh, expressing the Council’",for,text,printed_form
Cork City,N. O’Connor,09/03/2026,"‘That Cork City Council expresses solidarity with Cuba and its people, and will write to the United States Ambassador in Dublin, Mr. Edward S. Walsh, expressing the Council’",for,text,printed_form
Cork City,Joe Lynch,09/03/2026,"‘That Cork City Council expresses solidarity with Cuba and its people, and will write to the United States Ambassador in Dublin, Mr. Edward S. Walsh, expressing the Council’",for,text,resolved
Cork City,Terry Coleman,09/03/2026,"‘That Cork City Council expresses solidarity with Cuba and its people, and will write to the United States Ambassador in Dublin, Mr. Edward S. Walsh, expressing the Council’",for,text,resolved
Cork City,G. O’Brien,09/03/2026,"‘That Cork City Council expresses solidarity with Cuba and its people, and will write to the United States Ambassador in Dublin, Mr. Edward S. Walsh, expressing the Council’",for,text,printed_form
Cork City,Joe Kavanagh,09/03/2026,"‘That Cork City Council expresses solidarity with Cuba and its people, and will write to the United States Ambassador in Dublin, Mr. Edward S. Walsh, expressing the Council’",against,text,resolved
Cork City,N. O’Flynn,09/03/2026,"‘That Cork City Council expresses solidarity with Cuba and its people, and will write to the United States Ambassador in Dublin, Mr. Edward S. Walsh, expressing the Council’",against,text,printed_form
Cork City,Paudie Dineen,09/03/2026,"‘That Cork City Council expresses solidarity with Cuba and its people, and will write to the United States Ambassador in Dublin, Mr. Edward S. Walsh, expressing the Council’",against,text,resolved
Cork City,Fergal Dennehy,09/03/2026,"‘That Cork City Council expresses solidarity with Cuba and its people, and will write to the United States Ambassador in Dublin, Mr. Edward S. Walsh, expressing the Council’",against,text,resolved
Cork City,Albert Deasy,09/03/2026,"‘That Cork City Council expresses solidarity with Cuba and its people, and will write to the United States Ambassador in Dublin, Mr. Edward S. Walsh, expressing the Council’",against,text,resolved
Cork City,Damian Boylan,09/03/2026,"‘That Cork City Council expresses solidarity with Cuba and its people, and will write to the United States Ambassador in Dublin, Mr. Edward S. Walsh, expressing the Council’",abstain,text,resolved
Cork City,O. Moran,09/03/2026,"‘In the context of the genocide in Gaza, the kidnapping of Nicolas Maduro, the attacks on Iran and the information coming from the Epstein files, it is completely unacceptable that Taoiseach Micheál Martin is still planning on visiting the ",for,text,printed_form
Cork City,Brian McCarthy,09/03/2026,"‘In the context of the genocide in Gaza, the kidnapping of Nicolas Maduro, the attacks on Iran and the information coming from the Epstein files, it is completely unacceptable that Taoiseach Micheál Martin is still planning on visiting the ",for,text,resolved
Cork City,H. Kamegni,09/03/2026,"‘In the context of the genocide in Gaza, the kidnapping of Nicolas Maduro, the attacks on Iran and the information coming from the Epstein files, it is completely unacceptable that Taoiseach Micheál Martin is still planning on visiting the ",for,text,printed_form
Cork City,D. Boyle,09/03/2026,"‘In the context of the genocide in Gaza, the kidnapping of Nicolas Maduro, the attacks on Iran and the information coming from the Epstein files, it is completely unacceptable that Taoiseach Micheál Martin is still planning on visiting the ",for,text,printed_form
Cork City,N. O’Connor,09/03/2026,"‘In the context of the genocide in Gaza, the kidnapping of Nicolas Maduro, the attacks on Iran and the information coming from the Epstein files, it is completely unacceptable that Taoiseach Micheál Martin is still planning on visiting the ",for,text,printed_form
Cork City,Joe Kavanagh,09/03/2026,"‘In the context of the genocide in Gaza, the kidnapping of Nicolas Maduro, the attacks on Iran and the information coming from the Epstein files, it is completely unacceptable that Taoiseach Micheál Martin is still planning on visiting the ",against,text,resolved
Cork City,Margaret McDonnell,09/03/2026,"‘In the context of the genocide in Gaza, the kidnapping of Nicolas Maduro, the attacks on Iran and the information coming from the Epstein files, it is completely unacceptable that Taoiseach Micheál Martin is still planning on visiting the ",against,text,resolved
Cork City,N. O’Flynn,09/03/2026,"‘In the context of the genocide in Gaza, the kidnapping of Nicolas Maduro, the attacks on Iran and the information coming from the Epstein files, it is completely unacceptable that Taoiseach Micheál Martin is still planning on visiting the ",against,text,printed_form
Cork City,Tony Fitzgerald,09/03/2026,"‘In the context of the genocide in Gaza, the kidnapping of Nicolas Maduro, the attacks on Iran and the information coming from the Epstein files, it is completely unacceptable that Taoiseach Micheál Martin is still planning on visiting the ",against,text,resolved
Cork City,Damian Boylan,09/03/2026,"‘In the context of the genocide in Gaza, the kidnapping of Nicolas Maduro, the attacks on Iran and the information coming from the Epstein files, it is completely unacceptable that Taoiseach Micheál Martin is still planning on visiting the ",against,text,resolved
Cork City,John Sheehan,09/03/2026,"‘In the context of the genocide in Gaza, the kidnapping of Nicolas Maduro, the attacks on Iran and the information coming from the Epstein files, it is completely unacceptable that Taoiseach Micheál Martin is still planning on visiting the ",against,text,resolved
Cork City,Kieran McCarthy,09/03/2026,"‘In the context of the genocide in Gaza, the kidnapping of Nicolas Maduro, the attacks on Iran and the information coming from the Epstein files, it is completely unacceptable that Taoiseach Micheál Martin is still planning on visiting the ",against,text,resolved
Cork City,Albert Deasy,09/03/2026,"‘In the context of the genocide in Gaza, the kidnapping of Nicolas Maduro, the attacks on Iran and the information coming from the Epstein files, it is completely unacceptable that Taoiseach Micheál Martin is still planning on visiting the ",against,text,resolved
Cork City,Terry Coleman,09/03/2026,"‘In the context of the genocide in Gaza, the kidnapping of Nicolas Maduro, the attacks on Iran and the information coming from the Epstein files, it is completely unacceptable that Taoiseach Micheál Martin is still planning on visiting the ",against,text,resolved
Cork City,Kenneth Collins,09/03/2026,"‘In the context of the genocide in Gaza, the kidnapping of Nicolas Maduro, the attacks on Iran and the information coming from the Epstein files, it is completely unacceptable that Taoiseach Micheál Martin is still planning on visiting the ",abstain,text,resolved
Cork City,Fiona Kerins,09/03/2026,"‘In the context of the genocide in Gaza, the kidnapping of Nicolas Maduro, the attacks on Iran and the information coming from the Epstein files, it is completely unacceptable that Taoiseach Micheál Martin is still planning on visiting the ",abstain,text,resolved
Cork City,Fergal Dennehy,09/03/2026,"‘In the context of the genocide in Gaza, the kidnapping of Nicolas Maduro, the attacks on Iran and the information coming from the Epstein files, it is completely unacceptable that Taoiseach Micheál Martin is still planning on visiting the ",abstain,text,resolved
Cork City,G. O’Brien,09/03/2026,"‘In the context of the genocide in Gaza, the kidnapping of Nicolas Maduro, the attacks on Iran and the information coming from the Epstein files, it is completely unacceptable that Taoiseach Micheál Martin is still planning on visiting the ",abstain,text,printed_form
Cork City,John Maher,20/01/2025,"a vote was called for or against the adoption of the Draft Traveller Accommodation Plan (TAP) 2025-2029, where there appeared as follows:-",for,text,resolved
Cork City,Margaret McDonnell,20/01/2025,"a vote was called for or against the adoption of the Draft Traveller Accommodation Plan (TAP) 2025-2029, where there appeared as follows:-",for,text,resolved
Cork City,Ted Tynan,20/01/2025,"a vote was called for or against the adoption of the Draft Traveller Accommodation Plan (TAP) 2025-2029, where there appeared as follows:-",for,text,resolved
Cork City,O. Moran,20/01/2025,"a vote was called for or against the adoption of the Draft Traveller Accommodation Plan (TAP) 2025-2029, where there appeared as follows:-",for,text,printed_form
Cork City,Tony Fitzgerald,20/01/2025,"a vote was called for or against the adoption of the Draft Traveller Accommodation Plan (TAP) 2025-2029, where there appeared as follows:-",for,text,resolved
Cork City,Damian Boylan,20/01/2025,"a vote was called for or against the adoption of the Draft Traveller Accommodation Plan (TAP) 2025-2029, where there appeared as follows:-",for,text,resolved
Cork City,John Sheehan,20/01/2025,"a vote was called for or against the adoption of the Draft Traveller Accommodation Plan (TAP) 2025-2029, where there appeared as follows:-",for,text,resolved
Cork City,Michelle Gould,20/01/2025,"a vote was called for or against the adoption of the Draft Traveller Accommodation Plan (TAP) 2025-2029, where there appeared as follows:-",for,text,resolved
Cork City,Kenneth Collins,20/01/2025,"a vote was called for or against the adoption of the Draft Traveller Accommodation Plan (TAP) 2025-2029, where there appeared as follows:-",for,text,resolved
Cork City,Brian McCarthy,20/01/2025,"a vote was called for or against the adoption of the Draft Traveller Accommodation Plan (TAP) 2025-2029, where there appeared as follows:-",for,text,resolved
Cork City,Mary Rose Desmond,20/01/2025,"a vote was called for or against the adoption of the Draft Traveller Accommodation Plan (TAP) 2025-2029, where there appeared as follows:-",for,text,resolved
Cork City,H. Kamegni,20/01/2025,"a vote was called for or against the adoption of the Draft Traveller Accommodation Plan (TAP) 2025-2029, where there appeared as follows:-",for,text,printed_form
Cork City,Peter Horgan,20/01/2025,"a vote was called for or against the adoption of the Draft Traveller Accommodation Plan (TAP) 2025-2029, where there appeared as follows:-",for,text,resolved
Cork City,Seán Martin,20/01/2025,"a vote was called for or against the adoption of the Draft Traveller Accommodation Plan (TAP) 2025-2029, where there appeared as follows:-",for,text,resolved
Cork City,Fiona Kerins,20/01/2025,"a vote was called for or against the adoption of the Draft Traveller Accommodation Plan (TAP) 2025-2029, where there appeared as follows:-",for,text,resolved
Cork City,D. Boyle,20/01/2025,"a vote was called for or against the adoption of the Draft Traveller Accommodation Plan (TAP) 2025-2029, where there appeared as follows:-",for,text,printed_form
Cork City,N. O’Connor,20/01/2025,"a vote was called for or against the adoption of the Draft Traveller Accommodation Plan (TAP) 2025-2029, where there appeared as follows:-",for,text,printed_form
Cork City,Colm Kelleher,20/01/2025,"a vote was called for or against the adoption of the Draft Traveller Accommodation Plan (TAP) 2025-2029, where there appeared as follows:-",for,text,resolved
Cork City,Joe Lynch,20/01/2025,"a vote was called for or against the adoption of the Draft Traveller Accommodation Plan (TAP) 2025-2029, where there appeared as follows:-",for,text,resolved
Cork City,Albert Deasy,20/01/2025,"a vote was called for or against the adoption of the Draft Traveller Accommodation Plan (TAP) 2025-2029, where there appeared as follows:-",for,text,resolved
Cork City,Terry Coleman,20/01/2025,"a vote was called for or against the adoption of the Draft Traveller Accommodation Plan (TAP) 2025-2029, where there appeared as follows:-",for,text,resolved
Cork City,Joe Kavanagh,20/01/2025,"a vote was called for or against the adoption of the Draft Traveller Accommodation Plan (TAP) 2025-2029, where there appeared as follows:-",against,text,resolved
Cork City,N. O’Flynn,20/01/2025,"a vote was called for or against the adoption of the Draft Traveller Accommodation Plan (TAP) 2025-2029, where there appeared as follows:-",against,text,printed_form
Cork City,Des Cahill,20/01/2025,"a vote was called for or against the adoption of the Draft Traveller Accommodation Plan (TAP) 2025-2029, where there appeared as follows:-",against,text,resolved
Cork City,John Maher,08/01/2024,“bring about their physical destruction as a group.”,for,text,resolved
Cork City,Ted Tynan,08/01/2024,“bring about their physical destruction as a group.”,for,text,resolved
Cork City,O. Moran,08/01/2024,“bring about their physical destruction as a group.”,for,text,printed_form
Cork City,G. Keohane,08/01/2024,“bring about their physical destruction as a group.”,for,text,printed_form
Cork City,M. Nugent,08/01/2024,“bring about their physical destruction as a group.”,for,text,printed_form
Cork City,Kenneth Collins,08/01/2024,“bring about their physical destruction as a group.”,for,text,resolved
Cork City,Brian McCarthy,08/01/2024,“bring about their physical destruction as a group.”,for,text,resolved
Cork City,Des Cahill,08/01/2024,“bring about their physical destruction as a group.”,for,text,resolved
Cork City,L. Bogue,08/01/2024,“bring about their physical destruction as a group.”,for,text,printed_form
Cork City,M. Finn,08/01/2024,“bring about their physical destruction as a group.”,for,text,printed_form
Cork City,D. Boyle,08/01/2024,“bring about their physical destruction as a group.”,for,text,printed_form
Cork City,Shane O'Callaghan,08/01/2024,“bring about their physical destruction as a group.”,for,text,resolved
Cork City,Paudie Dineen,08/01/2024,“bring about their physical destruction as a group.”,for,text,resolved
Cork City,Fiona Kerins,08/01/2024,“bring about their physical destruction as a group.”,for,text,resolved
Cork City,C. Finn,08/01/2024,“bring about their physical destruction as a group.”,for,text,printed_form
Cork City,T. Moloney,08/01/2024,“bring about their physical destruction as a group.”,for,text,printed_form
Cork City,Orla O’Leary,08/01/2024,“bring about their physical destruction as a group.”,for,text,printed_form
Cork City,Joe Kavanagh,08/01/2024,“bring about their physical destruction as a group.”,against,text,resolved
Cork City,John Sheehan,08/01/2024,“bring about their physical destruction as a group.”,against,text,resolved
Cork City,Damian Boylan,08/01/2024,“bring about their physical destruction as a group.”,against,text,resolved
Cork City,Mary Rose Desmond,08/01/2024,“bring about their physical destruction as a group.”,against,text,resolved
Cork City,Terry Shannon,08/01/2024,“bring about their physical destruction as a group.”,against,text,resolved
Cork City,Seán Martin,08/01/2024,“bring about their physical destruction as a group.”,against,text,resolved
Cork City,Fergal Dennehy,08/01/2024,“bring about their physical destruction as a group.”,against,text,resolved
Cork City,D. Canty,08/01/2024,“bring about their physical destruction as a group.”,against,text,printed_form
Cork City,Colm Kelleher,08/01/2024,“bring about their physical destruction as a group.”,against,text,resolved
Cork City,Garret Kelleher,08/01/2024,“bring about their physical destruction as a group.”,against,text,resolved
Cork City,Kieran McCarthy,08/01/2024,“bring about their physical destruction as a group.”,abstain,text,resolved
Cork City,D. Forde,08/01/2024,“bring about their physical destruction as a group.”,abstain,text,printed_form
Cork City,Ken O'Flynn,08/01/2024,"a vote was called for on the approval of the minutes, where there appeared as follows:- (vote 1 of 2)",for,text,resolved
Cork City,John Maher,08/01/2024,"a vote was called for on the approval of the minutes, where there appeared as follows:- (vote 1 of 2)",for,text,resolved
Cork City,Joe Kavanagh,08/01/2024,"a vote was called for on the approval of the minutes, where there appeared as follows:- (vote 1 of 2)",for,text,resolved
Cork City,O. Moran,08/01/2024,"a vote was called for on the approval of the minutes, where there appeared as follows:- (vote 1 of 2)",for,text,printed_form
Cork City,G. Keohane,08/01/2024,"a vote was called for on the approval of the minutes, where there appeared as follows:- (vote 1 of 2)",for,text,printed_form
Cork City,Tony Fitzgerald,08/01/2024,"a vote was called for on the approval of the minutes, where there appeared as follows:- (vote 1 of 2)",for,text,resolved
Cork City,M. Nugent,08/01/2024,"a vote was called for on the approval of the minutes, where there appeared as follows:- (vote 1 of 2)",for,text,printed_form
Cork City,John Sheehan,08/01/2024,"a vote was called for on the approval of the minutes, where there appeared as follows:- (vote 1 of 2)",for,text,resolved
Cork City,Kenneth Collins,08/01/2024,"a vote was called for on the approval of the minutes, where there appeared as follows:- (vote 1 of 2)",for,text,resolved
Cork City,Damian Boylan,08/01/2024,"a vote was called for on the approval of the minutes, where there appeared as follows:- (vote 1 of 2)",for,text,resolved
Cork City,Des Cahill,08/01/2024,"a vote was called for on the approval of the minutes, where there appeared as follows:- (vote 1 of 2)",for,text,resolved
Cork City,Mary Rose Desmond,08/01/2024,"a vote was called for on the approval of the minutes, where there appeared as follows:- (vote 1 of 2)",for,text,resolved
Cork City,Kieran McCarthy,08/01/2024,"a vote was called for on the approval of the minutes, where there appeared as follows:- (vote 1 of 2)",for,text,resolved
Cork City,Terry Shannon,08/01/2024,"a vote was called for on the approval of the minutes, where there appeared as follows:- (vote 1 of 2)",for,text,resolved
Cork City,D. Forde,08/01/2024,"a vote was called for on the approval of the minutes, where there appeared as follows:- (vote 1 of 2)",for,text,printed_form
Cork City,M. Finn,08/01/2024,"a vote was called for on the approval of the minutes, where there appeared as follows:- (vote 1 of 2)",for,text,printed_form
Cork City,D. Boyle,08/01/2024,"a vote was called for on the approval of the minutes, where there appeared as follows:- (vote 1 of 2)",for,text,printed_form
Cork City,Seán Martin,08/01/2024,"a vote was called for on the approval of the minutes, where there appeared as follows:- (vote 1 of 2)",for,text,resolved
Cork City,Shane O'Callaghan,08/01/2024,"a vote was called for on the approval of the minutes, where there appeared as follows:- (vote 1 of 2)",for,text,resolved
Cork City,Paudie Dineen,08/01/2024,"a vote was called for on the approval of the minutes, where there appeared as follows:- (vote 1 of 2)",for,text,resolved
Cork City,Fiona Kerins,08/01/2024,"a vote was called for on the approval of the minutes, where there appeared as follows:- (vote 1 of 2)",for,text,resolved
Cork City,Fergal Dennehy,08/01/2024,"a vote was called for on the approval of the minutes, where there appeared as follows:- (vote 1 of 2)",for,text,resolved
Cork City,D. Canty,08/01/2024,"a vote was called for on the approval of the minutes, where there appeared as follows:- (vote 1 of 2)",for,text,printed_form
Cork City,C. Finn,08/01/2024,"a vote was called for on the approval of the minutes, where there appeared as follows:- (vote 1 of 2)",for,text,printed_form
Cork City,Colm Kelleher,08/01/2024,"a vote was called for on the approval of the minutes, where there appeared as follows:- (vote 1 of 2)",for,text,resolved
Cork City,Garret Kelleher,08/01/2024,"a vote was called for on the approval of the minutes, where there appeared as follows:- (vote 1 of 2)",for,text,resolved
Cork City,Orla O’Leary,08/01/2024,"a vote was called for on the approval of the minutes, where there appeared as follows:- (vote 1 of 2)",for,text,printed_form
Cork City,Ted Tynan,08/01/2024,"a vote was called for on the approval of the minutes, where there appeared as follows:- (vote 1 of 2)",against,text,resolved
Cork City,L. Bogue,08/01/2024,"a vote was called for on the approval of the minutes, where there appeared as follows:- (vote 1 of 2)",against,text,printed_form
Cork City,Brian McCarthy,08/01/2024,"a vote was called for on the approval of the minutes, where there appeared as follows:- (vote 1 of 2)",abstain,text,resolved
Cork City,T. Moloney,08/01/2024,"a vote was called for on the approval of the minutes, where there appeared as follows:- (vote 1 of 2)",abstain,text,printed_form
Cork City,Ken O'Flynn,08/01/2024,"a vote was called for on the approval of the minutes, where there appeared as follows:- (vote 2 of 2)",for,text,resolved
Cork City,John Maher,08/01/2024,"a vote was called for on the approval of the minutes, where there appeared as follows:- (vote 2 of 2)",for,text,resolved
Cork City,Joe Kavanagh,08/01/2024,"a vote was called for on the approval of the minutes, where there appeared as follows:- (vote 2 of 2)",for,text,resolved
Cork City,O. Moran,08/01/2024,"a vote was called for on the approval of the minutes, where there appeared as follows:- (vote 2 of 2)",for,text,printed_form
Cork City,G. Keohane,08/01/2024,"a vote was called for on the approval of the minutes, where there appeared as follows:- (vote 2 of 2)",for,text,printed_form
Cork City,Tony Fitzgerald,08/01/2024,"a vote was called for on the approval of the minutes, where there appeared as follows:- (vote 2 of 2)",for,text,resolved
Cork City,M. Nugent,08/01/2024,"a vote was called for on the approval of the minutes, where there appeared as follows:- (vote 2 of 2)",for,text,printed_form
Cork City,John Sheehan,08/01/2024,"a vote was called for on the approval of the minutes, where there appeared as follows:- (vote 2 of 2)",for,text,resolved
Cork City,Kenneth Collins,08/01/2024,"a vote was called for on the approval of the minutes, where there appeared as follows:- (vote 2 of 2)",for,text,resolved
Cork City,Damian Boylan,08/01/2024,"a vote was called for on the approval of the minutes, where there appeared as follows:- (vote 2 of 2)",for,text,resolved
Cork City,Des Cahill,08/01/2024,"a vote was called for on the approval of the minutes, where there appeared as follows:- (vote 2 of 2)",for,text,resolved
Cork City,Mary Rose Desmond,08/01/2024,"a vote was called for on the approval of the minutes, where there appeared as follows:- (vote 2 of 2)",for,text,resolved
Cork City,Kieran McCarthy,08/01/2024,"a vote was called for on the approval of the minutes, where there appeared as follows:- (vote 2 of 2)",for,text,resolved
Cork City,Terry Shannon,08/01/2024,"a vote was called for on the approval of the minutes, where there appeared as follows:- (vote 2 of 2)",for,text,resolved
Cork City,D. Forde,08/01/2024,"a vote was called for on the approval of the minutes, where there appeared as follows:- (vote 2 of 2)",for,text,printed_form
Cork City,M. Finn,08/01/2024,"a vote was called for on the approval of the minutes, where there appeared as follows:- (vote 2 of 2)",for,text,printed_form
Cork City,D. Boyle,08/01/2024,"a vote was called for on the approval of the minutes, where there appeared as follows:- (vote 2 of 2)",for,text,printed_form
Cork City,Seán Martin,08/01/2024,"a vote was called for on the approval of the minutes, where there appeared as follows:- (vote 2 of 2)",for,text,resolved
Cork City,Shane O'Callaghan,08/01/2024,"a vote was called for on the approval of the minutes, where there appeared as follows:- (vote 2 of 2)",for,text,resolved
Cork City,Paudie Dineen,08/01/2024,"a vote was called for on the approval of the minutes, where there appeared as follows:- (vote 2 of 2)",for,text,resolved
Cork City,Fiona Kerins,08/01/2024,"a vote was called for on the approval of the minutes, where there appeared as follows:- (vote 2 of 2)",for,text,resolved
Cork City,Fergal Dennehy,08/01/2024,"a vote was called for on the approval of the minutes, where there appeared as follows:- (vote 2 of 2)",for,text,resolved
Cork City,D. Canty,08/01/2024,"a vote was called for on the approval of the minutes, where there appeared as follows:- (vote 2 of 2)",for,text,printed_form
Cork City,C. Finn,08/01/2024,"a vote was called for on the approval of the minutes, where there appeared as follows:- (vote 2 of 2)",for,text,printed_form
Cork City,Colm Kelleher,08/01/2024,"a vote was called for on the approval of the minutes, where there appeared as follows:- (vote 2 of 2)",for,text,resolved
Cork City,Garret Kelleher,08/01/2024,"a vote was called for on the approval of the minutes, where there appeared as follows:- (vote 2 of 2)",for,text,resolved
Cork City,T. Moloney,08/01/2024,"a vote was called for on the approval of the minutes, where there appeared as follows:- (vote 2 of 2)",for,text,printed_form
Cork City,Orla O’Leary,08/01/2024,"a vote was called for on the approval of the minutes, where there appeared as follows:- (vote 2 of 2)",for,text,printed_form
Cork City,Ted Tynan,08/01/2024,"a vote was called for on the approval of the minutes, where there appeared as follows:- (vote 2 of 2)",against,text,resolved
Cork City,Brian McCarthy,08/01/2024,"a vote was called for on the approval of the minutes, where there appeared as follows:- (vote 2 of 2)",against,text,resolved
Cork City,L. Bogue,08/01/2024,"a vote was called for on the approval of the minutes, where there appeared as follows:- (vote 2 of 2)",against,text,printed_form
Cork City,John Maher,08/01/2024,"a vote was called for on the approval of the motion, where there appeared as follows:-",for,text,resolved
Cork City,Ted Tynan,08/01/2024,"a vote was called for on the approval of the motion, where there appeared as follows:-",for,text,resolved
Cork City,O. Moran,08/01/2024,"a vote was called for on the approval of the motion, where there appeared as follows:-",for,text,printed_form
Cork City,G. Keohane,08/01/2024,"a vote was called for on the approval of the motion, where there appeared as follows:-",for,text,printed_form
Cork City,M. Nugent,08/01/2024,"a vote was called for on the approval of the motion, where there appeared as follows:-",for,text,printed_form
Cork City,Kenneth Collins,08/01/2024,"a vote was called for on the approval of the motion, where there appeared as follows:-",for,text,resolved
Cork City,Brian McCarthy,08/01/2024,"a vote was called for on the approval of the motion, where there appeared as follows:-",for,text,resolved
Cork City,L. Bogue,08/01/2024,"a vote was called for on the approval of the motion, where there appeared as follows:-",for,text,printed_form
Cork City,D. Boyle,08/01/2024,"a vote was called for on the approval of the motion, where there appeared as follows:-",for,text,printed_form
Cork City,Paudie Dineen,08/01/2024,"a vote was called for on the approval of the motion, where there appeared as follows:-",for,text,resolved
Cork City,Fiona Kerins,08/01/2024,"a vote was called for on the approval of the motion, where there appeared as follows:-",for,text,resolved
Cork City,C. Finn,08/01/2024,"a vote was called for on the approval of the motion, where there appeared as follows:-",for,text,printed_form
Cork City,Orla O’Leary,08/01/2024,"a vote was called for on the approval of the motion, where there appeared as follows:-",for,text,printed_form
Cork City,Joe Kavanagh,08/01/2024,"a vote was called for on the approval of the motion, where there appeared as follows:-",against,text,resolved
Cork City,Tony Fitzgerald,08/01/2024,"a vote was called for on the approval of the motion, where there appeared as follows:-",against,text,resolved
Cork City,John Sheehan,08/01/2024,"a vote was called for on the approval of the motion, where there appeared as follows:-",against,text,resolved
Cork City,Damian Boylan,08/01/2024,"a vote was called for on the approval of the motion, where there appeared as follows:-",against,text,resolved
Cork City,Kieran McCarthy,08/01/2024,"a vote was called for on the approval of the motion, where there appeared as follows:-",against,text,resolved
Cork City,Terry Shannon,08/01/2024,"a vote was called for on the approval of the motion, where there appeared as follows:-",against,text,resolved
Cork City,Shane O'Callaghan,08/01/2024,"a vote was called for on the approval of the motion, where there appeared as follows:-",against,text,resolved
Cork City,Fergal Dennehy,08/01/2024,"a vote was called for on the approval of the motion, where there appeared as follows:-",against,text,resolved
Cork City,Garret Kelleher,08/01/2024,"a vote was called for on the approval of the motion, where there appeared as follows:-",against,text,resolved
Cork City,O. Moran,08/04/2024,‘bring the contest into disrepute’ (vote 1 of 2),for,text,printed_form
Cork City,John Sheehan,08/04/2024,‘bring the contest into disrepute’ (vote 1 of 2),for,text,resolved
Cork City,Damian Boylan,08/04/2024,‘bring the contest into disrepute’ (vote 1 of 2),for,text,resolved
Cork City,Mary Rose Desmond,08/04/2024,‘bring the contest into disrepute’ (vote 1 of 2),for,text,resolved
Cork City,Kieran McCarthy,08/04/2024,‘bring the contest into disrepute’ (vote 1 of 2),for,text,resolved
Cork City,D. Boyle,08/04/2024,‘bring the contest into disrepute’ (vote 1 of 2),for,text,printed_form
Cork City,C. Finn,08/04/2024,‘bring the contest into disrepute’ (vote 1 of 2),for,text,printed_form
Cork City,T. Moloney,08/04/2024,‘bring the contest into disrepute’ (vote 1 of 2),for,text,printed_form
Cork City,John Maher,08/04/2024,‘bring the contest into disrepute’ (vote 1 of 2),against,text,resolved
Cork City,Ted Tynan,08/04/2024,‘bring the contest into disrepute’ (vote 1 of 2),against,text,resolved
Cork City,Joe Kavanagh,08/04/2024,‘bring the contest into disrepute’ (vote 1 of 2),against,text,resolved
Cork City,G. Keohane,08/04/2024,‘bring the contest into disrepute’ (vote 1 of 2),against,text,printed_form
Cork City,M. Nugent,08/04/2024,‘bring the contest into disrepute’ (vote 1 of 2),against,text,printed_form
Cork City,Kenneth Collins,08/04/2024,‘bring the contest into disrepute’ (vote 1 of 2),against,text,resolved
Cork City,Brian McCarthy,08/04/2024,‘bring the contest into disrepute’ (vote 1 of 2),against,text,resolved
Cork City,Des Cahill,08/04/2024,‘bring the contest into disrepute’ (vote 1 of 2),against,text,resolved
Cork City,Terry Shannon,08/04/2024,‘bring the contest into disrepute’ (vote 1 of 2),against,text,resolved
Cork City,M. Finn,08/04/2024,‘bring the contest into disrepute’ (vote 1 of 2),against,text,printed_form
Cork City,Shane O'Callaghan,08/04/2024,‘bring the contest into disrepute’ (vote 1 of 2),against,text,resolved
Cork City,Paudie Dineen,08/04/2024,‘bring the contest into disrepute’ (vote 1 of 2),against,text,resolved
Cork City,Fiona Kerins,08/04/2024,‘bring the contest into disrepute’ (vote 1 of 2),against,text,resolved
Cork City,Orla O’Leary,08/04/2024,‘bring the contest into disrepute’ (vote 1 of 2),against,text,printed_form
Cork City,John Maher,08/04/2024,‘bring the contest into disrepute’ (vote 2 of 2),for,text,resolved
Cork City,Ted Tynan,08/04/2024,‘bring the contest into disrepute’ (vote 2 of 2),for,text,resolved
Cork City,G. Keohane,08/04/2024,‘bring the contest into disrepute’ (vote 2 of 2),for,text,printed_form
Cork City,M. Nugent,08/04/2024,‘bring the contest into disrepute’ (vote 2 of 2),for,text,printed_form
Cork City,Kenneth Collins,08/04/2024,‘bring the contest into disrepute’ (vote 2 of 2),for,text,resolved
Cork City,Brian McCarthy,08/04/2024,‘bring the contest into disrepute’ (vote 2 of 2),for,text,resolved
Cork City,M. Finn,08/04/2024,‘bring the contest into disrepute’ (vote 2 of 2),for,text,printed_form
Cork City,Shane O'Callaghan,08/04/2024,‘bring the contest into disrepute’ (vote 2 of 2),for,text,resolved
Cork City,Paudie Dineen,08/04/2024,‘bring the contest into disrepute’ (vote 2 of 2),for,text,resolved
Cork City,Fiona Kerins,08/04/2024,‘bring the contest into disrepute’ (vote 2 of 2),for,text,resolved
Cork City,T. Moloney,08/04/2024,‘bring the contest into disrepute’ (vote 2 of 2),for,text,printed_form
Cork City,Orla O’Leary,08/04/2024,‘bring the contest into disrepute’ (vote 2 of 2),for,text,printed_form
Cork City,Joe Kavanagh,08/04/2024,‘bring the contest into disrepute’ (vote 2 of 2),against,text,resolved
Cork City,John Sheehan,08/04/2024,‘bring the contest into disrepute’ (vote 2 of 2),against,text,resolved
Cork City,Damian Boylan,08/04/2024,‘bring the contest into disrepute’ (vote 2 of 2),against,text,resolved
Cork City,Des Cahill,08/04/2024,‘bring the contest into disrepute’ (vote 2 of 2),against,text,resolved
Cork City,Mary Rose Desmond,08/04/2024,‘bring the contest into disrepute’ (vote 2 of 2),against,text,resolved
Cork City,Kieran McCarthy,08/04/2024,‘bring the contest into disrepute’ (vote 2 of 2),against,text,resolved
Cork City,Terry Shannon,08/04/2024,‘bring the contest into disrepute’ (vote 2 of 2),against,text,resolved
Cork City,D. Boyle,08/04/2024,‘bring the contest into disrepute’ (vote 2 of 2),against,text,printed_form
Cork City,C. Finn,08/04/2024,‘bring the contest into disrepute’ (vote 2 of 2),against,text,printed_form
Cork City,O. Moran,08/04/2024,‘bring the contest into disrepute’ (vote 2 of 2),abstain,text,printed_form
Cork City,John Maher,08/04/2024,a vote was called for on the approval of the motion where there appeared as follows:-,for,text,resolved
Cork City,Joe Kavanagh,08/04/2024,a vote was called for on the approval of the motion where there appeared as follows:-,for,text,resolved
Cork City,G. Keohane,08/04/2024,a vote was called for on the approval of the motion where there appeared as follows:-,for,text,printed_form
Cork City,M. Nugent,08/04/2024,a vote was called for on the approval of the motion where there appeared as follows:-,for,text,printed_form
Cork City,Kenneth Collins,08/04/2024,a vote was called for on the approval of the motion where there appeared as follows:-,for,text,resolved
Cork City,Damian Boylan,08/04/2024,a vote was called for on the approval of the motion where there appeared as follows:-,for,text,resolved
Cork City,Des Cahill,08/04/2024,a vote was called for on the approval of the motion where there appeared as follows:-,for,text,resolved
Cork City,Mary Rose Desmond,08/04/2024,a vote was called for on the approval of the motion where there appeared as follows:-,for,text,resolved
Cork City,Kieran McCarthy,08/04/2024,a vote was called for on the approval of the motion where there appeared as follows:-,for,text,resolved
Cork City,M. Finn,08/04/2024,a vote was called for on the approval of the motion where there appeared as follows:-,for,text,printed_form
Cork City,D. Boyle,08/04/2024,a vote was called for on the approval of the motion where there appeared as follows:-,for,text,printed_form
Cork City,Paudie Dineen,08/04/2024,a vote was called for on the approval of the motion where there appeared as follows:-,for,text,resolved
Cork City,Fiona Kerins,08/04/2024,a vote was called for on the approval of the motion where there appeared as follows:-,for,text,resolved
Cork City,T. Moloney,08/04/2024,a vote was called for on the approval of the motion where there appeared as follows:-,for,text,printed_form
Cork City,Orla O’Leary,08/04/2024,a vote was called for on the approval of the motion where there appeared as follows:-,for,text,printed_form
Cork City,Brian McCarthy,08/04/2024,a vote was called for on the approval of the motion where there appeared as follows:-,against,text,resolved
Cork City,Ted Tynan,08/04/2024,a vote was called for on the approval of the motion where there appeared as follows:-,abstain,text,resolved
Cork City,O. Moran,08/04/2024,a vote was called for on the approval of the motion where there appeared as follows:-,abstain,text,printed_form
Cork City,John Sheehan,08/04/2024,a vote was called for on the approval of the motion where there appeared as follows:-,abstain,text,resolved
Cork City,Terry Shannon,08/04/2024,a vote was called for on the approval of the motion where there appeared as follows:-,abstain,text,resolved
Cork City,John Maher,08/07/2024,"a vote was called for on the suspension of standing orders to discuss motion 57 on Appendix 1, Combat Gender and Sexuality Based Violence, at the end of the meeting, where there appeared as follows:-",for,text,resolved
Cork City,Ted Tynan,08/07/2024,"a vote was called for on the suspension of standing orders to discuss motion 57 on Appendix 1, Combat Gender and Sexuality Based Violence, at the end of the meeting, where there appeared as follows:-",for,text,resolved
Cork City,O. Moran,08/07/2024,"a vote was called for on the suspension of standing orders to discuss motion 57 on Appendix 1, Combat Gender and Sexuality Based Violence, at the end of the meeting, where there appeared as follows:-",for,text,printed_form
Cork City,Michelle Gould,08/07/2024,"a vote was called for on the suspension of standing orders to discuss motion 57 on Appendix 1, Combat Gender and Sexuality Based Violence, at the end of the meeting, where there appeared as follows:-",for,text,resolved
Cork City,Kenneth Collins,08/07/2024,"a vote was called for on the suspension of standing orders to discuss motion 57 on Appendix 1, Combat Gender and Sexuality Based Violence, at the end of the meeting, where there appeared as follows:-",for,text,resolved
Cork City,Brian McCarthy,08/07/2024,"a vote was called for on the suspension of standing orders to discuss motion 57 on Appendix 1, Combat Gender and Sexuality Based Violence, at the end of the meeting, where there appeared as follows:-",for,text,resolved
Cork City,Kieran McCarthy,08/07/2024,"a vote was called for on the suspension of standing orders to discuss motion 57 on Appendix 1, Combat Gender and Sexuality Based Violence, at the end of the meeting, where there appeared as follows:-",for,text,resolved
Cork City,H. Kamegni,08/07/2024,"a vote was called for on the suspension of standing orders to discuss motion 57 on Appendix 1, Combat Gender and Sexuality Based Violence, at the end of the meeting, where there appeared as follows:-",for,text,printed_form
Cork City,Peter Horgan,08/07/2024,"a vote was called for on the suspension of standing orders to discuss motion 57 on Appendix 1, Combat Gender and Sexuality Based Violence, at the end of the meeting, where there appeared as follows:-",for,text,resolved
Cork City,Pádraig Rice,08/07/2024,"a vote was called for on the suspension of standing orders to discuss motion 57 on Appendix 1, Combat Gender and Sexuality Based Violence, at the end of the meeting, where there appeared as follows:-",for,text,resolved
Cork City,Fiona Kerins,08/07/2024,"a vote was called for on the suspension of standing orders to discuss motion 57 on Appendix 1, Combat Gender and Sexuality Based Violence, at the end of the meeting, where there appeared as follows:-",for,text,resolved
Cork City,Joe Lynch,08/07/2024,"a vote was called for on the suspension of standing orders to discuss motion 57 on Appendix 1, Combat Gender and Sexuality Based Violence, at the end of the meeting, where there appeared as follows:-",for,text,resolved
Cork City,Laura Harmon,08/07/2024,"a vote was called for on the suspension of standing orders to discuss motion 57 on Appendix 1, Combat Gender and Sexuality Based Violence, at the end of the meeting, where there appeared as follows:-",for,text,resolved
Cork City,Ken O'Flynn,08/07/2024,"a vote was called for on the suspension of standing orders to discuss motion 57 on Appendix 1, Combat Gender and Sexuality Based Violence, at the end of the meeting, where there appeared as follows:-",against,text,resolved
Cork City,Joe Kavanagh,08/07/2024,"a vote was called for on the suspension of standing orders to discuss motion 57 on Appendix 1, Combat Gender and Sexuality Based Violence, at the end of the meeting, where there appeared as follows:-",against,text,resolved
Cork City,Margaret McDonnell,08/07/2024,"a vote was called for on the suspension of standing orders to discuss motion 57 on Appendix 1, Combat Gender and Sexuality Based Violence, at the end of the meeting, where there appeared as follows:-",against,text,resolved
Cork City,Tony Fitzgerald,08/07/2024,"a vote was called for on the suspension of standing orders to discuss motion 57 on Appendix 1, Combat Gender and Sexuality Based Violence, at the end of the meeting, where there appeared as follows:-",against,text,resolved
Cork City,Damian Boylan,08/07/2024,"a vote was called for on the suspension of standing orders to discuss motion 57 on Appendix 1, Combat Gender and Sexuality Based Violence, at the end of the meeting, where there appeared as follows:-",against,text,resolved
Cork City,John Sheehan,08/07/2024,"a vote was called for on the suspension of standing orders to discuss motion 57 on Appendix 1, Combat Gender and Sexuality Based Violence, at the end of the meeting, where there appeared as follows:-",against,text,resolved
Cork City,Terry Shannon,08/07/2024,"a vote was called for on the suspension of standing orders to discuss motion 57 on Appendix 1, Combat Gender and Sexuality Based Violence, at the end of the meeting, where there appeared as follows:-",against,text,resolved
Cork City,Mary Rose Desmond,08/07/2024,"a vote was called for on the suspension of standing orders to discuss motion 57 on Appendix 1, Combat Gender and Sexuality Based Violence, at the end of the meeting, where there appeared as follows:-",against,text,resolved
Cork City,Des Cahill,08/07/2024,"a vote was called for on the suspension of standing orders to discuss motion 57 on Appendix 1, Combat Gender and Sexuality Based Violence, at the end of the meeting, where there appeared as follows:-",against,text,resolved
Cork City,Shane O'Callaghan,08/07/2024,"a vote was called for on the suspension of standing orders to discuss motion 57 on Appendix 1, Combat Gender and Sexuality Based Violence, at the end of the meeting, where there appeared as follows:-",against,text,resolved
Cork City,Seán Martin,08/07/2024,"a vote was called for on the suspension of standing orders to discuss motion 57 on Appendix 1, Combat Gender and Sexuality Based Violence, at the end of the meeting, where there appeared as follows:-",against,text,resolved
Cork City,Fergal Dennehy,08/07/2024,"a vote was called for on the suspension of standing orders to discuss motion 57 on Appendix 1, Combat Gender and Sexuality Based Violence, at the end of the meeting, where there appeared as follows:-",against,text,resolved
Cork City,Garret Kelleher,08/07/2024,"a vote was called for on the suspension of standing orders to discuss motion 57 on Appendix 1, Combat Gender and Sexuality Based Violence, at the end of the meeting, where there appeared as follows:-",against,text,resolved
Cork City,Colm Kelleher,08/07/2024,"a vote was called for on the suspension of standing orders to discuss motion 57 on Appendix 1, Combat Gender and Sexuality Based Violence, at the end of the meeting, where there appeared as follows:-",against,text,resolved
Cork City,Albert Deasy,08/07/2024,"a vote was called for on the suspension of standing orders to discuss motion 57 on Appendix 1, Combat Gender and Sexuality Based Violence, at the end of the meeting, where there appeared as follows:-",against,text,resolved
Cork City,Terry Coleman,08/07/2024,"a vote was called for on the suspension of standing orders to discuss motion 57 on Appendix 1, Combat Gender and Sexuality Based Violence, at the end of the meeting, where there appeared as follows:-",against,text,resolved
Cork City,D. Boyle,08/07/2024,"a vote was called for on the suspension of standing orders to discuss motion 57 on Appendix 1, Combat Gender and Sexuality Based Violence, at the end of the meeting, where there appeared as follows:-",abstain,text,printed_form
Cork City,Ken O'Flynn,08/07/2024,"a vote was called for on the suspension of standing orders to discuss motion 60 on Appendix 1, Host Euro 2028 Games in Páirc Uí Chaoimh, at the end of the meeting, where there appeared as follows:-",for,text,resolved
Cork City,John Maher,08/07/2024,"a vote was called for on the suspension of standing orders to discuss motion 60 on Appendix 1, Host Euro 2028 Games in Páirc Uí Chaoimh, at the end of the meeting, where there appeared as follows:-",for,text,resolved
Cork City,Ted Tynan,08/07/2024,"a vote was called for on the suspension of standing orders to discuss motion 60 on Appendix 1, Host Euro 2028 Games in Páirc Uí Chaoimh, at the end of the meeting, where there appeared as follows:-",for,text,resolved
Cork City,O. Moran,08/07/2024,"a vote was called for on the suspension of standing orders to discuss motion 60 on Appendix 1, Host Euro 2028 Games in Páirc Uí Chaoimh, at the end of the meeting, where there appeared as follows:-",for,text,printed_form
Cork City,Michelle Gould,08/07/2024,"a vote was called for on the suspension of standing orders to discuss motion 60 on Appendix 1, Host Euro 2028 Games in Páirc Uí Chaoimh, at the end of the meeting, where there appeared as follows:-",for,text,resolved
Cork City,Kenneth Collins,08/07/2024,"a vote was called for on the suspension of standing orders to discuss motion 60 on Appendix 1, Host Euro 2028 Games in Páirc Uí Chaoimh, at the end of the meeting, where there appeared as follows:-",for,text,resolved
Cork City,Brian McCarthy,08/07/2024,"a vote was called for on the suspension of standing orders to discuss motion 60 on Appendix 1, Host Euro 2028 Games in Páirc Uí Chaoimh, at the end of the meeting, where there appeared as follows:-",for,text,resolved
Cork City,Kieran McCarthy,08/07/2024,"a vote was called for on the suspension of standing orders to discuss motion 60 on Appendix 1, Host Euro 2028 Games in Páirc Uí Chaoimh, at the end of the meeting, where there appeared as follows:-",for,text,resolved
Cork City,H. Kamegni,08/07/2024,"a vote was called for on the suspension of standing orders to discuss motion 60 on Appendix 1, Host Euro 2028 Games in Páirc Uí Chaoimh, at the end of the meeting, where there appeared as follows:-",for,text,printed_form
Cork City,Peter Horgan,08/07/2024,"a vote was called for on the suspension of standing orders to discuss motion 60 on Appendix 1, Host Euro 2028 Games in Páirc Uí Chaoimh, at the end of the meeting, where there appeared as follows:-",for,text,resolved
Cork City,Pádraig Rice,08/07/2024,"a vote was called for on the suspension of standing orders to discuss motion 60 on Appendix 1, Host Euro 2028 Games in Páirc Uí Chaoimh, at the end of the meeting, where there appeared as follows:-",for,text,resolved
Cork City,Fiona Kerins,08/07/2024,"a vote was called for on the suspension of standing orders to discuss motion 60 on Appendix 1, Host Euro 2028 Games in Páirc Uí Chaoimh, at the end of the meeting, where there appeared as follows:-",for,text,resolved
Cork City,Joe Lynch,08/07/2024,"a vote was called for on the suspension of standing orders to discuss motion 60 on Appendix 1, Host Euro 2028 Games in Páirc Uí Chaoimh, at the end of the meeting, where there appeared as follows:-",for,text,resolved
Cork City,Laura Harmon,08/07/2024,"a vote was called for on the suspension of standing orders to discuss motion 60 on Appendix 1, Host Euro 2028 Games in Páirc Uí Chaoimh, at the end of the meeting, where there appeared as follows:-",for,text,resolved
Cork City,Joe Kavanagh,08/07/2024,"a vote was called for on the suspension of standing orders to discuss motion 60 on Appendix 1, Host Euro 2028 Games in Páirc Uí Chaoimh, at the end of the meeting, where there appeared as follows:-",against,text,resolved
Cork City,Margaret McDonnell,08/07/2024,"a vote was called for on the suspension of standing orders to discuss motion 60 on Appendix 1, Host Euro 2028 Games in Páirc Uí Chaoimh, at the end of the meeting, where there appeared as follows:-",against,text,resolved
Cork City,Tony Fitzgerald,08/07/2024,"a vote was called for on the suspension of standing orders to discuss motion 60 on Appendix 1, Host Euro 2028 Games in Páirc Uí Chaoimh, at the end of the meeting, where there appeared as follows:-",against,text,resolved
Cork City,Damian Boylan,08/07/2024,"a vote was called for on the suspension of standing orders to discuss motion 60 on Appendix 1, Host Euro 2028 Games in Páirc Uí Chaoimh, at the end of the meeting, where there appeared as follows:-",against,text,resolved
Cork City,John Sheehan,08/07/2024,"a vote was called for on the suspension of standing orders to discuss motion 60 on Appendix 1, Host Euro 2028 Games in Páirc Uí Chaoimh, at the end of the meeting, where there appeared as follows:-",against,text,resolved
Cork City,Terry Shannon,08/07/2024,"a vote was called for on the suspension of standing orders to discuss motion 60 on Appendix 1, Host Euro 2028 Games in Páirc Uí Chaoimh, at the end of the meeting, where there appeared as follows:-",against,text,resolved
Cork City,Mary Rose Desmond,08/07/2024,"a vote was called for on the suspension of standing orders to discuss motion 60 on Appendix 1, Host Euro 2028 Games in Páirc Uí Chaoimh, at the end of the meeting, where there appeared as follows:-",against,text,resolved
Cork City,Des Cahill,08/07/2024,"a vote was called for on the suspension of standing orders to discuss motion 60 on Appendix 1, Host Euro 2028 Games in Páirc Uí Chaoimh, at the end of the meeting, where there appeared as follows:-",against,text,resolved
Cork City,Shane O'Callaghan,08/07/2024,"a vote was called for on the suspension of standing orders to discuss motion 60 on Appendix 1, Host Euro 2028 Games in Páirc Uí Chaoimh, at the end of the meeting, where there appeared as follows:-",against,text,resolved
Cork City,Seán Martin,08/07/2024,"a vote was called for on the suspension of standing orders to discuss motion 60 on Appendix 1, Host Euro 2028 Games in Páirc Uí Chaoimh, at the end of the meeting, where there appeared as follows:-",against,text,resolved
Cork City,Fergal Dennehy,08/07/2024,"a vote was called for on the suspension of standing orders to discuss motion 60 on Appendix 1, Host Euro 2028 Games in Páirc Uí Chaoimh, at the end of the meeting, where there appeared as follows:-",against,text,resolved
Cork City,Garret Kelleher,08/07/2024,"a vote was called for on the suspension of standing orders to discuss motion 60 on Appendix 1, Host Euro 2028 Games in Páirc Uí Chaoimh, at the end of the meeting, where there appeared as follows:-",against,text,resolved
Cork City,Colm Kelleher,08/07/2024,"a vote was called for on the suspension of standing orders to discuss motion 60 on Appendix 1, Host Euro 2028 Games in Páirc Uí Chaoimh, at the end of the meeting, where there appeared as follows:-",against,text,resolved
Cork City,Albert Deasy,08/07/2024,"a vote was called for on the suspension of standing orders to discuss motion 60 on Appendix 1, Host Euro 2028 Games in Páirc Uí Chaoimh, at the end of the meeting, where there appeared as follows:-",against,text,resolved
Cork City,Terry Coleman,08/07/2024,"a vote was called for on the suspension of standing orders to discuss motion 60 on Appendix 1, Host Euro 2028 Games in Páirc Uí Chaoimh, at the end of the meeting, where there appeared as follows:-",against,text,resolved
Cork City,D. Boyle,08/07/2024,"a vote was called for on the suspension of standing orders to discuss motion 60 on Appendix 1, Host Euro 2028 Games in Páirc Uí Chaoimh, at the end of the meeting, where there appeared as follows:-",abstain,text,printed_form
Cork City,John Maher,08/07/2024,"a vote was called for on the suspension of standing orders to discuss motion 72 on Appendix 1, LGBTQ+ Groups in Cork, at the end of the meeting, where there appeared as follows:-",for,text,resolved
Cork City,Ted Tynan,08/07/2024,"a vote was called for on the suspension of standing orders to discuss motion 72 on Appendix 1, LGBTQ+ Groups in Cork, at the end of the meeting, where there appeared as follows:-",for,text,resolved
Cork City,O. Moran,08/07/2024,"a vote was called for on the suspension of standing orders to discuss motion 72 on Appendix 1, LGBTQ+ Groups in Cork, at the end of the meeting, where there appeared as follows:-",for,text,printed_form
Cork City,Michelle Gould,08/07/2024,"a vote was called for on the suspension of standing orders to discuss motion 72 on Appendix 1, LGBTQ+ Groups in Cork, at the end of the meeting, where there appeared as follows:-",for,text,resolved
Cork City,Kenneth Collins,08/07/2024,"a vote was called for on the suspension of standing orders to discuss motion 72 on Appendix 1, LGBTQ+ Groups in Cork, at the end of the meeting, where there appeared as follows:-",for,text,resolved
Cork City,Brian McCarthy,08/07/2024,"a vote was called for on the suspension of standing orders to discuss motion 72 on Appendix 1, LGBTQ+ Groups in Cork, at the end of the meeting, where there appeared as follows:-",for,text,resolved
Cork City,Kieran McCarthy,08/07/2024,"a vote was called for on the suspension of standing orders to discuss motion 72 on Appendix 1, LGBTQ+ Groups in Cork, at the end of the meeting, where there appeared as follows:-",for,text,resolved
Cork City,H. Kamegni,08/07/2024,"a vote was called for on the suspension of standing orders to discuss motion 72 on Appendix 1, LGBTQ+ Groups in Cork, at the end of the meeting, where there appeared as follows:-",for,text,printed_form
Cork City,Peter Horgan,08/07/2024,"a vote was called for on the suspension of standing orders to discuss motion 72 on Appendix 1, LGBTQ+ Groups in Cork, at the end of the meeting, where there appeared as follows:-",for,text,resolved
Cork City,Pádraig Rice,08/07/2024,"a vote was called for on the suspension of standing orders to discuss motion 72 on Appendix 1, LGBTQ+ Groups in Cork, at the end of the meeting, where there appeared as follows:-",for,text,resolved
Cork City,Fiona Kerins,08/07/2024,"a vote was called for on the suspension of standing orders to discuss motion 72 on Appendix 1, LGBTQ+ Groups in Cork, at the end of the meeting, where there appeared as follows:-",for,text,resolved
Cork City,Joe Lynch,08/07/2024,"a vote was called for on the suspension of standing orders to discuss motion 72 on Appendix 1, LGBTQ+ Groups in Cork, at the end of the meeting, where there appeared as follows:-",for,text,resolved
Cork City,Laura Harmon,08/07/2024,"a vote was called for on the suspension of standing orders to discuss motion 72 on Appendix 1, LGBTQ+ Groups in Cork, at the end of the meeting, where there appeared as follows:-",for,text,resolved
Cork City,Ken O'Flynn,08/07/2024,"a vote was called for on the suspension of standing orders to discuss motion 72 on Appendix 1, LGBTQ+ Groups in Cork, at the end of the meeting, where there appeared as follows:-",against,text,resolved
Cork City,Joe Kavanagh,08/07/2024,"a vote was called for on the suspension of standing orders to discuss motion 72 on Appendix 1, LGBTQ+ Groups in Cork, at the end of the meeting, where there appeared as follows:-",against,text,resolved
Cork City,Margaret McDonnell,08/07/2024,"a vote was called for on the suspension of standing orders to discuss motion 72 on Appendix 1, LGBTQ+ Groups in Cork, at the end of the meeting, where there appeared as follows:-",against,text,resolved
Cork City,Tony Fitzgerald,08/07/2024,"a vote was called for on the suspension of standing orders to discuss motion 72 on Appendix 1, LGBTQ+ Groups in Cork, at the end of the meeting, where there appeared as follows:-",against,text,resolved
Cork City,Damian Boylan,08/07/2024,"a vote was called for on the suspension of standing orders to discuss motion 72 on Appendix 1, LGBTQ+ Groups in Cork, at the end of the meeting, where there appeared as follows:-",against,text,resolved
Cork City,John Sheehan,08/07/2024,"a vote was called for on the suspension of standing orders to discuss motion 72 on Appendix 1, LGBTQ+ Groups in Cork, at the end of the meeting, where there appeared as follows:-",against,text,resolved
Cork City,Terry Shannon,08/07/2024,"a vote was called for on the suspension of standing orders to discuss motion 72 on Appendix 1, LGBTQ+ Groups in Cork, at the end of the meeting, where there appeared as follows:-",against,text,resolved
Cork City,Mary Rose Desmond,08/07/2024,"a vote was called for on the suspension of standing orders to discuss motion 72 on Appendix 1, LGBTQ+ Groups in Cork, at the end of the meeting, where there appeared as follows:-",against,text,resolved
Cork City,Des Cahill,08/07/2024,"a vote was called for on the suspension of standing orders to discuss motion 72 on Appendix 1, LGBTQ+ Groups in Cork, at the end of the meeting, where there appeared as follows:-",against,text,resolved
Cork City,Shane O'Callaghan,08/07/2024,"a vote was called for on the suspension of standing orders to discuss motion 72 on Appendix 1, LGBTQ+ Groups in Cork, at the end of the meeting, where there appeared as follows:-",against,text,resolved
Cork City,Seán Martin,08/07/2024,"a vote was called for on the suspension of standing orders to discuss motion 72 on Appendix 1, LGBTQ+ Groups in Cork, at the end of the meeting, where there appeared as follows:-",against,text,resolved
Cork City,Fergal Dennehy,08/07/2024,"a vote was called for on the suspension of standing orders to discuss motion 72 on Appendix 1, LGBTQ+ Groups in Cork, at the end of the meeting, where there appeared as follows:-",against,text,resolved
Cork City,Garret Kelleher,08/07/2024,"a vote was called for on the suspension of standing orders to discuss motion 72 on Appendix 1, LGBTQ+ Groups in Cork, at the end of the meeting, where there appeared as follows:-",against,text,resolved
Cork City,Colm Kelleher,08/07/2024,"a vote was called for on the suspension of standing orders to discuss motion 72 on Appendix 1, LGBTQ+ Groups in Cork, at the end of the meeting, where there appeared as follows:-",against,text,resolved
Cork City,Albert Deasy,08/07/2024,"a vote was called for on the suspension of standing orders to discuss motion 72 on Appendix 1, LGBTQ+ Groups in Cork, at the end of the meeting, where there appeared as follows:-",against,text,resolved
Cork City,Terry Coleman,08/07/2024,"a vote was called for on the suspension of standing orders to discuss motion 72 on Appendix 1, LGBTQ+ Groups in Cork, at the end of the meeting, where there appeared as follows:-",against,text,resolved
Cork City,D. Boyle,08/07/2024,"a vote was called for on the suspension of standing orders to discuss motion 72 on Appendix 1, LGBTQ+ Groups in Cork, at the end of the meeting, where there appeared as follows:-",abstain,text,printed_form
Cork City,Ken O'Flynn,08/07/2024,"a vote was called for on the suspension of standing orders to discuss the motion at the end of the meeting, where there appeared as follows:-",for,text,resolved
Cork City,John Maher,08/07/2024,"a vote was called for on the suspension of standing orders to discuss the motion at the end of the meeting, where there appeared as follows:-",for,text,resolved
Cork City,Ted Tynan,08/07/2024,"a vote was called for on the suspension of standing orders to discuss the motion at the end of the meeting, where there appeared as follows:-",for,text,resolved
Cork City,O. Moran,08/07/2024,"a vote was called for on the suspension of standing orders to discuss the motion at the end of the meeting, where there appeared as follows:-",for,text,printed_form
Cork City,Michelle Gould,08/07/2024,"a vote was called for on the suspension of standing orders to discuss the motion at the end of the meeting, where there appeared as follows:-",for,text,resolved
Cork City,Kenneth Collins,08/07/2024,"a vote was called for on the suspension of standing orders to discuss the motion at the end of the meeting, where there appeared as follows:-",for,text,resolved
Cork City,Brian McCarthy,08/07/2024,"a vote was called for on the suspension of standing orders to discuss the motion at the end of the meeting, where there appeared as follows:-",for,text,resolved
Cork City,Kieran McCarthy,08/07/2024,"a vote was called for on the suspension of standing orders to discuss the motion at the end of the meeting, where there appeared as follows:-",for,text,resolved
Cork City,H. Kamegni,08/07/2024,"a vote was called for on the suspension of standing orders to discuss the motion at the end of the meeting, where there appeared as follows:-",for,text,printed_form
Cork City,Peter Horgan,08/07/2024,"a vote was called for on the suspension of standing orders to discuss the motion at the end of the meeting, where there appeared as follows:-",for,text,resolved
Cork City,Pádraig Rice,08/07/2024,"a vote was called for on the suspension of standing orders to discuss the motion at the end of the meeting, where there appeared as follows:-",for,text,resolved
Cork City,Fiona Kerins,08/07/2024,"a vote was called for on the suspension of standing orders to discuss the motion at the end of the meeting, where there appeared as follows:-",for,text,resolved
Cork City,Joe Lynch,08/07/2024,"a vote was called for on the suspension of standing orders to discuss the motion at the end of the meeting, where there appeared as follows:-",for,text,resolved
Cork City,Laura Harmon,08/07/2024,"a vote was called for on the suspension of standing orders to discuss the motion at the end of the meeting, where there appeared as follows:-",for,text,resolved
Cork City,Albert Deasy,08/07/2024,"a vote was called for on the suspension of standing orders to discuss the motion at the end of the meeting, where there appeared as follows:-",for,text,resolved
Cork City,Joe Kavanagh,08/07/2024,"a vote was called for on the suspension of standing orders to discuss the motion at the end of the meeting, where there appeared as follows:-",against,text,resolved
Cork City,Margaret McDonnell,08/07/2024,"a vote was called for on the suspension of standing orders to discuss the motion at the end of the meeting, where there appeared as follows:-",against,text,resolved
Cork City,Tony Fitzgerald,08/07/2024,"a vote was called for on the suspension of standing orders to discuss the motion at the end of the meeting, where there appeared as follows:-",against,text,resolved
Cork City,Damian Boylan,08/07/2024,"a vote was called for on the suspension of standing orders to discuss the motion at the end of the meeting, where there appeared as follows:-",against,text,resolved
Cork City,John Sheehan,08/07/2024,"a vote was called for on the suspension of standing orders to discuss the motion at the end of the meeting, where there appeared as follows:-",against,text,resolved
Cork City,Terry Shannon,08/07/2024,"a vote was called for on the suspension of standing orders to discuss the motion at the end of the meeting, where there appeared as follows:-",against,text,resolved
Cork City,Mary Rose Desmond,08/07/2024,"a vote was called for on the suspension of standing orders to discuss the motion at the end of the meeting, where there appeared as follows:-",against,text,resolved
Cork City,Des Cahill,08/07/2024,"a vote was called for on the suspension of standing orders to discuss the motion at the end of the meeting, where there appeared as follows:-",against,text,resolved
Cork City,Shane O'Callaghan,08/07/2024,"a vote was called for on the suspension of standing orders to discuss the motion at the end of the meeting, where there appeared as follows:-",against,text,resolved
Cork City,Seán Martin,08/07/2024,"a vote was called for on the suspension of standing orders to discuss the motion at the end of the meeting, where there appeared as follows:-",against,text,resolved
Cork City,Fergal Dennehy,08/07/2024,"a vote was called for on the suspension of standing orders to discuss the motion at the end of the meeting, where there appeared as follows:-",against,text,resolved
Cork City,Garret Kelleher,08/07/2024,"a vote was called for on the suspension of standing orders to discuss the motion at the end of the meeting, where there appeared as follows:-",against,text,resolved
Cork City,Colm Kelleher,08/07/2024,"a vote was called for on the suspension of standing orders to discuss the motion at the end of the meeting, where there appeared as follows:-",against,text,resolved
Cork City,Terry Coleman,08/07/2024,"a vote was called for on the suspension of standing orders to discuss the motion at the end of the meeting, where there appeared as follows:-",against,text,resolved
Cork City,D. Boyle,08/07/2024,"a vote was called for on the suspension of standing orders to discuss the motion at the end of the meeting, where there appeared as follows:-",abstain,text,printed_form
Cork City,Ken O'Flynn,08/07/2024,a vote was called for on the approval of the proposed extinguishment of a section of the public right of way on Elbow Lane where there appeared as follows:-,for,text,resolved
Cork City,John Maher,08/07/2024,a vote was called for on the approval of the proposed extinguishment of a section of the public right of way on Elbow Lane where there appeared as follows:-,for,text,resolved
Cork City,Joe Kavanagh,08/07/2024,a vote was called for on the approval of the proposed extinguishment of a section of the public right of way on Elbow Lane where there appeared as follows:-,for,text,resolved
Cork City,Margaret McDonnell,08/07/2024,a vote was called for on the approval of the proposed extinguishment of a section of the public right of way on Elbow Lane where there appeared as follows:-,for,text,resolved
Cork City,Tony Fitzgerald,08/07/2024,a vote was called for on the approval of the proposed extinguishment of a section of the public right of way on Elbow Lane where there appeared as follows:-,for,text,resolved
Cork City,Damian Boylan,08/07/2024,a vote was called for on the approval of the proposed extinguishment of a section of the public right of way on Elbow Lane where there appeared as follows:-,for,text,resolved
Cork City,John Sheehan,08/07/2024,a vote was called for on the approval of the proposed extinguishment of a section of the public right of way on Elbow Lane where there appeared as follows:-,for,text,resolved
Cork City,Michelle Gould,08/07/2024,a vote was called for on the approval of the proposed extinguishment of a section of the public right of way on Elbow Lane where there appeared as follows:-,for,text,resolved
Cork City,Kenneth Collins,08/07/2024,a vote was called for on the approval of the proposed extinguishment of a section of the public right of way on Elbow Lane where there appeared as follows:-,for,text,resolved
Cork City,Terry Shannon,08/07/2024,a vote was called for on the approval of the proposed extinguishment of a section of the public right of way on Elbow Lane where there appeared as follows:-,for,text,resolved
Cork City,Kieran McCarthy,08/07/2024,a vote was called for on the approval of the proposed extinguishment of a section of the public right of way on Elbow Lane where there appeared as follows:-,for,text,resolved
Cork City,Mary Rose Desmond,08/07/2024,a vote was called for on the approval of the proposed extinguishment of a section of the public right of way on Elbow Lane where there appeared as follows:-,for,text,resolved
Cork City,Des Cahill,08/07/2024,a vote was called for on the approval of the proposed extinguishment of a section of the public right of way on Elbow Lane where there appeared as follows:-,for,text,resolved
Cork City,Peter Horgan,08/07/2024,a vote was called for on the approval of the proposed extinguishment of a section of the public right of way on Elbow Lane where there appeared as follows:-,for,text,resolved
Cork City,Shane O'Callaghan,08/07/2024,a vote was called for on the approval of the proposed extinguishment of a section of the public right of way on Elbow Lane where there appeared as follows:-,for,text,resolved
Cork City,Seán Martin,08/07/2024,a vote was called for on the approval of the proposed extinguishment of a section of the public right of way on Elbow Lane where there appeared as follows:-,for,text,resolved
Cork City,Fiona Kerins,08/07/2024,a vote was called for on the approval of the proposed extinguishment of a section of the public right of way on Elbow Lane where there appeared as follows:-,for,text,resolved
Cork City,D. Boyle,08/07/2024,a vote was called for on the approval of the proposed extinguishment of a section of the public right of way on Elbow Lane where there appeared as follows:-,for,text,printed_form
Cork City,Fergal Dennehy,08/07/2024,a vote was called for on the approval of the proposed extinguishment of a section of the public right of way on Elbow Lane where there appeared as follows:-,for,text,resolved
Cork City,Garret Kelleher,08/07/2024,a vote was called for on the approval of the proposed extinguishment of a section of the public right of way on Elbow Lane where there appeared as follows:-,for,text,resolved
Cork City,Colm Kelleher,08/07/2024,a vote was called for on the approval of the proposed extinguishment of a section of the public right of way on Elbow Lane where there appeared as follows:-,for,text,resolved
Cork City,Joe Lynch,08/07/2024,a vote was called for on the approval of the proposed extinguishment of a section of the public right of way on Elbow Lane where there appeared as follows:-,for,text,resolved
Cork City,Laura Harmon,08/07/2024,a vote was called for on the approval of the proposed extinguishment of a section of the public right of way on Elbow Lane where there appeared as follows:-,for,text,resolved
Cork City,Albert Deasy,08/07/2024,a vote was called for on the approval of the proposed extinguishment of a section of the public right of way on Elbow Lane where there appeared as follows:-,for,text,resolved
Cork City,Terry Coleman,08/07/2024,a vote was called for on the approval of the proposed extinguishment of a section of the public right of way on Elbow Lane where there appeared as follows:-,for,text,resolved
Cork City,Ted Tynan,08/07/2024,a vote was called for on the approval of the proposed extinguishment of a section of the public right of way on Elbow Lane where there appeared as follows:-,against,text,resolved
Cork City,Brian McCarthy,08/07/2024,a vote was called for on the approval of the proposed extinguishment of a section of the public right of way on Elbow Lane where there appeared as follows:-,against,text,resolved
Cork City,O. Moran,08/07/2024,a vote was called for on the approval of the proposed extinguishment of a section of the public right of way on Elbow Lane where there appeared as follows:-,abstain,text,printed_form
Cork City,H. Kamegni,08/07/2024,a vote was called for on the approval of the proposed extinguishment of a section of the public right of way on Elbow Lane where there appeared as follows:-,abstain,text,printed_form
Cork City,Pádraig Rice,08/07/2024,a vote was called for on the approval of the proposed extinguishment of a section of the public right of way on Elbow Lane where there appeared as follows:-,abstain,text,resolved
Cork City,John Maher,08/09/2025,a vote was called for on the nomination to the Cork City Local Community Safety Partnership where there appeared as follows:- Comhairleoir T — Comhairleoir T. Shannon,for,text,resolved
Cork City,Joe Kavanagh,08/09/2025,a vote was called for on the nomination to the Cork City Local Community Safety Partnership where there appeared as follows:- Comhairleoir T — Comhairleoir T. Shannon,for,text,resolved
Cork City,Margaret McDonnell,08/09/2025,a vote was called for on the nomination to the Cork City Local Community Safety Partnership where there appeared as follows:- Comhairleoir T — Comhairleoir T. Shannon,for,text,resolved
Cork City,O. Moran,08/09/2025,a vote was called for on the nomination to the Cork City Local Community Safety Partnership where there appeared as follows:- Comhairleoir T — Comhairleoir T. Shannon,for,text,printed_form
Cork City,Tony Fitzgerald,08/09/2025,a vote was called for on the nomination to the Cork City Local Community Safety Partnership where there appeared as follows:- Comhairleoir T — Comhairleoir T. Shannon,for,text,resolved
Cork City,Damian Boylan,08/09/2025,a vote was called for on the nomination to the Cork City Local Community Safety Partnership where there appeared as follows:- Comhairleoir T — Comhairleoir T. Shannon,for,text,resolved
Cork City,John Sheehan,08/09/2025,a vote was called for on the nomination to the Cork City Local Community Safety Partnership where there appeared as follows:- Comhairleoir T — Comhairleoir T. Shannon,for,text,resolved
Cork City,Terry Shannon,08/09/2025,a vote was called for on the nomination to the Cork City Local Community Safety Partnership where there appeared as follows:- Comhairleoir T — Comhairleoir T. Shannon,for,text,resolved
Cork City,Kieran McCarthy,08/09/2025,a vote was called for on the nomination to the Cork City Local Community Safety Partnership where there appeared as follows:- Comhairleoir T — Comhairleoir T. Shannon,for,text,resolved
Cork City,Mary Rose Desmond,08/09/2025,a vote was called for on the nomination to the Cork City Local Community Safety Partnership where there appeared as follows:- Comhairleoir T — Comhairleoir T. Shannon,for,text,resolved
Cork City,Des Cahill,08/09/2025,a vote was called for on the nomination to the Cork City Local Community Safety Partnership where there appeared as follows:- Comhairleoir T — Comhairleoir T. Shannon,for,text,resolved
Cork City,H. Kamegni,08/09/2025,a vote was called for on the nomination to the Cork City Local Community Safety Partnership where there appeared as follows:- Comhairleoir T — Comhairleoir T. Shannon,for,text,printed_form
Cork City,Peter Horgan,08/09/2025,a vote was called for on the nomination to the Cork City Local Community Safety Partnership where there appeared as follows:- Comhairleoir T — Comhairleoir T. Shannon,for,text,resolved
Cork City,Shane O'Callaghan,08/09/2025,a vote was called for on the nomination to the Cork City Local Community Safety Partnership where there appeared as follows:- Comhairleoir T — Comhairleoir T. Shannon,for,text,resolved
Cork City,Seán Martin,08/09/2025,a vote was called for on the nomination to the Cork City Local Community Safety Partnership where there appeared as follows:- Comhairleoir T — Comhairleoir T. Shannon,for,text,resolved
Cork City,D. Boyle,08/09/2025,a vote was called for on the nomination to the Cork City Local Community Safety Partnership where there appeared as follows:- Comhairleoir T — Comhairleoir T. Shannon,for,text,printed_form
Cork City,Fergal Dennehy,08/09/2025,a vote was called for on the nomination to the Cork City Local Community Safety Partnership where there appeared as follows:- Comhairleoir T — Comhairleoir T. Shannon,for,text,resolved
Cork City,Colm Kelleher,08/09/2025,a vote was called for on the nomination to the Cork City Local Community Safety Partnership where there appeared as follows:- Comhairleoir T — Comhairleoir T. Shannon,for,text,resolved
Cork City,Terry Coleman,08/09/2025,a vote was called for on the nomination to the Cork City Local Community Safety Partnership where there appeared as follows:- Comhairleoir T — Comhairleoir T. Shannon,for,text,resolved
Cork City,G. O’Brien,08/09/2025,a vote was called for on the nomination to the Cork City Local Community Safety Partnership where there appeared as follows:- Comhairleoir T — Comhairleoir T. Shannon,for,text,printed_form
Cork City,C. O’Connor,08/09/2025,a vote was called for on the nomination to the Cork City Local Community Safety Partnership where there appeared as follows:- Comhairleoir T — Comhairleoir T. Shannon,for,text,printed_form
Cork City,Ted Tynan,08/09/2025,a vote was called for on the nomination to the Cork City Local Community Safety Partnership where there appeared as follows:- Comhairleoir T — Comhairleoir T. Shannon,against,text,resolved
Cork City,N. O’Flynn,08/09/2025,a vote was called for on the nomination to the Cork City Local Community Safety Partnership where there appeared as follows:- Comhairleoir T — Comhairleoir T. Shannon,against,text,printed_form
Cork City,Michelle Gould,08/09/2025,a vote was called for on the nomination to the Cork City Local Community Safety Partnership where there appeared as follows:- Comhairleoir T — Comhairleoir T. Shannon,against,text,resolved
Cork City,Kenneth Collins,08/09/2025,a vote was called for on the nomination to the Cork City Local Community Safety Partnership where there appeared as follows:- Comhairleoir T — Comhairleoir T. Shannon,against,text,resolved
Cork City,Brian McCarthy,08/09/2025,a vote was called for on the nomination to the Cork City Local Community Safety Partnership where there appeared as follows:- Comhairleoir T — Comhairleoir T. Shannon,against,text,resolved
Cork City,Fiona Kerins,08/09/2025,a vote was called for on the nomination to the Cork City Local Community Safety Partnership where there appeared as follows:- Comhairleoir T — Comhairleoir T. Shannon,against,text,resolved
Cork City,N. O’Connor,08/09/2025,a vote was called for on the nomination to the Cork City Local Community Safety Partnership where there appeared as follows:- Comhairleoir T — Comhairleoir T. Shannon,against,text,printed_form
Cork City,Joe Lynch,08/09/2025,a vote was called for on the nomination to the Cork City Local Community Safety Partnership where there appeared as follows:- Comhairleoir T — Comhairleoir T. Shannon,against,text,resolved
Cork City,Albert Deasy,08/09/2025,a vote was called for on the nomination to the Cork City Local Community Safety Partnership where there appeared as follows:- Comhairleoir T — Comhairleoir T. Shannon,against,text,resolved
Cork City,John Maher,08/09/2025,a vote was called for on the nomination to the Cork City Local Community Safety Partnership where there appeared as follows:- Comhairleoir T — Comhairleoir T. Fitzgerald,for,text,resolved
Cork City,Joe Kavanagh,08/09/2025,a vote was called for on the nomination to the Cork City Local Community Safety Partnership where there appeared as follows:- Comhairleoir T — Comhairleoir T. Fitzgerald,for,text,resolved
Cork City,Margaret McDonnell,08/09/2025,a vote was called for on the nomination to the Cork City Local Community Safety Partnership where there appeared as follows:- Comhairleoir T — Comhairleoir T. Fitzgerald,for,text,resolved
Cork City,O. Moran,08/09/2025,a vote was called for on the nomination to the Cork City Local Community Safety Partnership where there appeared as follows:- Comhairleoir T — Comhairleoir T. Fitzgerald,for,text,printed_form
Cork City,Tony Fitzgerald,08/09/2025,a vote was called for on the nomination to the Cork City Local Community Safety Partnership where there appeared as follows:- Comhairleoir T — Comhairleoir T. Fitzgerald,for,text,resolved
Cork City,Damian Boylan,08/09/2025,a vote was called for on the nomination to the Cork City Local Community Safety Partnership where there appeared as follows:- Comhairleoir T — Comhairleoir T. Fitzgerald,for,text,resolved
Cork City,John Sheehan,08/09/2025,a vote was called for on the nomination to the Cork City Local Community Safety Partnership where there appeared as follows:- Comhairleoir T — Comhairleoir T. Fitzgerald,for,text,resolved
Cork City,Terry Shannon,08/09/2025,a vote was called for on the nomination to the Cork City Local Community Safety Partnership where there appeared as follows:- Comhairleoir T — Comhairleoir T. Fitzgerald,for,text,resolved
Cork City,Kieran McCarthy,08/09/2025,a vote was called for on the nomination to the Cork City Local Community Safety Partnership where there appeared as follows:- Comhairleoir T — Comhairleoir T. Fitzgerald,for,text,resolved
Cork City,Mary Rose Desmond,08/09/2025,a vote was called for on the nomination to the Cork City Local Community Safety Partnership where there appeared as follows:- Comhairleoir T — Comhairleoir T. Fitzgerald,for,text,resolved
Cork City,Des Cahill,08/09/2025,a vote was called for on the nomination to the Cork City Local Community Safety Partnership where there appeared as follows:- Comhairleoir T — Comhairleoir T. Fitzgerald,for,text,resolved
Cork City,H. Kamegni,08/09/2025,a vote was called for on the nomination to the Cork City Local Community Safety Partnership where there appeared as follows:- Comhairleoir T — Comhairleoir T. Fitzgerald,for,text,printed_form
Cork City,Peter Horgan,08/09/2025,a vote was called for on the nomination to the Cork City Local Community Safety Partnership where there appeared as follows:- Comhairleoir T — Comhairleoir T. Fitzgerald,for,text,resolved
Cork City,Shane O'Callaghan,08/09/2025,a vote was called for on the nomination to the Cork City Local Community Safety Partnership where there appeared as follows:- Comhairleoir T — Comhairleoir T. Fitzgerald,for,text,resolved
Cork City,Seán Martin,08/09/2025,a vote was called for on the nomination to the Cork City Local Community Safety Partnership where there appeared as follows:- Comhairleoir T — Comhairleoir T. Fitzgerald,for,text,resolved
Cork City,D. Boyle,08/09/2025,a vote was called for on the nomination to the Cork City Local Community Safety Partnership where there appeared as follows:- Comhairleoir T — Comhairleoir T. Fitzgerald,for,text,printed_form
Cork City,Fergal Dennehy,08/09/2025,a vote was called for on the nomination to the Cork City Local Community Safety Partnership where there appeared as follows:- Comhairleoir T — Comhairleoir T. Fitzgerald,for,text,resolved
Cork City,Colm Kelleher,08/09/2025,a vote was called for on the nomination to the Cork City Local Community Safety Partnership where there appeared as follows:- Comhairleoir T — Comhairleoir T. Fitzgerald,for,text,resolved
Cork City,Terry Coleman,08/09/2025,a vote was called for on the nomination to the Cork City Local Community Safety Partnership where there appeared as follows:- Comhairleoir T — Comhairleoir T. Fitzgerald,for,text,resolved
Cork City,G. O’Brien,08/09/2025,a vote was called for on the nomination to the Cork City Local Community Safety Partnership where there appeared as follows:- Comhairleoir T — Comhairleoir T. Fitzgerald,for,text,printed_form
Cork City,C. O’Connor,08/09/2025,a vote was called for on the nomination to the Cork City Local Community Safety Partnership where there appeared as follows:- Comhairleoir T — Comhairleoir T. Fitzgerald,for,text,printed_form
Cork City,Ted Tynan,08/09/2025,a vote was called for on the nomination to the Cork City Local Community Safety Partnership where there appeared as follows:- Comhairleoir T — Comhairleoir T. Fitzgerald,against,text,resolved
Cork City,N. O’Flynn,08/09/2025,a vote was called for on the nomination to the Cork City Local Community Safety Partnership where there appeared as follows:- Comhairleoir T — Comhairleoir T. Fitzgerald,against,text,printed_form
Cork City,Michelle Gould,08/09/2025,a vote was called for on the nomination to the Cork City Local Community Safety Partnership where there appeared as follows:- Comhairleoir T — Comhairleoir T. Fitzgerald,against,text,resolved
Cork City,Kenneth Collins,08/09/2025,a vote was called for on the nomination to the Cork City Local Community Safety Partnership where there appeared as follows:- Comhairleoir T — Comhairleoir T. Fitzgerald,against,text,resolved
Cork City,Brian McCarthy,08/09/2025,a vote was called for on the nomination to the Cork City Local Community Safety Partnership where there appeared as follows:- Comhairleoir T — Comhairleoir T. Fitzgerald,against,text,resolved
Cork City,Fiona Kerins,08/09/2025,a vote was called for on the nomination to the Cork City Local Community Safety Partnership where there appeared as follows:- Comhairleoir T — Comhairleoir T. Fitzgerald,against,text,resolved
Cork City,N. O’Connor,08/09/2025,a vote was called for on the nomination to the Cork City Local Community Safety Partnership where there appeared as follows:- Comhairleoir T — Comhairleoir T. Fitzgerald,against,text,printed_form
Cork City,Joe Lynch,08/09/2025,a vote was called for on the nomination to the Cork City Local Community Safety Partnership where there appeared as follows:- Comhairleoir T — Comhairleoir T. Fitzgerald,against,text,resolved
Cork City,Albert Deasy,08/09/2025,a vote was called for on the nomination to the Cork City Local Community Safety Partnership where there appeared as follows:- Comhairleoir T — Comhairleoir T. Fitzgerald,against,text,resolved
Cork City,John Maher,08/09/2025,Comhairleoir M. McDonnell,for,text,resolved
Cork City,Joe Kavanagh,08/09/2025,Comhairleoir M. McDonnell,for,text,resolved
Cork City,Margaret McDonnell,08/09/2025,Comhairleoir M. McDonnell,for,text,resolved
Cork City,O. Moran,08/09/2025,Comhairleoir M. McDonnell,for,text,printed_form
Cork City,Tony Fitzgerald,08/09/2025,Comhairleoir M. McDonnell,for,text,resolved
Cork City,Damian Boylan,08/09/2025,Comhairleoir M. McDonnell,for,text,resolved
Cork City,John Sheehan,08/09/2025,Comhairleoir M. McDonnell,for,text,resolved
Cork City,Terry Shannon,08/09/2025,Comhairleoir M. McDonnell,for,text,resolved
Cork City,Kieran McCarthy,08/09/2025,Comhairleoir M. McDonnell,for,text,resolved
Cork City,Mary Rose Desmond,08/09/2025,Comhairleoir M. McDonnell,for,text,resolved
Cork City,Des Cahill,08/09/2025,Comhairleoir M. McDonnell,for,text,resolved
Cork City,H. Kamegni,08/09/2025,Comhairleoir M. McDonnell,for,text,printed_form
Cork City,Peter Horgan,08/09/2025,Comhairleoir M. McDonnell,for,text,resolved
Cork City,Shane O'Callaghan,08/09/2025,Comhairleoir M. McDonnell,for,text,resolved
Cork City,Seán Martin,08/09/2025,Comhairleoir M. McDonnell,for,text,resolved
Cork City,D. Boyle,08/09/2025,Comhairleoir M. McDonnell,for,text,printed_form
Cork City,Fergal Dennehy,08/09/2025,Comhairleoir M. McDonnell,for,text,resolved
Cork City,Colm Kelleher,08/09/2025,Comhairleoir M. McDonnell,for,text,resolved
Cork City,Terry Coleman,08/09/2025,Comhairleoir M. McDonnell,for,text,resolved
Cork City,G. O’Brien,08/09/2025,Comhairleoir M. McDonnell,for,text,printed_form
Cork City,C. O’Connor,08/09/2025,Comhairleoir M. McDonnell,for,text,printed_form
Cork City,Ted Tynan,08/09/2025,Comhairleoir M. McDonnell,against,text,resolved
Cork City,N. O’Flynn,08/09/2025,Comhairleoir M. McDonnell,against,text,printed_form
Cork City,Michelle Gould,08/09/2025,Comhairleoir M. McDonnell,against,text,resolved
Cork City,Kenneth Collins,08/09/2025,Comhairleoir M. McDonnell,against,text,resolved
Cork City,Brian McCarthy,08/09/2025,Comhairleoir M. McDonnell,against,text,resolved
Cork City,Fiona Kerins,08/09/2025,Comhairleoir M. McDonnell,against,text,resolved
Cork City,N. O’Connor,08/09/2025,Comhairleoir M. McDonnell,against,text,printed_form
Cork City,Joe Lynch,08/09/2025,Comhairleoir M. McDonnell,against,text,resolved
Cork City,Albert Deasy,08/09/2025,Comhairleoir M. McDonnell,against,text,resolved
Cork City,John Maher,08/09/2025,Comhairleoir C. O’Connor,for,text,resolved
Cork City,Joe Kavanagh,08/09/2025,Comhairleoir C. O’Connor,for,text,resolved
Cork City,Margaret McDonnell,08/09/2025,Comhairleoir C. O’Connor,for,text,resolved
Cork City,O. Moran,08/09/2025,Comhairleoir C. O’Connor,for,text,printed_form
Cork City,Tony Fitzgerald,08/09/2025,Comhairleoir C. O’Connor,for,text,resolved
Cork City,Damian Boylan,08/09/2025,Comhairleoir C. O’Connor,for,text,resolved
Cork City,John Sheehan,08/09/2025,Comhairleoir C. O’Connor,for,text,resolved
Cork City,Terry Shannon,08/09/2025,Comhairleoir C. O’Connor,for,text,resolved
Cork City,Kieran McCarthy,08/09/2025,Comhairleoir C. O’Connor,for,text,resolved
Cork City,Mary Rose Desmond,08/09/2025,Comhairleoir C. O’Connor,for,text,resolved
Cork City,Des Cahill,08/09/2025,Comhairleoir C. O’Connor,for,text,resolved
Cork City,H. Kamegni,08/09/2025,Comhairleoir C. O’Connor,for,text,printed_form
Cork City,Peter Horgan,08/09/2025,Comhairleoir C. O’Connor,for,text,resolved
Cork City,Shane O'Callaghan,08/09/2025,Comhairleoir C. O’Connor,for,text,resolved
Cork City,Seán Martin,08/09/2025,Comhairleoir C. O’Connor,for,text,resolved
Cork City,D. Boyle,08/09/2025,Comhairleoir C. O’Connor,for,text,printed_form
Cork City,N. O’Connor,08/09/2025,Comhairleoir C. O’Connor,for,text,printed_form
Cork City,Fergal Dennehy,08/09/2025,Comhairleoir C. O’Connor,for,text,resolved
Cork City,Colm Kelleher,08/09/2025,Comhairleoir C. O’Connor,for,text,resolved
Cork City,Terry Coleman,08/09/2025,Comhairleoir C. O’Connor,for,text,resolved
Cork City,G. O’Brien,08/09/2025,Comhairleoir C. O’Connor,for,text,printed_form
Cork City,C. O’Connor,08/09/2025,Comhairleoir C. O’Connor,for,text,printed_form
Cork City,Ted Tynan,08/09/2025,Comhairleoir C. O’Connor,against,text,resolved
Cork City,N. O’Flynn,08/09/2025,Comhairleoir C. O’Connor,against,text,printed_form
Cork City,Michelle Gould,08/09/2025,Comhairleoir C. O’Connor,against,text,resolved
Cork City,Kenneth Collins,08/09/2025,Comhairleoir C. O’Connor,against,text,resolved
Cork City,Brian McCarthy,08/09/2025,Comhairleoir C. O’Connor,against,text,resolved
Cork City,Fiona Kerins,08/09/2025,Comhairleoir C. O’Connor,against,text,resolved
Cork City,Joe Lynch,08/09/2025,Comhairleoir C. O’Connor,against,text,resolved
Cork City,Albert Deasy,08/09/2025,Comhairleoir C. O’Connor,against,text,resolved
Cork City,John Maher,08/09/2025,Comhairleoir D. Boyle,for,text,resolved
Cork City,Joe Kavanagh,08/09/2025,Comhairleoir D. Boyle,for,text,resolved
Cork City,Margaret McDonnell,08/09/2025,Comhairleoir D. Boyle,for,text,resolved
Cork City,O. Moran,08/09/2025,Comhairleoir D. Boyle,for,text,printed_form
Cork City,Tony Fitzgerald,08/09/2025,Comhairleoir D. Boyle,for,text,resolved
Cork City,Damian Boylan,08/09/2025,Comhairleoir D. Boyle,for,text,resolved
Cork City,John Sheehan,08/09/2025,Comhairleoir D. Boyle,for,text,resolved
Cork City,Terry Shannon,08/09/2025,Comhairleoir D. Boyle,for,text,resolved
Cork City,Kieran McCarthy,08/09/2025,Comhairleoir D. Boyle,for,text,resolved
Cork City,Mary Rose Desmond,08/09/2025,Comhairleoir D. Boyle,for,text,resolved
Cork City,Des Cahill,08/09/2025,Comhairleoir D. Boyle,for,text,resolved
Cork City,H. Kamegni,08/09/2025,Comhairleoir D. Boyle,for,text,printed_form
Cork City,Peter Horgan,08/09/2025,Comhairleoir D. Boyle,for,text,resolved
Cork City,Shane O'Callaghan,08/09/2025,Comhairleoir D. Boyle,for,text,resolved
Cork City,Seán Martin,08/09/2025,Comhairleoir D. Boyle,for,text,resolved
Cork City,D. Boyle,08/09/2025,Comhairleoir D. Boyle,for,text,printed_form
Cork City,N. O’Connor,08/09/2025,Comhairleoir D. Boyle,for,text,printed_form
Cork City,Fergal Dennehy,08/09/2025,Comhairleoir D. Boyle,for,text,resolved
Cork City,Colm Kelleher,08/09/2025,Comhairleoir D. Boyle,for,text,resolved
Cork City,Terry Coleman,08/09/2025,Comhairleoir D. Boyle,for,text,resolved
Cork City,G. O’Brien,08/09/2025,Comhairleoir D. Boyle,for,text,printed_form
Cork City,C. O’Connor,08/09/2025,Comhairleoir D. Boyle,for,text,printed_form
Cork City,Ted Tynan,08/09/2025,Comhairleoir D. Boyle,against,text,resolved
Cork City,N. O’Flynn,08/09/2025,Comhairleoir D. Boyle,against,text,printed_form
Cork City,Michelle Gould,08/09/2025,Comhairleoir D. Boyle,against,text,resolved
Cork City,Kenneth Collins,08/09/2025,Comhairleoir D. Boyle,against,text,resolved
Cork City,Brian McCarthy,08/09/2025,Comhairleoir D. Boyle,against,text,resolved
Cork City,Fiona Kerins,08/09/2025,Comhairleoir D. Boyle,against,text,resolved
Cork City,Joe Lynch,08/09/2025,Comhairleoir D. Boyle,against,text,resolved
Cork City,Albert Deasy,08/09/2025,Comhairleoir D. Boyle,against,text,resolved
Cork City,John Maher,08/09/2025,Comhairleoir J. Kavanagh,for,text,resolved
Cork City,Joe Kavanagh,08/09/2025,Comhairleoir J. Kavanagh,for,text,resolved
Cork City,Margaret McDonnell,08/09/2025,Comhairleoir J. Kavanagh,for,text,resolved
Cork City,O. Moran,08/09/2025,Comhairleoir J. Kavanagh,for,text,printed_form
Cork City,Tony Fitzgerald,08/09/2025,Comhairleoir J. Kavanagh,for,text,resolved
Cork City,Damian Boylan,08/09/2025,Comhairleoir J. Kavanagh,for,text,resolved
Cork City,John Sheehan,08/09/2025,Comhairleoir J. Kavanagh,for,text,resolved
Cork City,Terry Shannon,08/09/2025,Comhairleoir J. Kavanagh,for,text,resolved
Cork City,Kieran McCarthy,08/09/2025,Comhairleoir J. Kavanagh,for,text,resolved
Cork City,Mary Rose Desmond,08/09/2025,Comhairleoir J. Kavanagh,for,text,resolved
Cork City,Des Cahill,08/09/2025,Comhairleoir J. Kavanagh,for,text,resolved
Cork City,H. Kamegni,08/09/2025,Comhairleoir J. Kavanagh,for,text,printed_form
Cork City,Peter Horgan,08/09/2025,Comhairleoir J. Kavanagh,for,text,resolved
Cork City,Shane O'Callaghan,08/09/2025,Comhairleoir J. Kavanagh,for,text,resolved
Cork City,Seán Martin,08/09/2025,Comhairleoir J. Kavanagh,for,text,resolved
Cork City,D. Boyle,08/09/2025,Comhairleoir J. Kavanagh,for,text,printed_form
Cork City,Fergal Dennehy,08/09/2025,Comhairleoir J. Kavanagh,for,text,resolved
Cork City,Colm Kelleher,08/09/2025,Comhairleoir J. Kavanagh,for,text,resolved
Cork City,Terry Coleman,08/09/2025,Comhairleoir J. Kavanagh,for,text,resolved
Cork City,G. O’Brien,08/09/2025,Comhairleoir J. Kavanagh,for,text,printed_form
Cork City,C. O’Connor,08/09/2025,Comhairleoir J. Kavanagh,for,text,printed_form
Cork City,Ted Tynan,08/09/2025,Comhairleoir J. Kavanagh,against,text,resolved
Cork City,N. O’Flynn,08/09/2025,Comhairleoir J. Kavanagh,against,text,printed_form
Cork City,Michelle Gould,08/09/2025,Comhairleoir J. Kavanagh,against,text,resolved
Cork City,Kenneth Collins,08/09/2025,Comhairleoir J. Kavanagh,against,text,resolved
Cork City,Brian McCarthy,08/09/2025,Comhairleoir J. Kavanagh,against,text,resolved
Cork City,Fiona Kerins,08/09/2025,Comhairleoir J. Kavanagh,against,text,resolved
Cork City,N. O’Connor,08/09/2025,Comhairleoir J. Kavanagh,against,text,printed_form
Cork City,Joe Lynch,08/09/2025,Comhairleoir J. Kavanagh,against,text,resolved
Cork City,Albert Deasy,08/09/2025,Comhairleoir J. Kavanagh,against,text,resolved
Cork City,John Maher,08/09/2025,Comhairleoir D. Boylan,for,text,resolved
Cork City,Joe Kavanagh,08/09/2025,Comhairleoir D. Boylan,for,text,resolved
Cork City,Margaret McDonnell,08/09/2025,Comhairleoir D. Boylan,for,text,resolved
Cork City,O. Moran,08/09/2025,Comhairleoir D. Boylan,for,text,printed_form
Cork City,Tony Fitzgerald,08/09/2025,Comhairleoir D. Boylan,for,text,resolved
Cork City,Damian Boylan,08/09/2025,Comhairleoir D. Boylan,for,text,resolved
Cork City,John Sheehan,08/09/2025,Comhairleoir D. Boylan,for,text,resolved
Cork City,Terry Shannon,08/09/2025,Comhairleoir D. Boylan,for,text,resolved
Cork City,Kieran McCarthy,08/09/2025,Comhairleoir D. Boylan,for,text,resolved
Cork City,Mary Rose Desmond,08/09/2025,Comhairleoir D. Boylan,for,text,resolved
Cork City,Des Cahill,08/09/2025,Comhairleoir D. Boylan,for,text,resolved
Cork City,H. Kamegni,08/09/2025,Comhairleoir D. Boylan,for,text,printed_form
Cork City,Peter Horgan,08/09/2025,Comhairleoir D. Boylan,for,text,resolved
Cork City,Shane O'Callaghan,08/09/2025,Comhairleoir D. Boylan,for,text,resolved
Cork City,Seán Martin,08/09/2025,Comhairleoir D. Boylan,for,text,resolved
Cork City,D. Boyle,08/09/2025,Comhairleoir D. Boylan,for,text,printed_form
Cork City,Fergal Dennehy,08/09/2025,Comhairleoir D. Boylan,for,text,resolved
Cork City,Colm Kelleher,08/09/2025,Comhairleoir D. Boylan,for,text,resolved
Cork City,Terry Coleman,08/09/2025,Comhairleoir D. Boylan,for,text,resolved
Cork City,G. O’Brien,08/09/2025,Comhairleoir D. Boylan,for,text,printed_form
Cork City,C. O’Connor,08/09/2025,Comhairleoir D. Boylan,for,text,printed_form
Cork City,Ted Tynan,08/09/2025,Comhairleoir D. Boylan,against,text,resolved
Cork City,N. O’Flynn,08/09/2025,Comhairleoir D. Boylan,against,text,printed_form
Cork City,Michelle Gould,08/09/2025,Comhairleoir D. Boylan,against,text,resolved
Cork City,Kenneth Collins,08/09/2025,Comhairleoir D. Boylan,against,text,resolved
Cork City,Brian McCarthy,08/09/2025,Comhairleoir D. Boylan,against,text,resolved
Cork City,Fiona Kerins,08/09/2025,Comhairleoir D. Boylan,against,text,resolved
Cork City,N. O’Connor,08/09/2025,Comhairleoir D. Boylan,against,text,printed_form
Cork City,Joe Lynch,08/09/2025,Comhairleoir D. Boylan,against,text,resolved
Cork City,Albert Deasy,08/09/2025,Comhairleoir D. Boylan,against,text,resolved
Cork City,N. O’Flynn,08/09/2025,Comhairleoir P. Dineen,for,text,printed_form
Cork City,Michelle Gould,08/09/2025,Comhairleoir P. Dineen,for,text,resolved
Cork City,Kenneth Collins,08/09/2025,Comhairleoir P. Dineen,for,text,resolved
Cork City,Kieran McCarthy,08/09/2025,Comhairleoir P. Dineen,for,text,resolved
Cork City,Fiona Kerins,08/09/2025,Comhairleoir P. Dineen,for,text,resolved
Cork City,Joe Lynch,08/09/2025,Comhairleoir P. Dineen,for,text,resolved
Cork City,Albert Deasy,08/09/2025,Comhairleoir P. Dineen,for,text,resolved
Cork City,John Maher,08/09/2025,Comhairleoir P. Dineen,against,text,resolved
Cork City,Joe Kavanagh,08/09/2025,Comhairleoir P. Dineen,against,text,resolved
Cork City,Margaret McDonnell,08/09/2025,Comhairleoir P. Dineen,against,text,resolved
Cork City,Ted Tynan,08/09/2025,Comhairleoir P. Dineen,against,text,resolved
Cork City,O. Moran,08/09/2025,Comhairleoir P. Dineen,against,text,printed_form
Cork City,Tony Fitzgerald,08/09/2025,Comhairleoir P. Dineen,against,text,resolved
Cork City,Damian Boylan,08/09/2025,Comhairleoir P. Dineen,against,text,resolved
Cork City,John Sheehan,08/09/2025,Comhairleoir P. Dineen,against,text,resolved
Cork City,Brian McCarthy,08/09/2025,Comhairleoir P. Dineen,against,text,resolved
Cork City,Terry Shannon,08/09/2025,Comhairleoir P. Dineen,against,text,resolved
Cork City,Mary Rose Desmond,08/09/2025,Comhairleoir P. Dineen,against,text,resolved
Cork City,Des Cahill,08/09/2025,Comhairleoir P. Dineen,against,text,resolved
Cork City,H. Kamegni,08/09/2025,Comhairleoir P. Dineen,against,text,printed_form
Cork City,Peter Horgan,08/09/2025,Comhairleoir P. Dineen,against,text,resolved
Cork City,Shane O'Callaghan,08/09/2025,Comhairleoir P. Dineen,against,text,resolved
Cork City,Seán Martin,08/09/2025,Comhairleoir P. Dineen,against,text,resolved
Cork City,D. Boyle,08/09/2025,Comhairleoir P. Dineen,against,text,printed_form
Cork City,N. O’Connor,08/09/2025,Comhairleoir P. Dineen,against,text,printed_form
Cork City,Fergal Dennehy,08/09/2025,Comhairleoir P. Dineen,against,text,resolved
Cork City,Colm Kelleher,08/09/2025,Comhairleoir P. Dineen,against,text,resolved
Cork City,Terry Coleman,08/09/2025,Comhairleoir P. Dineen,against,text,resolved
Cork City,G. O’Brien,08/09/2025,Comhairleoir P. Dineen,against,text,printed_form
Cork City,C. O’Connor,08/09/2025,Comhairleoir P. Dineen,against,text,printed_form
Cork City,Ted Tynan,08/09/2025,Comhairleoir K. Collins,for,text,resolved
Cork City,N. O’Flynn,08/09/2025,Comhairleoir K. Collins,for,text,printed_form
Cork City,Michelle Gould,08/09/2025,Comhairleoir K. Collins,for,text,resolved
Cork City,Kenneth Collins,08/09/2025,Comhairleoir K. Collins,for,text,resolved
Cork City,Kieran McCarthy,08/09/2025,Comhairleoir K. Collins,for,text,resolved
Cork City,Fiona Kerins,08/09/2025,Comhairleoir K. Collins,for,text,resolved
Cork City,N. O’Connor,08/09/2025,Comhairleoir K. Collins,for,text,printed_form
Cork City,Joe Lynch,08/09/2025,Comhairleoir K. Collins,for,text,resolved
Cork City,Albert Deasy,08/09/2025,Comhairleoir K. Collins,for,text,resolved
Cork City,John Maher,08/09/2025,Comhairleoir K. Collins,against,text,resolved
Cork City,Joe Kavanagh,08/09/2025,Comhairleoir K. Collins,against,text,resolved
Cork City,Margaret McDonnell,08/09/2025,Comhairleoir K. Collins,against,text,resolved
Cork City,O. Moran,08/09/2025,Comhairleoir K. Collins,against,text,printed_form
Cork City,Tony Fitzgerald,08/09/2025,Comhairleoir K. Collins,against,text,resolved
Cork City,Damian Boylan,08/09/2025,Comhairleoir K. Collins,against,text,resolved
Cork City,John Sheehan,08/09/2025,Comhairleoir K. Collins,against,text,resolved
Cork City,Terry Shannon,08/09/2025,Comhairleoir K. Collins,against,text,resolved
Cork City,Mary Rose Desmond,08/09/2025,Comhairleoir K. Collins,against,text,resolved
Cork City,Des Cahill,08/09/2025,Comhairleoir K. Collins,against,text,resolved
Cork City,H. Kamegni,08/09/2025,Comhairleoir K. Collins,against,text,printed_form
Cork City,Peter Horgan,08/09/2025,Comhairleoir K. Collins,against,text,resolved
Cork City,Shane O'Callaghan,08/09/2025,Comhairleoir K. Collins,against,text,resolved
Cork City,Seán Martin,08/09/2025,Comhairleoir K. Collins,against,text,resolved
Cork City,D. Boyle,08/09/2025,Comhairleoir K. Collins,against,text,printed_form
Cork City,Fergal Dennehy,08/09/2025,Comhairleoir K. Collins,against,text,resolved
Cork City,Colm Kelleher,08/09/2025,Comhairleoir K. Collins,against,text,resolved
Cork City,Terry Coleman,08/09/2025,Comhairleoir K. Collins,against,text,resolved
Cork City,G. O’Brien,08/09/2025,Comhairleoir K. Collins,against,text,printed_form
Cork City,C. O’Connor,08/09/2025,Comhairleoir K. Collins,against,text,printed_form
Cork City,Brian McCarthy,08/09/2025,Comhairleoir K. Collins,abstain,text,resolved
Cork City,N. O’Flynn,08/09/2025,Comhairleoir F. Kerins,for,text,printed_form
Cork City,Michelle Gould,08/09/2025,Comhairleoir F. Kerins,for,text,resolved
Cork City,Kenneth Collins,08/09/2025,Comhairleoir F. Kerins,for,text,resolved
Cork City,Kieran McCarthy,08/09/2025,Comhairleoir F. Kerins,for,text,resolved
Cork City,Fiona Kerins,08/09/2025,Comhairleoir F. Kerins,for,text,resolved
Cork City,N. O’Connor,08/09/2025,Comhairleoir F. Kerins,for,text,printed_form
Cork City,Joe Lynch,08/09/2025,Comhairleoir F. Kerins,for,text,resolved
Cork City,Albert Deasy,08/09/2025,Comhairleoir F. Kerins,for,text,resolved
Cork City,John Maher,08/09/2025,Comhairleoir F. Kerins,against,text,resolved
Cork City,Joe Kavanagh,08/09/2025,Comhairleoir F. Kerins,against,text,resolved
Cork City,Margaret McDonnell,08/09/2025,Comhairleoir F. Kerins,against,text,resolved
Cork City,Ted Tynan,08/09/2025,Comhairleoir F. Kerins,against,text,resolved
Cork City,O. Moran,08/09/2025,Comhairleoir F. Kerins,against,text,printed_form
Cork City,Tony Fitzgerald,08/09/2025,Comhairleoir F. Kerins,against,text,resolved
Cork City,Damian Boylan,08/09/2025,Comhairleoir F. Kerins,against,text,resolved
Cork City,John Sheehan,08/09/2025,Comhairleoir F. Kerins,against,text,resolved
Cork City,Terry Shannon,08/09/2025,Comhairleoir F. Kerins,against,text,resolved
Cork City,Mary Rose Desmond,08/09/2025,Comhairleoir F. Kerins,against,text,resolved
Cork City,Des Cahill,08/09/2025,Comhairleoir F. Kerins,against,text,resolved
Cork City,H. Kamegni,08/09/2025,Comhairleoir F. Kerins,against,text,printed_form
Cork City,Peter Horgan,08/09/2025,Comhairleoir F. Kerins,against,text,resolved
Cork City,Shane O'Callaghan,08/09/2025,Comhairleoir F. Kerins,against,text,resolved
Cork City,Seán Martin,08/09/2025,Comhairleoir F. Kerins,against,text,resolved
Cork City,D. Boyle,08/09/2025,Comhairleoir F. Kerins,against,text,printed_form
Cork City,Fergal Dennehy,08/09/2025,Comhairleoir F. Kerins,against,text,resolved
Cork City,Colm Kelleher,08/09/2025,Comhairleoir F. Kerins,against,text,resolved
Cork City,Terry Coleman,08/09/2025,Comhairleoir F. Kerins,against,text,resolved
Cork City,G. O’Brien,08/09/2025,Comhairleoir F. Kerins,against,text,printed_form
Cork City,C. O’Connor,08/09/2025,Comhairleoir F. Kerins,against,text,printed_form
Cork City,Brian McCarthy,08/09/2025,Comhairleoir F. Kerins,abstain,text,resolved
Cork City,John Maher,08/09/2025,a vote was called for on the approval of the motion where there appeared as follows:- (vote 1 of 2),for,text,resolved
Cork City,Joe Kavanagh,08/09/2025,a vote was called for on the approval of the motion where there appeared as follows:- (vote 1 of 2),for,text,resolved
Cork City,Margaret McDonnell,08/09/2025,a vote was called for on the approval of the motion where there appeared as follows:- (vote 1 of 2),for,text,resolved
Cork City,O. Moran,08/09/2025,a vote was called for on the approval of the motion where there appeared as follows:- (vote 1 of 2),for,text,printed_form
Cork City,N. O’Flynn,08/09/2025,a vote was called for on the approval of the motion where there appeared as follows:- (vote 1 of 2),for,text,printed_form
Cork City,Tony Fitzgerald,08/09/2025,a vote was called for on the approval of the motion where there appeared as follows:- (vote 1 of 2),for,text,resolved
Cork City,Damian Boylan,08/09/2025,a vote was called for on the approval of the motion where there appeared as follows:- (vote 1 of 2),for,text,resolved
Cork City,John Sheehan,08/09/2025,a vote was called for on the approval of the motion where there appeared as follows:- (vote 1 of 2),for,text,resolved
Cork City,Michelle Gould,08/09/2025,a vote was called for on the approval of the motion where there appeared as follows:- (vote 1 of 2),for,text,resolved
Cork City,Kenneth Collins,08/09/2025,a vote was called for on the approval of the motion where there appeared as follows:- (vote 1 of 2),for,text,resolved
Cork City,Terry Shannon,08/09/2025,a vote was called for on the approval of the motion where there appeared as follows:- (vote 1 of 2),for,text,resolved
Cork City,Des Cahill,08/09/2025,a vote was called for on the approval of the motion where there appeared as follows:- (vote 1 of 2),for,text,resolved
Cork City,H. Kamegni,08/09/2025,a vote was called for on the approval of the motion where there appeared as follows:- (vote 1 of 2),for,text,printed_form
Cork City,Peter Horgan,08/09/2025,a vote was called for on the approval of the motion where there appeared as follows:- (vote 1 of 2),for,text,resolved
Cork City,Shane O'Callaghan,08/09/2025,a vote was called for on the approval of the motion where there appeared as follows:- (vote 1 of 2),for,text,resolved
Cork City,Seán Martin,08/09/2025,a vote was called for on the approval of the motion where there appeared as follows:- (vote 1 of 2),for,text,resolved
Cork City,Fiona Kerins,08/09/2025,a vote was called for on the approval of the motion where there appeared as follows:- (vote 1 of 2),for,text,resolved
Cork City,D. Boyle,08/09/2025,a vote was called for on the approval of the motion where there appeared as follows:- (vote 1 of 2),for,text,printed_form
Cork City,N. O’Connor,08/09/2025,a vote was called for on the approval of the motion where there appeared as follows:- (vote 1 of 2),for,text,printed_form
Cork City,Colm Kelleher,08/09/2025,a vote was called for on the approval of the motion where there appeared as follows:- (vote 1 of 2),for,text,resolved
Cork City,Joe Lynch,08/09/2025,a vote was called for on the approval of the motion where there appeared as follows:- (vote 1 of 2),for,text,resolved
Cork City,Terry Coleman,08/09/2025,a vote was called for on the approval of the motion where there appeared as follows:- (vote 1 of 2),for,text,resolved
Cork City,G. O’Brien,08/09/2025,a vote was called for on the approval of the motion where there appeared as follows:- (vote 1 of 2),for,text,printed_form
Cork City,C. O’Connor,08/09/2025,a vote was called for on the approval of the motion where there appeared as follows:- (vote 1 of 2),for,text,printed_form
Cork City,Ted Tynan,08/09/2025,a vote was called for on the approval of the motion where there appeared as follows:- (vote 1 of 2),against,text,resolved
Cork City,Brian McCarthy,08/09/2025,a vote was called for on the approval of the motion where there appeared as follows:- (vote 1 of 2),against,text,resolved
Cork City,Albert Deasy,08/09/2025,a vote was called for on the approval of the motion where there appeared as follows:- (vote 1 of 2),against,text,resolved
Cork City,Kieran McCarthy,08/09/2025,a vote was called for on the approval of the motion where there appeared as follows:- (vote 1 of 2),abstain,text,resolved
Cork City,Fergal Dennehy,08/09/2025,a vote was called for on the approval of the motion where there appeared as follows:- (vote 1 of 2),abstain,text,resolved
Cork City,John Maher,08/09/2025,a vote was called for on the approval of the motion where there appeared as follows:- (vote 2 of 2),for,text,resolved
Cork City,Joe Kavanagh,08/09/2025,a vote was called for on the approval of the motion where there appeared as follows:- (vote 2 of 2),for,text,resolved
Cork City,Ted Tynan,08/09/2025,a vote was called for on the approval of the motion where there appeared as follows:- (vote 2 of 2),for,text,resolved
Cork City,O. Moran,08/09/2025,a vote was called for on the approval of the motion where there appeared as follows:- (vote 2 of 2),for,text,printed_form
Cork City,Damian Boylan,08/09/2025,a vote was called for on the approval of the motion where there appeared as follows:- (vote 2 of 2),for,text,resolved
Cork City,Michelle Gould,08/09/2025,a vote was called for on the approval of the motion where there appeared as follows:- (vote 2 of 2),for,text,resolved
Cork City,Kenneth Collins,08/09/2025,a vote was called for on the approval of the motion where there appeared as follows:- (vote 2 of 2),for,text,resolved
Cork City,Brian McCarthy,08/09/2025,a vote was called for on the approval of the motion where there appeared as follows:- (vote 2 of 2),for,text,resolved
Cork City,Kieran McCarthy,08/09/2025,a vote was called for on the approval of the motion where there appeared as follows:- (vote 2 of 2),for,text,resolved
Cork City,H. Kamegni,08/09/2025,a vote was called for on the approval of the motion where there appeared as follows:- (vote 2 of 2),for,text,printed_form
Cork City,Peter Horgan,08/09/2025,a vote was called for on the approval of the motion where there appeared as follows:- (vote 2 of 2),for,text,resolved
Cork City,Shane O'Callaghan,08/09/2025,a vote was called for on the approval of the motion where there appeared as follows:- (vote 2 of 2),for,text,resolved
Cork City,Fiona Kerins,08/09/2025,a vote was called for on the approval of the motion where there appeared as follows:- (vote 2 of 2),for,text,resolved
Cork City,D. Boyle,08/09/2025,a vote was called for on the approval of the motion where there appeared as follows:- (vote 2 of 2),for,text,printed_form
Cork City,N. O’Connor,08/09/2025,a vote was called for on the approval of the motion where there appeared as follows:- (vote 2 of 2),for,text,printed_form
Cork City,Fergal Dennehy,08/09/2025,a vote was called for on the approval of the motion where there appeared as follows:- (vote 2 of 2),for,text,resolved
Cork City,Colm Kelleher,08/09/2025,a vote was called for on the approval of the motion where there appeared as follows:- (vote 2 of 2),for,text,resolved
Cork City,Joe Lynch,08/09/2025,a vote was called for on the approval of the motion where there appeared as follows:- (vote 2 of 2),for,text,resolved
Cork City,Terry Coleman,08/09/2025,a vote was called for on the approval of the motion where there appeared as follows:- (vote 2 of 2),for,text,resolved
Cork City,G. O’Brien,08/09/2025,a vote was called for on the approval of the motion where there appeared as follows:- (vote 2 of 2),for,text,printed_form
Cork City,C. O’Connor,08/09/2025,a vote was called for on the approval of the motion where there appeared as follows:- (vote 2 of 2),for,text,printed_form
Cork City,Albert Deasy,08/09/2025,a vote was called for on the approval of the motion where there appeared as follows:- (vote 2 of 2),against,text,resolved
Cork City,John Maher,08/12/2025,a vote was called for on the approval of the motion where there appeared as follows:-,for,text,resolved
Cork City,Joe Kavanagh,08/12/2025,a vote was called for on the approval of the motion where there appeared as follows:-,for,text,resolved
Cork City,Ted Tynan,08/12/2025,a vote was called for on the approval of the motion where there appeared as follows:-,for,text,resolved
Cork City,O. Moran,08/12/2025,a vote was called for on the approval of the motion where there appeared as follows:-,for,text,printed_form
Cork City,Tony Fitzgerald,08/12/2025,a vote was called for on the approval of the motion where there appeared as follows:-,for,text,resolved
Cork City,Damian Boylan,08/12/2025,a vote was called for on the approval of the motion where there appeared as follows:-,for,text,resolved
Cork City,Brian McCarthy,08/12/2025,a vote was called for on the approval of the motion where there appeared as follows:-,for,text,resolved
Cork City,Kieran McCarthy,08/12/2025,a vote was called for on the approval of the motion where there appeared as follows:-,for,text,resolved
Cork City,Mary Rose Desmond,08/12/2025,a vote was called for on the approval of the motion where there appeared as follows:-,for,text,resolved
Cork City,H. Kamegni,08/12/2025,a vote was called for on the approval of the motion where there appeared as follows:-,for,text,printed_form
Cork City,Peter Horgan,08/12/2025,a vote was called for on the approval of the motion where there appeared as follows:-,for,text,resolved
Cork City,Shane O'Callaghan,08/12/2025,a vote was called for on the approval of the motion where there appeared as follows:-,for,text,resolved
Cork City,D. Boyle,08/12/2025,a vote was called for on the approval of the motion where there appeared as follows:-,for,text,printed_form
Cork City,N. O’Connor,08/12/2025,a vote was called for on the approval of the motion where there appeared as follows:-,for,text,printed_form
Cork City,Fergal Dennehy,08/12/2025,a vote was called for on the approval of the motion where there appeared as follows:-,for,text,resolved
Cork City,Terry Coleman,08/12/2025,a vote was called for on the approval of the motion where there appeared as follows:-,for,text,resolved
Cork City,G. O’Brien,08/12/2025,a vote was called for on the approval of the motion where there appeared as follows:-,for,text,printed_form
Cork City,C. O’Connor,08/12/2025,a vote was called for on the approval of the motion where there appeared as follows:-,for,text,printed_form
Cork City,Michelle Gould,08/12/2025,a vote was called for on the approval of the motion where there appeared as follows:-,against,text,resolved
Cork City,Kenneth Collins,08/12/2025,a vote was called for on the approval of the motion where there appeared as follows:-,against,text,resolved
Cork City,Fiona Kerins,08/12/2025,a vote was called for on the approval of the motion where there appeared as follows:-,against,text,resolved
Cork City,Joe Lynch,08/12/2025,a vote was called for on the approval of the motion where there appeared as follows:-,against,text,resolved
Cork City,Albert Deasy,08/12/2025,a vote was called for on the approval of the motion where there appeared as follows:-,against,text,resolved
Cork City,John Maher,09/02/2026,"a vote was called for on the approval of the proposed development at Evergreen Road, Turners Cross, where there appeared as follows:-",for,text,resolved
Cork City,Joe Kavanagh,09/02/2026,"a vote was called for on the approval of the proposed development at Evergreen Road, Turners Cross, where there appeared as follows:-",for,text,resolved
Cork City,Margaret McDonnell,09/02/2026,"a vote was called for on the approval of the proposed development at Evergreen Road, Turners Cross, where there appeared as follows:-",for,text,resolved
Cork City,O. Moran,09/02/2026,"a vote was called for on the approval of the proposed development at Evergreen Road, Turners Cross, where there appeared as follows:-",for,text,printed_form
Cork City,N. O’Flynn,09/02/2026,"a vote was called for on the approval of the proposed development at Evergreen Road, Turners Cross, where there appeared as follows:-",for,text,printed_form
Cork City,Tony Fitzgerald,09/02/2026,"a vote was called for on the approval of the proposed development at Evergreen Road, Turners Cross, where there appeared as follows:-",for,text,resolved
Cork City,Damian Boylan,09/02/2026,"a vote was called for on the approval of the proposed development at Evergreen Road, Turners Cross, where there appeared as follows:-",for,text,resolved
Cork City,John Sheehan,09/02/2026,"a vote was called for on the approval of the proposed development at Evergreen Road, Turners Cross, where there appeared as follows:-",for,text,resolved
Cork City,Michelle Gould,09/02/2026,"a vote was called for on the approval of the proposed development at Evergreen Road, Turners Cross, where there appeared as follows:-",for,text,resolved
Cork City,Kenneth Collins,09/02/2026,"a vote was called for on the approval of the proposed development at Evergreen Road, Turners Cross, where there appeared as follows:-",for,text,resolved
Cork City,Brian McCarthy,09/02/2026,"a vote was called for on the approval of the proposed development at Evergreen Road, Turners Cross, where there appeared as follows:-",for,text,resolved
Cork City,Terry Shannon,09/02/2026,"a vote was called for on the approval of the proposed development at Evergreen Road, Turners Cross, where there appeared as follows:-",for,text,resolved
Cork City,Kieran McCarthy,09/02/2026,"a vote was called for on the approval of the proposed development at Evergreen Road, Turners Cross, where there appeared as follows:-",for,text,resolved
Cork City,Mary Rose Desmond,09/02/2026,"a vote was called for on the approval of the proposed development at Evergreen Road, Turners Cross, where there appeared as follows:-",for,text,resolved
Cork City,Des Cahill,09/02/2026,"a vote was called for on the approval of the proposed development at Evergreen Road, Turners Cross, where there appeared as follows:-",for,text,resolved
Cork City,H. Kamegni,09/02/2026,"a vote was called for on the approval of the proposed development at Evergreen Road, Turners Cross, where there appeared as follows:-",for,text,printed_form
Cork City,Peter Horgan,09/02/2026,"a vote was called for on the approval of the proposed development at Evergreen Road, Turners Cross, where there appeared as follows:-",for,text,resolved
Cork City,Shane O'Callaghan,09/02/2026,"a vote was called for on the approval of the proposed development at Evergreen Road, Turners Cross, where there appeared as follows:-",for,text,resolved
Cork City,Seán Martin,09/02/2026,"a vote was called for on the approval of the proposed development at Evergreen Road, Turners Cross, where there appeared as follows:-",for,text,resolved
Cork City,Fiona Kerins,09/02/2026,"a vote was called for on the approval of the proposed development at Evergreen Road, Turners Cross, where there appeared as follows:-",for,text,resolved
Cork City,Paudie Dineen,09/02/2026,"a vote was called for on the approval of the proposed development at Evergreen Road, Turners Cross, where there appeared as follows:-",for,text,resolved
Cork City,D. Boyle,09/02/2026,"a vote was called for on the approval of the proposed development at Evergreen Road, Turners Cross, where there appeared as follows:-",for,text,printed_form
Cork City,N. O’Connor,09/02/2026,"a vote was called for on the approval of the proposed development at Evergreen Road, Turners Cross, where there appeared as follows:-",for,text,printed_form
Cork City,Fergal Dennehy,09/02/2026,"a vote was called for on the approval of the proposed development at Evergreen Road, Turners Cross, where there appeared as follows:-",for,text,resolved
Cork City,Colm Kelleher,09/02/2026,"a vote was called for on the approval of the proposed development at Evergreen Road, Turners Cross, where there appeared as follows:-",for,text,resolved
Cork City,Joe Lynch,09/02/2026,"a vote was called for on the approval of the proposed development at Evergreen Road, Turners Cross, where there appeared as follows:-",for,text,resolved
Cork City,Terry Coleman,09/02/2026,"a vote was called for on the approval of the proposed development at Evergreen Road, Turners Cross, where there appeared as follows:-",for,text,resolved
Cork City,C. O’Connor,09/02/2026,"a vote was called for on the approval of the proposed development at Evergreen Road, Turners Cross, where there appeared as follows:-",for,text,printed_form
Cork City,Albert Deasy,09/02/2026,"a vote was called for on the approval of the proposed development at Evergreen Road, Turners Cross, where there appeared as follows:-",against,text,resolved
Cork City,John Maher,09/02/2026,"a vote was called for on the approval of the proposed development at Anglesea Terrace, where there appeared as follows:-",for,text,resolved
Cork City,Joe Kavanagh,09/02/2026,"a vote was called for on the approval of the proposed development at Anglesea Terrace, where there appeared as follows:-",for,text,resolved
Cork City,Margaret McDonnell,09/02/2026,"a vote was called for on the approval of the proposed development at Anglesea Terrace, where there appeared as follows:-",for,text,resolved
Cork City,O. Moran,09/02/2026,"a vote was called for on the approval of the proposed development at Anglesea Terrace, where there appeared as follows:-",for,text,printed_form
Cork City,N. O’Flynn,09/02/2026,"a vote was called for on the approval of the proposed development at Anglesea Terrace, where there appeared as follows:-",for,text,printed_form
Cork City,Tony Fitzgerald,09/02/2026,"a vote was called for on the approval of the proposed development at Anglesea Terrace, where there appeared as follows:-",for,text,resolved
Cork City,Damian Boylan,09/02/2026,"a vote was called for on the approval of the proposed development at Anglesea Terrace, where there appeared as follows:-",for,text,resolved
Cork City,Michelle Gould,09/02/2026,"a vote was called for on the approval of the proposed development at Anglesea Terrace, where there appeared as follows:-",for,text,resolved
Cork City,Kenneth Collins,09/02/2026,"a vote was called for on the approval of the proposed development at Anglesea Terrace, where there appeared as follows:-",for,text,resolved
Cork City,Brian McCarthy,09/02/2026,"a vote was called for on the approval of the proposed development at Anglesea Terrace, where there appeared as follows:-",for,text,resolved
Cork City,Terry Shannon,09/02/2026,"a vote was called for on the approval of the proposed development at Anglesea Terrace, where there appeared as follows:-",for,text,resolved
Cork City,Kieran McCarthy,09/02/2026,"a vote was called for on the approval of the proposed development at Anglesea Terrace, where there appeared as follows:-",for,text,resolved
Cork City,Mary Rose Desmond,09/02/2026,"a vote was called for on the approval of the proposed development at Anglesea Terrace, where there appeared as follows:-",for,text,resolved
Cork City,Des Cahill,09/02/2026,"a vote was called for on the approval of the proposed development at Anglesea Terrace, where there appeared as follows:-",for,text,resolved
Cork City,H. Kamegni,09/02/2026,"a vote was called for on the approval of the proposed development at Anglesea Terrace, where there appeared as follows:-",for,text,printed_form
Cork City,Peter Horgan,09/02/2026,"a vote was called for on the approval of the proposed development at Anglesea Terrace, where there appeared as follows:-",for,text,resolved
Cork City,Shane O'Callaghan,09/02/2026,"a vote was called for on the approval of the proposed development at Anglesea Terrace, where there appeared as follows:-",for,text,resolved
Cork City,Seán Martin,09/02/2026,"a vote was called for on the approval of the proposed development at Anglesea Terrace, where there appeared as follows:-",for,text,resolved
Cork City,Fiona Kerins,09/02/2026,"a vote was called for on the approval of the proposed development at Anglesea Terrace, where there appeared as follows:-",for,text,resolved
Cork City,Paudie Dineen,09/02/2026,"a vote was called for on the approval of the proposed development at Anglesea Terrace, where there appeared as follows:-",for,text,resolved
Cork City,D. Boyle,09/02/2026,"a vote was called for on the approval of the proposed development at Anglesea Terrace, where there appeared as follows:-",for,text,printed_form
Cork City,N. O’Connor,09/02/2026,"a vote was called for on the approval of the proposed development at Anglesea Terrace, where there appeared as follows:-",for,text,printed_form
Cork City,Fergal Dennehy,09/02/2026,"a vote was called for on the approval of the proposed development at Anglesea Terrace, where there appeared as follows:-",for,text,resolved
Cork City,Colm Kelleher,09/02/2026,"a vote was called for on the approval of the proposed development at Anglesea Terrace, where there appeared as follows:-",for,text,resolved
Cork City,Joe Lynch,09/02/2026,"a vote was called for on the approval of the proposed development at Anglesea Terrace, where there appeared as follows:-",for,text,resolved
Cork City,Terry Coleman,09/02/2026,"a vote was called for on the approval of the proposed development at Anglesea Terrace, where there appeared as follows:-",for,text,resolved
Cork City,G. O’Brien,09/02/2026,"a vote was called for on the approval of the proposed development at Anglesea Terrace, where there appeared as follows:-",for,text,printed_form
Cork City,C. O’Connor,09/02/2026,"a vote was called for on the approval of the proposed development at Anglesea Terrace, where there appeared as follows:-",for,text,printed_form
Cork City,Albert Deasy,09/02/2026,"a vote was called for on the approval of the proposed development at Anglesea Terrace, where there appeared as follows:-",against,text,resolved
Cork City,John Maher,09/02/2026,"a vote was called for on the approval of the proposed development at Phase 1D East, where there appeared as follows:-",for,text,resolved
Cork City,Joe Kavanagh,09/02/2026,"a vote was called for on the approval of the proposed development at Phase 1D East, where there appeared as follows:-",for,text,resolved
Cork City,Margaret McDonnell,09/02/2026,"a vote was called for on the approval of the proposed development at Phase 1D East, where there appeared as follows:-",for,text,resolved
Cork City,O. Moran,09/02/2026,"a vote was called for on the approval of the proposed development at Phase 1D East, where there appeared as follows:-",for,text,printed_form
Cork City,N. O’Flynn,09/02/2026,"a vote was called for on the approval of the proposed development at Phase 1D East, where there appeared as follows:-",for,text,printed_form
Cork City,Tony Fitzgerald,09/02/2026,"a vote was called for on the approval of the proposed development at Phase 1D East, where there appeared as follows:-",for,text,resolved
Cork City,Damian Boylan,09/02/2026,"a vote was called for on the approval of the proposed development at Phase 1D East, where there appeared as follows:-",for,text,resolved
Cork City,John Sheehan,09/02/2026,"a vote was called for on the approval of the proposed development at Phase 1D East, where there appeared as follows:-",for,text,resolved
Cork City,Michelle Gould,09/02/2026,"a vote was called for on the approval of the proposed development at Phase 1D East, where there appeared as follows:-",for,text,resolved
Cork City,Kenneth Collins,09/02/2026,"a vote was called for on the approval of the proposed development at Phase 1D East, where there appeared as follows:-",for,text,resolved
Cork City,Brian McCarthy,09/02/2026,"a vote was called for on the approval of the proposed development at Phase 1D East, where there appeared as follows:-",for,text,resolved
Cork City,Terry Shannon,09/02/2026,"a vote was called for on the approval of the proposed development at Phase 1D East, where there appeared as follows:-",for,text,resolved
Cork City,Kieran McCarthy,09/02/2026,"a vote was called for on the approval of the proposed development at Phase 1D East, where there appeared as follows:-",for,text,resolved
Cork City,Mary Rose Desmond,09/02/2026,"a vote was called for on the approval of the proposed development at Phase 1D East, where there appeared as follows:-",for,text,resolved
Cork City,Des Cahill,09/02/2026,"a vote was called for on the approval of the proposed development at Phase 1D East, where there appeared as follows:-",for,text,resolved
Cork City,H. Kamegni,09/02/2026,"a vote was called for on the approval of the proposed development at Phase 1D East, where there appeared as follows:-",for,text,printed_form
Cork City,Peter Horgan,09/02/2026,"a vote was called for on the approval of the proposed development at Phase 1D East, where there appeared as follows:-",for,text,resolved
Cork City,Shane O'Callaghan,09/02/2026,"a vote was called for on the approval of the proposed development at Phase 1D East, where there appeared as follows:-",for,text,resolved
Cork City,Seán Martin,09/02/2026,"a vote was called for on the approval of the proposed development at Phase 1D East, where there appeared as follows:-",for,text,resolved
Cork City,Fiona Kerins,09/02/2026,"a vote was called for on the approval of the proposed development at Phase 1D East, where there appeared as follows:-",for,text,resolved
Cork City,Paudie Dineen,09/02/2026,"a vote was called for on the approval of the proposed development at Phase 1D East, where there appeared as follows:-",for,text,resolved
Cork City,D. Boyle,09/02/2026,"a vote was called for on the approval of the proposed development at Phase 1D East, where there appeared as follows:-",for,text,printed_form
Cork City,N. O’Connor,09/02/2026,"a vote was called for on the approval of the proposed development at Phase 1D East, where there appeared as follows:-",for,text,printed_form
Cork City,Fergal Dennehy,09/02/2026,"a vote was called for on the approval of the proposed development at Phase 1D East, where there appeared as follows:-",for,text,resolved
Cork City,Colm Kelleher,09/02/2026,"a vote was called for on the approval of the proposed development at Phase 1D East, where there appeared as follows:-",for,text,resolved
Cork City,Joe Lynch,09/02/2026,"a vote was called for on the approval of the proposed development at Phase 1D East, where there appeared as follows:-",for,text,resolved
Cork City,Terry Coleman,09/02/2026,"a vote was called for on the approval of the proposed development at Phase 1D East, where there appeared as follows:-",for,text,resolved
Cork City,G. O’Brien,09/02/2026,"a vote was called for on the approval of the proposed development at Phase 1D East, where there appeared as follows:-",for,text,printed_form
Cork City,C. O’Connor,09/02/2026,"a vote was called for on the approval of the proposed development at Phase 1D East, where there appeared as follows:-",for,text,printed_form
Cork City,Albert Deasy,09/02/2026,"a vote was called for on the approval of the proposed development at Phase 1D East, where there appeared as follows:-",abstain,text,resolved
Cork City,N. O’Flynn,09/02/2026,"‘That Cork City Council notes the contentious elements of the Knockpogue/Knockfree Avenues Active Travel Scheme and agrees to engage with residents to appoint an agreed, qualified and independent mediator.’",for,text,printed_form
Cork City,Michelle Gould,09/02/2026,"‘That Cork City Council notes the contentious elements of the Knockpogue/Knockfree Avenues Active Travel Scheme and agrees to engage with residents to appoint an agreed, qualified and independent mediator.’",for,text,resolved
Cork City,Kenneth Collins,09/02/2026,"‘That Cork City Council notes the contentious elements of the Knockpogue/Knockfree Avenues Active Travel Scheme and agrees to engage with residents to appoint an agreed, qualified and independent mediator.’",for,text,resolved
Cork City,Brian McCarthy,09/02/2026,"‘That Cork City Council notes the contentious elements of the Knockpogue/Knockfree Avenues Active Travel Scheme and agrees to engage with residents to appoint an agreed, qualified and independent mediator.’",for,text,resolved
Cork City,Fiona Kerins,09/02/2026,"‘That Cork City Council notes the contentious elements of the Knockpogue/Knockfree Avenues Active Travel Scheme and agrees to engage with residents to appoint an agreed, qualified and independent mediator.’",for,text,resolved
Cork City,Joe Lynch,09/02/2026,"‘That Cork City Council notes the contentious elements of the Knockpogue/Knockfree Avenues Active Travel Scheme and agrees to engage with residents to appoint an agreed, qualified and independent mediator.’",for,text,resolved
Cork City,Joe Kavanagh,09/02/2026,"‘That Cork City Council notes the contentious elements of the Knockpogue/Knockfree Avenues Active Travel Scheme and agrees to engage with residents to appoint an agreed, qualified and independent mediator.’",against,text,resolved
Cork City,Margaret McDonnell,09/02/2026,"‘That Cork City Council notes the contentious elements of the Knockpogue/Knockfree Avenues Active Travel Scheme and agrees to engage with residents to appoint an agreed, qualified and independent mediator.’",against,text,resolved
Cork City,Tony Fitzgerald,09/02/2026,"‘That Cork City Council notes the contentious elements of the Knockpogue/Knockfree Avenues Active Travel Scheme and agrees to engage with residents to appoint an agreed, qualified and independent mediator.’",against,text,resolved
Cork City,John Sheehan,09/02/2026,"‘That Cork City Council notes the contentious elements of the Knockpogue/Knockfree Avenues Active Travel Scheme and agrees to engage with residents to appoint an agreed, qualified and independent mediator.’",against,text,resolved
Cork City,Kieran McCarthy,09/02/2026,"‘That Cork City Council notes the contentious elements of the Knockpogue/Knockfree Avenues Active Travel Scheme and agrees to engage with residents to appoint an agreed, qualified and independent mediator.’",against,text,resolved
Cork City,Mary Rose Desmond,09/02/2026,"‘That Cork City Council notes the contentious elements of the Knockpogue/Knockfree Avenues Active Travel Scheme and agrees to engage with residents to appoint an agreed, qualified and independent mediator.’",against,text,resolved
Cork City,Shane O'Callaghan,09/02/2026,"‘That Cork City Council notes the contentious elements of the Knockpogue/Knockfree Avenues Active Travel Scheme and agrees to engage with residents to appoint an agreed, qualified and independent mediator.’",against,text,resolved
Cork City,Seán Martin,09/02/2026,"‘That Cork City Council notes the contentious elements of the Knockpogue/Knockfree Avenues Active Travel Scheme and agrees to engage with residents to appoint an agreed, qualified and independent mediator.’",against,text,resolved
Cork City,Paudie Dineen,09/02/2026,"‘That Cork City Council notes the contentious elements of the Knockpogue/Knockfree Avenues Active Travel Scheme and agrees to engage with residents to appoint an agreed, qualified and independent mediator.’",against,text,resolved
Cork City,D. Boyle,09/02/2026,"‘That Cork City Council notes the contentious elements of the Knockpogue/Knockfree Avenues Active Travel Scheme and agrees to engage with residents to appoint an agreed, qualified and independent mediator.’",against,text,printed_form
Cork City,Fergal Dennehy,09/02/2026,"‘That Cork City Council notes the contentious elements of the Knockpogue/Knockfree Avenues Active Travel Scheme and agrees to engage with residents to appoint an agreed, qualified and independent mediator.’",against,text,resolved
Cork City,Colm Kelleher,09/02/2026,"‘That Cork City Council notes the contentious elements of the Knockpogue/Knockfree Avenues Active Travel Scheme and agrees to engage with residents to appoint an agreed, qualified and independent mediator.’",against,text,resolved
Cork City,Terry Coleman,09/02/2026,"‘That Cork City Council notes the contentious elements of the Knockpogue/Knockfree Avenues Active Travel Scheme and agrees to engage with residents to appoint an agreed, qualified and independent mediator.’",against,text,resolved
Cork City,John Maher,09/02/2026,"‘That Cork City Council notes the contentious elements of the Knockpogue/Knockfree Avenues Active Travel Scheme and agrees to engage with residents to appoint an agreed, qualified and independent mediator.’",abstain,text,resolved
Cork City,O. Moran,09/02/2026,"‘That Cork City Council notes the contentious elements of the Knockpogue/Knockfree Avenues Active Travel Scheme and agrees to engage with residents to appoint an agreed, qualified and independent mediator.’",abstain,text,printed_form
Cork City,Damian Boylan,09/02/2026,"‘That Cork City Council notes the contentious elements of the Knockpogue/Knockfree Avenues Active Travel Scheme and agrees to engage with residents to appoint an agreed, qualified and independent mediator.’",abstain,text,resolved
Cork City,Peter Horgan,09/02/2026,"‘That Cork City Council notes the contentious elements of the Knockpogue/Knockfree Avenues Active Travel Scheme and agrees to engage with residents to appoint an agreed, qualified and independent mediator.’",abstain,text,resolved
Cork City,N. O’Connor,09/02/2026,"‘That Cork City Council notes the contentious elements of the Knockpogue/Knockfree Avenues Active Travel Scheme and agrees to engage with residents to appoint an agreed, qualified and independent mediator.’",abstain,text,printed_form
Cork City,Albert Deasy,09/02/2026,"‘That Cork City Council notes the contentious elements of the Knockpogue/Knockfree Avenues Active Travel Scheme and agrees to engage with residents to appoint an agreed, qualified and independent mediator.’",abstain,text,resolved
Cork City,G. O’Brien,09/02/2026,"‘That Cork City Council notes the contentious elements of the Knockpogue/Knockfree Avenues Active Travel Scheme and agrees to engage with residents to appoint an agreed, qualified and independent mediator.’",abstain,text,printed_form
Cork City,C. O’Connor,09/02/2026,"‘That Cork City Council notes the contentious elements of the Knockpogue/Knockfree Avenues Active Travel Scheme and agrees to engage with residents to appoint an agreed, qualified and independent mediator.’",abstain,text,printed_form
Cork City,N. O’Flynn,09/02/2026,a vote was called for on the approval of the motion where there appeared as follows:- (vote 1 of 2),for,text,printed_form
Cork City,Michelle Gould,09/02/2026,a vote was called for on the approval of the motion where there appeared as follows:- (vote 1 of 2),for,text,resolved
Cork City,Kenneth Collins,09/02/2026,a vote was called for on the approval of the motion where there appeared as follows:- (vote 1 of 2),for,text,resolved
Cork City,Brian McCarthy,09/02/2026,a vote was called for on the approval of the motion where there appeared as follows:- (vote 1 of 2),for,text,resolved
Cork City,Fiona Kerins,09/02/2026,a vote was called for on the approval of the motion where there appeared as follows:- (vote 1 of 2),for,text,resolved
Cork City,Joe Lynch,09/02/2026,a vote was called for on the approval of the motion where there appeared as follows:- (vote 1 of 2),for,text,resolved
Cork City,Albert Deasy,09/02/2026,a vote was called for on the approval of the motion where there appeared as follows:- (vote 1 of 2),for,text,resolved
Cork City,John Maher,09/02/2026,a vote was called for on the approval of the motion where there appeared as follows:- (vote 1 of 2),against,text,resolved
Cork City,Joe Kavanagh,09/02/2026,a vote was called for on the approval of the motion where there appeared as follows:- (vote 1 of 2),against,text,resolved
Cork City,Margaret McDonnell,09/02/2026,a vote was called for on the approval of the motion where there appeared as follows:- (vote 1 of 2),against,text,resolved
Cork City,O. Moran,09/02/2026,a vote was called for on the approval of the motion where there appeared as follows:- (vote 1 of 2),against,text,printed_form
Cork City,Tony Fitzgerald,09/02/2026,a vote was called for on the approval of the motion where there appeared as follows:- (vote 1 of 2),against,text,resolved
Cork City,Damian Boylan,09/02/2026,a vote was called for on the approval of the motion where there appeared as follows:- (vote 1 of 2),against,text,resolved
Cork City,John Sheehan,09/02/2026,a vote was called for on the approval of the motion where there appeared as follows:- (vote 1 of 2),against,text,resolved
Cork City,Kieran McCarthy,09/02/2026,a vote was called for on the approval of the motion where there appeared as follows:- (vote 1 of 2),against,text,resolved
Cork City,Mary Rose Desmond,09/02/2026,a vote was called for on the approval of the motion where there appeared as follows:- (vote 1 of 2),against,text,resolved
Cork City,Peter Horgan,09/02/2026,a vote was called for on the approval of the motion where there appeared as follows:- (vote 1 of 2),against,text,resolved
Cork City,Shane O'Callaghan,09/02/2026,a vote was called for on the approval of the motion where there appeared as follows:- (vote 1 of 2),against,text,resolved
Cork City,Seán Martin,09/02/2026,a vote was called for on the approval of the motion where there appeared as follows:- (vote 1 of 2),against,text,resolved
Cork City,D. Boyle,09/02/2026,a vote was called for on the approval of the motion where there appeared as follows:- (vote 1 of 2),against,text,printed_form
Cork City,Fergal Dennehy,09/02/2026,a vote was called for on the approval of the motion where there appeared as follows:- (vote 1 of 2),against,text,resolved
Cork City,Colm Kelleher,09/02/2026,a vote was called for on the approval of the motion where there appeared as follows:- (vote 1 of 2),against,text,resolved
Cork City,Terry Coleman,09/02/2026,a vote was called for on the approval of the motion where there appeared as follows:- (vote 1 of 2),against,text,resolved
Cork City,G. O’Brien,09/02/2026,a vote was called for on the approval of the motion where there appeared as follows:- (vote 1 of 2),against,text,printed_form
Cork City,C. O’Connor,09/02/2026,a vote was called for on the approval of the motion where there appeared as follows:- (vote 1 of 2),against,text,printed_form
Cork City,Paudie Dineen,09/02/2026,a vote was called for on the approval of the motion where there appeared as follows:- (vote 1 of 2),abstain,text,resolved
Cork City,N. O’Connor,09/02/2026,a vote was called for on the approval of the motion where there appeared as follows:- (vote 1 of 2),abstain,text,printed_form
Cork City,N. O’Flynn,09/02/2026,a vote was called for on the approval of the motion where there appeared as follows:- (vote 2 of 2),for,text,printed_form
Cork City,Michelle Gould,09/02/2026,a vote was called for on the approval of the motion where there appeared as follows:- (vote 2 of 2),for,text,resolved
Cork City,Kenneth Collins,09/02/2026,a vote was called for on the approval of the motion where there appeared as follows:- (vote 2 of 2),for,text,resolved
Cork City,Brian McCarthy,09/02/2026,a vote was called for on the approval of the motion where there appeared as follows:- (vote 2 of 2),for,text,resolved
Cork City,Fiona Kerins,09/02/2026,a vote was called for on the approval of the motion where there appeared as follows:- (vote 2 of 2),for,text,resolved
Cork City,Joe Lynch,09/02/2026,a vote was called for on the approval of the motion where there appeared as follows:- (vote 2 of 2),for,text,resolved
Cork City,Joe Kavanagh,09/02/2026,a vote was called for on the approval of the motion where there appeared as follows:- (vote 2 of 2),against,text,resolved
Cork City,Margaret McDonnell,09/02/2026,a vote was called for on the approval of the motion where there appeared as follows:- (vote 2 of 2),against,text,resolved
Cork City,Tony Fitzgerald,09/02/2026,a vote was called for on the approval of the motion where there appeared as follows:- (vote 2 of 2),against,text,resolved
Cork City,Damian Boylan,09/02/2026,a vote was called for on the approval of the motion where there appeared as follows:- (vote 2 of 2),against,text,resolved
Cork City,John Sheehan,09/02/2026,a vote was called for on the approval of the motion where there appeared as follows:- (vote 2 of 2),against,text,resolved
Cork City,Terry Shannon,09/02/2026,a vote was called for on the approval of the motion where there appeared as follows:- (vote 2 of 2),against,text,resolved
Cork City,Kieran McCarthy,09/02/2026,a vote was called for on the approval of the motion where there appeared as follows:- (vote 2 of 2),against,text,resolved
Cork City,Mary Rose Desmond,09/02/2026,a vote was called for on the approval of the motion where there appeared as follows:- (vote 2 of 2),against,text,resolved
Cork City,Peter Horgan,09/02/2026,a vote was called for on the approval of the motion where there appeared as follows:- (vote 2 of 2),against,text,resolved
Cork City,Shane O'Callaghan,09/02/2026,a vote was called for on the approval of the motion where there appeared as follows:- (vote 2 of 2),against,text,resolved
Cork City,Seán Martin,09/02/2026,a vote was called for on the approval of the motion where there appeared as follows:- (vote 2 of 2),against,text,resolved
Cork City,D. Boyle,09/02/2026,a vote was called for on the approval of the motion where there appeared as follows:- (vote 2 of 2),against,text,printed_form
Cork City,Fergal Dennehy,09/02/2026,a vote was called for on the approval of the motion where there appeared as follows:- (vote 2 of 2),against,text,resolved
Cork City,Colm Kelleher,09/02/2026,a vote was called for on the approval of the motion where there appeared as follows:- (vote 2 of 2),against,text,resolved
Cork City,Albert Deasy,09/02/2026,a vote was called for on the approval of the motion where there appeared as follows:- (vote 2 of 2),against,text,resolved
Cork City,G. O’Brien,09/02/2026,a vote was called for on the approval of the motion where there appeared as follows:- (vote 2 of 2),against,text,printed_form
Cork City,C. O’Connor,09/02/2026,a vote was called for on the approval of the motion where there appeared as follows:- (vote 2 of 2),against,text,printed_form
Cork City,John Maher,09/02/2026,a vote was called for on the approval of the motion where there appeared as follows:- (vote 2 of 2),abstain,text,resolved
Cork City,O. Moran,09/02/2026,a vote was called for on the approval of the motion where there appeared as follows:- (vote 2 of 2),abstain,text,printed_form
Cork City,Paudie Dineen,09/02/2026,a vote was called for on the approval of the motion where there appeared as follows:- (vote 2 of 2),abstain,text,resolved
Cork City,N. O’Connor,09/02/2026,a vote was called for on the approval of the motion where there appeared as follows:- (vote 2 of 2),abstain,text,printed_form
Cork City,John Maher,09/06/2025,"a vote was called for on the suspension of standing orders to discuss motion 57 on Appendix 1, Long-Term Vacancy of Council Homes, at the end of the meeting, where there appeared as follows:-",for,text,resolved
Cork City,Margaret McDonnell,09/06/2025,"a vote was called for on the suspension of standing orders to discuss motion 57 on Appendix 1, Long-Term Vacancy of Council Homes, at the end of the meeting, where there appeared as follows:-",for,text,resolved
Cork City,Ted Tynan,09/06/2025,"a vote was called for on the suspension of standing orders to discuss motion 57 on Appendix 1, Long-Term Vacancy of Council Homes, at the end of the meeting, where there appeared as follows:-",for,text,resolved
Cork City,O. Moran,09/06/2025,"a vote was called for on the suspension of standing orders to discuss motion 57 on Appendix 1, Long-Term Vacancy of Council Homes, at the end of the meeting, where there appeared as follows:-",for,text,printed_form
Cork City,Damian Boylan,09/06/2025,"a vote was called for on the suspension of standing orders to discuss motion 57 on Appendix 1, Long-Term Vacancy of Council Homes, at the end of the meeting, where there appeared as follows:-",for,text,resolved
Cork City,John Sheehan,09/06/2025,"a vote was called for on the suspension of standing orders to discuss motion 57 on Appendix 1, Long-Term Vacancy of Council Homes, at the end of the meeting, where there appeared as follows:-",for,text,resolved
Cork City,Michelle Gould,09/06/2025,"a vote was called for on the suspension of standing orders to discuss motion 57 on Appendix 1, Long-Term Vacancy of Council Homes, at the end of the meeting, where there appeared as follows:-",for,text,resolved
Cork City,Kenneth Collins,09/06/2025,"a vote was called for on the suspension of standing orders to discuss motion 57 on Appendix 1, Long-Term Vacancy of Council Homes, at the end of the meeting, where there appeared as follows:-",for,text,resolved
Cork City,Brian McCarthy,09/06/2025,"a vote was called for on the suspension of standing orders to discuss motion 57 on Appendix 1, Long-Term Vacancy of Council Homes, at the end of the meeting, where there appeared as follows:-",for,text,resolved
Cork City,Kieran McCarthy,09/06/2025,"a vote was called for on the suspension of standing orders to discuss motion 57 on Appendix 1, Long-Term Vacancy of Council Homes, at the end of the meeting, where there appeared as follows:-",for,text,resolved
Cork City,H. Kamegni,09/06/2025,"a vote was called for on the suspension of standing orders to discuss motion 57 on Appendix 1, Long-Term Vacancy of Council Homes, at the end of the meeting, where there appeared as follows:-",for,text,printed_form
Cork City,Peter Horgan,09/06/2025,"a vote was called for on the suspension of standing orders to discuss motion 57 on Appendix 1, Long-Term Vacancy of Council Homes, at the end of the meeting, where there appeared as follows:-",for,text,resolved
Cork City,Fiona Kerins,09/06/2025,"a vote was called for on the suspension of standing orders to discuss motion 57 on Appendix 1, Long-Term Vacancy of Council Homes, at the end of the meeting, where there appeared as follows:-",for,text,resolved
Cork City,Paudie Dineen,09/06/2025,"a vote was called for on the suspension of standing orders to discuss motion 57 on Appendix 1, Long-Term Vacancy of Council Homes, at the end of the meeting, where there appeared as follows:-",for,text,resolved
Cork City,N. O’Connor,09/06/2025,"a vote was called for on the suspension of standing orders to discuss motion 57 on Appendix 1, Long-Term Vacancy of Council Homes, at the end of the meeting, where there appeared as follows:-",for,text,printed_form
Cork City,Colm Kelleher,09/06/2025,"a vote was called for on the suspension of standing orders to discuss motion 57 on Appendix 1, Long-Term Vacancy of Council Homes, at the end of the meeting, where there appeared as follows:-",for,text,resolved
Cork City,Joe Lynch,09/06/2025,"a vote was called for on the suspension of standing orders to discuss motion 57 on Appendix 1, Long-Term Vacancy of Council Homes, at the end of the meeting, where there appeared as follows:-",for,text,resolved
Cork City,Terry Coleman,09/06/2025,"a vote was called for on the suspension of standing orders to discuss motion 57 on Appendix 1, Long-Term Vacancy of Council Homes, at the end of the meeting, where there appeared as follows:-",for,text,resolved
Cork City,G. O’Brien,09/06/2025,"a vote was called for on the suspension of standing orders to discuss motion 57 on Appendix 1, Long-Term Vacancy of Council Homes, at the end of the meeting, where there appeared as follows:-",for,text,printed_form
Cork City,C. O’Connor,09/06/2025,"a vote was called for on the suspension of standing orders to discuss motion 57 on Appendix 1, Long-Term Vacancy of Council Homes, at the end of the meeting, where there appeared as follows:-",for,text,printed_form
Cork City,Joe Kavanagh,09/06/2025,"a vote was called for on the suspension of standing orders to discuss motion 57 on Appendix 1, Long-Term Vacancy of Council Homes, at the end of the meeting, where there appeared as follows:-",against,text,resolved
Cork City,N. O’Flynn,09/06/2025,"a vote was called for on the suspension of standing orders to discuss motion 57 on Appendix 1, Long-Term Vacancy of Council Homes, at the end of the meeting, where there appeared as follows:-",against,text,printed_form
Cork City,Tony Fitzgerald,09/06/2025,"a vote was called for on the suspension of standing orders to discuss motion 57 on Appendix 1, Long-Term Vacancy of Council Homes, at the end of the meeting, where there appeared as follows:-",against,text,resolved
Cork City,Mary Rose Desmond,09/06/2025,"a vote was called for on the suspension of standing orders to discuss motion 57 on Appendix 1, Long-Term Vacancy of Council Homes, at the end of the meeting, where there appeared as follows:-",against,text,resolved
Cork City,Des Cahill,09/06/2025,"a vote was called for on the suspension of standing orders to discuss motion 57 on Appendix 1, Long-Term Vacancy of Council Homes, at the end of the meeting, where there appeared as follows:-",against,text,resolved
Cork City,Seán Martin,09/06/2025,"a vote was called for on the suspension of standing orders to discuss motion 57 on Appendix 1, Long-Term Vacancy of Council Homes, at the end of the meeting, where there appeared as follows:-",against,text,resolved
Cork City,D. Boyle,09/06/2025,"a vote was called for on the suspension of standing orders to discuss motion 57 on Appendix 1, Long-Term Vacancy of Council Homes, at the end of the meeting, where there appeared as follows:-",against,text,printed_form
Cork City,Fergal Dennehy,09/06/2025,"a vote was called for on the suspension of standing orders to discuss motion 57 on Appendix 1, Long-Term Vacancy of Council Homes, at the end of the meeting, where there appeared as follows:-",against,text,resolved
Cork City,Albert Deasy,09/06/2025,"a vote was called for on the suspension of standing orders to discuss motion 57 on Appendix 1, Long-Term Vacancy of Council Homes, at the end of the meeting, where there appeared as follows:-",against,text,resolved
Cork City,John Maher,09/06/2025,"a vote was called for on the suspension of standing orders to discuss motion 47 on Appendix 1, Derelict Buildings on North Main Street, at the end of the meeting, where there appeared as follows:-",for,text,resolved
Cork City,Ted Tynan,09/06/2025,"a vote was called for on the suspension of standing orders to discuss motion 47 on Appendix 1, Derelict Buildings on North Main Street, at the end of the meeting, where there appeared as follows:-",for,text,resolved
Cork City,O. Moran,09/06/2025,"a vote was called for on the suspension of standing orders to discuss motion 47 on Appendix 1, Derelict Buildings on North Main Street, at the end of the meeting, where there appeared as follows:-",for,text,printed_form
Cork City,Michelle Gould,09/06/2025,"a vote was called for on the suspension of standing orders to discuss motion 47 on Appendix 1, Derelict Buildings on North Main Street, at the end of the meeting, where there appeared as follows:-",for,text,resolved
Cork City,Kenneth Collins,09/06/2025,"a vote was called for on the suspension of standing orders to discuss motion 47 on Appendix 1, Derelict Buildings on North Main Street, at the end of the meeting, where there appeared as follows:-",for,text,resolved
Cork City,Brian McCarthy,09/06/2025,"a vote was called for on the suspension of standing orders to discuss motion 47 on Appendix 1, Derelict Buildings on North Main Street, at the end of the meeting, where there appeared as follows:-",for,text,resolved
Cork City,Kieran McCarthy,09/06/2025,"a vote was called for on the suspension of standing orders to discuss motion 47 on Appendix 1, Derelict Buildings on North Main Street, at the end of the meeting, where there appeared as follows:-",for,text,resolved
Cork City,Des Cahill,09/06/2025,"a vote was called for on the suspension of standing orders to discuss motion 47 on Appendix 1, Derelict Buildings on North Main Street, at the end of the meeting, where there appeared as follows:-",for,text,resolved
Cork City,H. Kamegni,09/06/2025,"a vote was called for on the suspension of standing orders to discuss motion 47 on Appendix 1, Derelict Buildings on North Main Street, at the end of the meeting, where there appeared as follows:-",for,text,printed_form
Cork City,Peter Horgan,09/06/2025,"a vote was called for on the suspension of standing orders to discuss motion 47 on Appendix 1, Derelict Buildings on North Main Street, at the end of the meeting, where there appeared as follows:-",for,text,resolved
Cork City,Fiona Kerins,09/06/2025,"a vote was called for on the suspension of standing orders to discuss motion 47 on Appendix 1, Derelict Buildings on North Main Street, at the end of the meeting, where there appeared as follows:-",for,text,resolved
Cork City,N. O’Connor,09/06/2025,"a vote was called for on the suspension of standing orders to discuss motion 47 on Appendix 1, Derelict Buildings on North Main Street, at the end of the meeting, where there appeared as follows:-",for,text,printed_form
Cork City,Joe Lynch,09/06/2025,"a vote was called for on the suspension of standing orders to discuss motion 47 on Appendix 1, Derelict Buildings on North Main Street, at the end of the meeting, where there appeared as follows:-",for,text,resolved
Cork City,G. O’Brien,09/06/2025,"a vote was called for on the suspension of standing orders to discuss motion 47 on Appendix 1, Derelict Buildings on North Main Street, at the end of the meeting, where there appeared as follows:-",for,text,printed_form
Cork City,C. O’Connor,09/06/2025,"a vote was called for on the suspension of standing orders to discuss motion 47 on Appendix 1, Derelict Buildings on North Main Street, at the end of the meeting, where there appeared as follows:-",for,text,printed_form
Cork City,Joe Kavanagh,09/06/2025,"a vote was called for on the suspension of standing orders to discuss motion 47 on Appendix 1, Derelict Buildings on North Main Street, at the end of the meeting, where there appeared as follows:-",against,text,resolved
Cork City,Margaret McDonnell,09/06/2025,"a vote was called for on the suspension of standing orders to discuss motion 47 on Appendix 1, Derelict Buildings on North Main Street, at the end of the meeting, where there appeared as follows:-",against,text,resolved
Cork City,N. O’Flynn,09/06/2025,"a vote was called for on the suspension of standing orders to discuss motion 47 on Appendix 1, Derelict Buildings on North Main Street, at the end of the meeting, where there appeared as follows:-",against,text,printed_form
Cork City,Tony Fitzgerald,09/06/2025,"a vote was called for on the suspension of standing orders to discuss motion 47 on Appendix 1, Derelict Buildings on North Main Street, at the end of the meeting, where there appeared as follows:-",against,text,resolved
Cork City,Damian Boylan,09/06/2025,"a vote was called for on the suspension of standing orders to discuss motion 47 on Appendix 1, Derelict Buildings on North Main Street, at the end of the meeting, where there appeared as follows:-",against,text,resolved
Cork City,John Sheehan,09/06/2025,"a vote was called for on the suspension of standing orders to discuss motion 47 on Appendix 1, Derelict Buildings on North Main Street, at the end of the meeting, where there appeared as follows:-",against,text,resolved
Cork City,Mary Rose Desmond,09/06/2025,"a vote was called for on the suspension of standing orders to discuss motion 47 on Appendix 1, Derelict Buildings on North Main Street, at the end of the meeting, where there appeared as follows:-",against,text,resolved
Cork City,Seán Martin,09/06/2025,"a vote was called for on the suspension of standing orders to discuss motion 47 on Appendix 1, Derelict Buildings on North Main Street, at the end of the meeting, where there appeared as follows:-",against,text,resolved
Cork City,Paudie Dineen,09/06/2025,"a vote was called for on the suspension of standing orders to discuss motion 47 on Appendix 1, Derelict Buildings on North Main Street, at the end of the meeting, where there appeared as follows:-",against,text,resolved
Cork City,D. Boyle,09/06/2025,"a vote was called for on the suspension of standing orders to discuss motion 47 on Appendix 1, Derelict Buildings on North Main Street, at the end of the meeting, where there appeared as follows:-",against,text,printed_form
Cork City,Fergal Dennehy,09/06/2025,"a vote was called for on the suspension of standing orders to discuss motion 47 on Appendix 1, Derelict Buildings on North Main Street, at the end of the meeting, where there appeared as follows:-",against,text,resolved
Cork City,Colm Kelleher,09/06/2025,"a vote was called for on the suspension of standing orders to discuss motion 47 on Appendix 1, Derelict Buildings on North Main Street, at the end of the meeting, where there appeared as follows:-",against,text,resolved
Cork City,Albert Deasy,09/06/2025,"a vote was called for on the suspension of standing orders to discuss motion 47 on Appendix 1, Derelict Buildings on North Main Street, at the end of the meeting, where there appeared as follows:-",against,text,resolved
Cork City,Terry Coleman,09/06/2025,"a vote was called for on the suspension of standing orders to discuss motion 47 on Appendix 1, Derelict Buildings on North Main Street, at the end of the meeting, where there appeared as follows:-",against,text,resolved
Cork City,John Maher,09/06/2025,"a vote was called for on the approval of the proposed residential development at Innishmore, where there appeared as follows:-",for,text,resolved
Cork City,Joe Kavanagh,09/06/2025,"a vote was called for on the approval of the proposed residential development at Innishmore, where there appeared as follows:-",for,text,resolved
Cork City,Margaret McDonnell,09/06/2025,"a vote was called for on the approval of the proposed residential development at Innishmore, where there appeared as follows:-",for,text,resolved
Cork City,Ted Tynan,09/06/2025,"a vote was called for on the approval of the proposed residential development at Innishmore, where there appeared as follows:-",for,text,resolved
Cork City,O. Moran,09/06/2025,"a vote was called for on the approval of the proposed residential development at Innishmore, where there appeared as follows:-",for,text,printed_form
Cork City,Tony Fitzgerald,09/06/2025,"a vote was called for on the approval of the proposed residential development at Innishmore, where there appeared as follows:-",for,text,resolved
Cork City,Damian Boylan,09/06/2025,"a vote was called for on the approval of the proposed residential development at Innishmore, where there appeared as follows:-",for,text,resolved
Cork City,John Sheehan,09/06/2025,"a vote was called for on the approval of the proposed residential development at Innishmore, where there appeared as follows:-",for,text,resolved
Cork City,Michelle Gould,09/06/2025,"a vote was called for on the approval of the proposed residential development at Innishmore, where there appeared as follows:-",for,text,resolved
Cork City,Kenneth Collins,09/06/2025,"a vote was called for on the approval of the proposed residential development at Innishmore, where there appeared as follows:-",for,text,resolved
Cork City,Brian McCarthy,09/06/2025,"a vote was called for on the approval of the proposed residential development at Innishmore, where there appeared as follows:-",for,text,resolved
Cork City,Des Cahill,09/06/2025,"a vote was called for on the approval of the proposed residential development at Innishmore, where there appeared as follows:-",for,text,resolved
Cork City,H. Kamegni,09/06/2025,"a vote was called for on the approval of the proposed residential development at Innishmore, where there appeared as follows:-",for,text,printed_form
Cork City,Peter Horgan,09/06/2025,"a vote was called for on the approval of the proposed residential development at Innishmore, where there appeared as follows:-",for,text,resolved
Cork City,Seán Martin,09/06/2025,"a vote was called for on the approval of the proposed residential development at Innishmore, where there appeared as follows:-",for,text,resolved
Cork City,Fiona Kerins,09/06/2025,"a vote was called for on the approval of the proposed residential development at Innishmore, where there appeared as follows:-",for,text,resolved
Cork City,Paudie Dineen,09/06/2025,"a vote was called for on the approval of the proposed residential development at Innishmore, where there appeared as follows:-",for,text,resolved
Cork City,D. Boyle,09/06/2025,"a vote was called for on the approval of the proposed residential development at Innishmore, where there appeared as follows:-",for,text,printed_form
Cork City,N. O’Connor,09/06/2025,"a vote was called for on the approval of the proposed residential development at Innishmore, where there appeared as follows:-",for,text,printed_form
Cork City,Fergal Dennehy,09/06/2025,"a vote was called for on the approval of the proposed residential development at Innishmore, where there appeared as follows:-",for,text,resolved
Cork City,Colm Kelleher,09/06/2025,"a vote was called for on the approval of the proposed residential development at Innishmore, where there appeared as follows:-",for,text,resolved
Cork City,Joe Lynch,09/06/2025,"a vote was called for on the approval of the proposed residential development at Innishmore, where there appeared as follows:-",for,text,resolved
Cork City,Terry Coleman,09/06/2025,"a vote was called for on the approval of the proposed residential development at Innishmore, where there appeared as follows:-",for,text,resolved
Cork City,G. O’Brien,09/06/2025,"a vote was called for on the approval of the proposed residential development at Innishmore, where there appeared as follows:-",for,text,printed_form
Cork City,C. O’Connor,09/06/2025,"a vote was called for on the approval of the proposed residential development at Innishmore, where there appeared as follows:-",for,text,printed_form
Cork City,N. O’Flynn,09/06/2025,"a vote was called for on the approval of the proposed residential development at Innishmore, where there appeared as follows:-",against,text,printed_form
Cork City,Kieran McCarthy,09/06/2025,"a vote was called for on the approval of the proposed residential development at Innishmore, where there appeared as follows:-",against,text,resolved
Cork City,Albert Deasy,09/06/2025,"a vote was called for on the approval of the proposed residential development at Innishmore, where there appeared as follows:-",against,text,resolved
Cork City,John Maher,09/06/2025,"a vote was called for on the approval of the proposed residential development of Clanrickarde Lodges at Boreenmanna Road, where there appeared as follows:-",for,text,resolved
Cork City,Margaret McDonnell,09/06/2025,"a vote was called for on the approval of the proposed residential development of Clanrickarde Lodges at Boreenmanna Road, where there appeared as follows:-",for,text,resolved
Cork City,Ted Tynan,09/06/2025,"a vote was called for on the approval of the proposed residential development of Clanrickarde Lodges at Boreenmanna Road, where there appeared as follows:-",for,text,resolved
Cork City,O. Moran,09/06/2025,"a vote was called for on the approval of the proposed residential development of Clanrickarde Lodges at Boreenmanna Road, where there appeared as follows:-",for,text,printed_form
Cork City,N. O’Flynn,09/06/2025,"a vote was called for on the approval of the proposed residential development of Clanrickarde Lodges at Boreenmanna Road, where there appeared as follows:-",for,text,printed_form
Cork City,Tony Fitzgerald,09/06/2025,"a vote was called for on the approval of the proposed residential development of Clanrickarde Lodges at Boreenmanna Road, where there appeared as follows:-",for,text,resolved
Cork City,John Sheehan,09/06/2025,"a vote was called for on the approval of the proposed residential development of Clanrickarde Lodges at Boreenmanna Road, where there appeared as follows:-",for,text,resolved
Cork City,Michelle Gould,09/06/2025,"a vote was called for on the approval of the proposed residential development of Clanrickarde Lodges at Boreenmanna Road, where there appeared as follows:-",for,text,resolved
Cork City,Kenneth Collins,09/06/2025,"a vote was called for on the approval of the proposed residential development of Clanrickarde Lodges at Boreenmanna Road, where there appeared as follows:-",for,text,resolved
Cork City,Brian McCarthy,09/06/2025,"a vote was called for on the approval of the proposed residential development of Clanrickarde Lodges at Boreenmanna Road, where there appeared as follows:-",for,text,resolved
Cork City,Mary Rose Desmond,09/06/2025,"a vote was called for on the approval of the proposed residential development of Clanrickarde Lodges at Boreenmanna Road, where there appeared as follows:-",for,text,resolved
Cork City,Peter Horgan,09/06/2025,"a vote was called for on the approval of the proposed residential development of Clanrickarde Lodges at Boreenmanna Road, where there appeared as follows:-",for,text,resolved
Cork City,Seán Martin,09/06/2025,"a vote was called for on the approval of the proposed residential development of Clanrickarde Lodges at Boreenmanna Road, where there appeared as follows:-",for,text,resolved
Cork City,Fiona Kerins,09/06/2025,"a vote was called for on the approval of the proposed residential development of Clanrickarde Lodges at Boreenmanna Road, where there appeared as follows:-",for,text,resolved
Cork City,Paudie Dineen,09/06/2025,"a vote was called for on the approval of the proposed residential development of Clanrickarde Lodges at Boreenmanna Road, where there appeared as follows:-",for,text,resolved
Cork City,D. Boyle,09/06/2025,"a vote was called for on the approval of the proposed residential development of Clanrickarde Lodges at Boreenmanna Road, where there appeared as follows:-",for,text,printed_form
Cork City,N. O’Connor,09/06/2025,"a vote was called for on the approval of the proposed residential development of Clanrickarde Lodges at Boreenmanna Road, where there appeared as follows:-",for,text,printed_form
Cork City,Fergal Dennehy,09/06/2025,"a vote was called for on the approval of the proposed residential development of Clanrickarde Lodges at Boreenmanna Road, where there appeared as follows:-",for,text,resolved
Cork City,Colm Kelleher,09/06/2025,"a vote was called for on the approval of the proposed residential development of Clanrickarde Lodges at Boreenmanna Road, where there appeared as follows:-",for,text,resolved
Cork City,Joe Lynch,09/06/2025,"a vote was called for on the approval of the proposed residential development of Clanrickarde Lodges at Boreenmanna Road, where there appeared as follows:-",for,text,resolved
Cork City,Terry Coleman,09/06/2025,"a vote was called for on the approval of the proposed residential development of Clanrickarde Lodges at Boreenmanna Road, where there appeared as follows:-",for,text,resolved
Cork City,C. O’Connor,09/06/2025,"a vote was called for on the approval of the proposed residential development of Clanrickarde Lodges at Boreenmanna Road, where there appeared as follows:-",for,text,printed_form
Cork City,Joe Kavanagh,09/06/2025,"a vote was called for on the approval of the proposed residential development of Clanrickarde Lodges at Boreenmanna Road, where there appeared as follows:-",against,text,resolved
Cork City,Damian Boylan,09/06/2025,"a vote was called for on the approval of the proposed residential development of Clanrickarde Lodges at Boreenmanna Road, where there appeared as follows:-",against,text,resolved
Cork City,Kieran McCarthy,09/06/2025,"a vote was called for on the approval of the proposed residential development of Clanrickarde Lodges at Boreenmanna Road, where there appeared as follows:-",against,text,resolved
Cork City,Des Cahill,09/06/2025,"a vote was called for on the approval of the proposed residential development of Clanrickarde Lodges at Boreenmanna Road, where there appeared as follows:-",against,text,resolved
Cork City,H. Kamegni,09/06/2025,"a vote was called for on the approval of the proposed residential development of Clanrickarde Lodges at Boreenmanna Road, where there appeared as follows:-",against,text,printed_form
Cork City,Albert Deasy,09/06/2025,"a vote was called for on the approval of the proposed residential development of Clanrickarde Lodges at Boreenmanna Road, where there appeared as follows:-",against,text,resolved
Cork City,G. O’Brien,09/06/2025,"a vote was called for on the approval of the proposed residential development of Clanrickarde Lodges at Boreenmanna Road, where there appeared as follows:-",against,text,printed_form
Cork City,John Maher,09/06/2025,a vote was called for to provide for meetings of Strategic Policy Committees without external representatives present to discuss certain items e,for,text,resolved
Cork City,Ted Tynan,09/06/2025,a vote was called for to provide for meetings of Strategic Policy Committees without external representatives present to discuss certain items e,for,text,resolved
Cork City,O. Moran,09/06/2025,a vote was called for to provide for meetings of Strategic Policy Committees without external representatives present to discuss certain items e,for,text,printed_form
Cork City,N. O’Flynn,09/06/2025,a vote was called for to provide for meetings of Strategic Policy Committees without external representatives present to discuss certain items e,for,text,printed_form
Cork City,Michelle Gould,09/06/2025,a vote was called for to provide for meetings of Strategic Policy Committees without external representatives present to discuss certain items e,for,text,resolved
Cork City,Kenneth Collins,09/06/2025,a vote was called for to provide for meetings of Strategic Policy Committees without external representatives present to discuss certain items e,for,text,resolved
Cork City,Brian McCarthy,09/06/2025,a vote was called for to provide for meetings of Strategic Policy Committees without external representatives present to discuss certain items e,for,text,resolved
Cork City,Kieran McCarthy,09/06/2025,a vote was called for to provide for meetings of Strategic Policy Committees without external representatives present to discuss certain items e,for,text,resolved
Cork City,H. Kamegni,09/06/2025,a vote was called for to provide for meetings of Strategic Policy Committees without external representatives present to discuss certain items e,for,text,printed_form
Cork City,Peter Horgan,09/06/2025,a vote was called for to provide for meetings of Strategic Policy Committees without external representatives present to discuss certain items e,for,text,resolved
Cork City,Fiona Kerins,09/06/2025,a vote was called for to provide for meetings of Strategic Policy Committees without external representatives present to discuss certain items e,for,text,resolved
Cork City,Paudie Dineen,09/06/2025,a vote was called for to provide for meetings of Strategic Policy Committees without external representatives present to discuss certain items e,for,text,resolved
Cork City,D. Boyle,09/06/2025,a vote was called for to provide for meetings of Strategic Policy Committees without external representatives present to discuss certain items e,for,text,printed_form
Cork City,N. O’Connor,09/06/2025,a vote was called for to provide for meetings of Strategic Policy Committees without external representatives present to discuss certain items e,for,text,printed_form
Cork City,Joe Lynch,09/06/2025,a vote was called for to provide for meetings of Strategic Policy Committees without external representatives present to discuss certain items e,for,text,resolved
Cork City,Albert Deasy,09/06/2025,a vote was called for to provide for meetings of Strategic Policy Committees without external representatives present to discuss certain items e,for,text,resolved
Cork City,C. O’Connor,09/06/2025,a vote was called for to provide for meetings of Strategic Policy Committees without external representatives present to discuss certain items e,for,text,printed_form
Cork City,Joe Kavanagh,09/06/2025,a vote was called for to provide for meetings of Strategic Policy Committees without external representatives present to discuss certain items e,against,text,resolved
Cork City,Margaret McDonnell,09/06/2025,a vote was called for to provide for meetings of Strategic Policy Committees without external representatives present to discuss certain items e,against,text,resolved
Cork City,Tony Fitzgerald,09/06/2025,a vote was called for to provide for meetings of Strategic Policy Committees without external representatives present to discuss certain items e,against,text,resolved
Cork City,Damian Boylan,09/06/2025,a vote was called for to provide for meetings of Strategic Policy Committees without external representatives present to discuss certain items e,against,text,resolved
Cork City,John Sheehan,09/06/2025,a vote was called for to provide for meetings of Strategic Policy Committees without external representatives present to discuss certain items e,against,text,resolved
Cork City,Mary Rose Desmond,09/06/2025,a vote was called for to provide for meetings of Strategic Policy Committees without external representatives present to discuss certain items e,against,text,resolved
Cork City,Des Cahill,09/06/2025,a vote was called for to provide for meetings of Strategic Policy Committees without external representatives present to discuss certain items e,against,text,resolved
Cork City,Seán Martin,09/06/2025,a vote was called for to provide for meetings of Strategic Policy Committees without external representatives present to discuss certain items e,against,text,resolved
Cork City,Fergal Dennehy,09/06/2025,a vote was called for to provide for meetings of Strategic Policy Committees without external representatives present to discuss certain items e,against,text,resolved
Cork City,Colm Kelleher,09/06/2025,a vote was called for to provide for meetings of Strategic Policy Committees without external representatives present to discuss certain items e,against,text,resolved
Cork City,Terry Coleman,09/06/2025,a vote was called for to provide for meetings of Strategic Policy Committees without external representatives present to discuss certain items e,against,text,resolved
Cork City,G. O’Brien,09/06/2025,a vote was called for to provide for meetings of Strategic Policy Committees without external representatives present to discuss certain items e,against,text,printed_form
Cork City,John Maher,09/06/2025,a vote was called for on the holding of Ordinary Meetings at the earlier time of 5,for,text,resolved
Cork City,Joe Kavanagh,09/06/2025,a vote was called for on the holding of Ordinary Meetings at the earlier time of 5,for,text,resolved
Cork City,Margaret McDonnell,09/06/2025,a vote was called for on the holding of Ordinary Meetings at the earlier time of 5,for,text,resolved
Cork City,O. Moran,09/06/2025,a vote was called for on the holding of Ordinary Meetings at the earlier time of 5,for,text,printed_form
Cork City,N. O’Flynn,09/06/2025,a vote was called for on the holding of Ordinary Meetings at the earlier time of 5,for,text,printed_form
Cork City,Tony Fitzgerald,09/06/2025,a vote was called for on the holding of Ordinary Meetings at the earlier time of 5,for,text,resolved
Cork City,Damian Boylan,09/06/2025,a vote was called for on the holding of Ordinary Meetings at the earlier time of 5,for,text,resolved
Cork City,John Sheehan,09/06/2025,a vote was called for on the holding of Ordinary Meetings at the earlier time of 5,for,text,resolved
Cork City,Mary Rose Desmond,09/06/2025,a vote was called for on the holding of Ordinary Meetings at the earlier time of 5,for,text,resolved
Cork City,Des Cahill,09/06/2025,a vote was called for on the holding of Ordinary Meetings at the earlier time of 5,for,text,resolved
Cork City,H. Kamegni,09/06/2025,a vote was called for on the holding of Ordinary Meetings at the earlier time of 5,for,text,printed_form
Cork City,Peter Horgan,09/06/2025,a vote was called for on the holding of Ordinary Meetings at the earlier time of 5,for,text,resolved
Cork City,Seán Martin,09/06/2025,a vote was called for on the holding of Ordinary Meetings at the earlier time of 5,for,text,resolved
Cork City,Paudie Dineen,09/06/2025,a vote was called for on the holding of Ordinary Meetings at the earlier time of 5,for,text,resolved
Cork City,D. Boyle,09/06/2025,a vote was called for on the holding of Ordinary Meetings at the earlier time of 5,for,text,printed_form
Cork City,Fergal Dennehy,09/06/2025,a vote was called for on the holding of Ordinary Meetings at the earlier time of 5,for,text,resolved
Cork City,Colm Kelleher,09/06/2025,a vote was called for on the holding of Ordinary Meetings at the earlier time of 5,for,text,resolved
Cork City,Albert Deasy,09/06/2025,a vote was called for on the holding of Ordinary Meetings at the earlier time of 5,for,text,resolved
Cork City,Terry Coleman,09/06/2025,a vote was called for on the holding of Ordinary Meetings at the earlier time of 5,for,text,resolved
Cork City,G. O’Brien,09/06/2025,a vote was called for on the holding of Ordinary Meetings at the earlier time of 5,for,text,printed_form
Cork City,C. O’Connor,09/06/2025,a vote was called for on the holding of Ordinary Meetings at the earlier time of 5,for,text,printed_form
Cork City,Ted Tynan,09/06/2025,a vote was called for on the holding of Ordinary Meetings at the earlier time of 5,against,text,resolved
Cork City,Michelle Gould,09/06/2025,a vote was called for on the holding of Ordinary Meetings at the earlier time of 5,against,text,resolved
Cork City,Kenneth Collins,09/06/2025,a vote was called for on the holding of Ordinary Meetings at the earlier time of 5,against,text,resolved
Cork City,Brian McCarthy,09/06/2025,a vote was called for on the holding of Ordinary Meetings at the earlier time of 5,against,text,resolved
Cork City,Kieran McCarthy,09/06/2025,a vote was called for on the holding of Ordinary Meetings at the earlier time of 5,against,text,resolved
Cork City,Fiona Kerins,09/06/2025,a vote was called for on the holding of Ordinary Meetings at the earlier time of 5,against,text,resolved
Cork City,N. O’Connor,09/06/2025,a vote was called for on the holding of Ordinary Meetings at the earlier time of 5,against,text,printed_form
Cork City,Joe Lynch,09/06/2025,a vote was called for on the holding of Ordinary Meetings at the earlier time of 5,against,text,resolved
Cork City,Joe Kavanagh,09/06/2025,a vote was called for on the approval of the report of the Director of Services where there appeared as follows:-,for,text,resolved
Cork City,Margaret McDonnell,09/06/2025,a vote was called for on the approval of the report of the Director of Services where there appeared as follows:-,for,text,resolved
Cork City,Tony Fitzgerald,09/06/2025,a vote was called for on the approval of the report of the Director of Services where there appeared as follows:-,for,text,resolved
Cork City,Damian Boylan,09/06/2025,a vote was called for on the approval of the report of the Director of Services where there appeared as follows:-,for,text,resolved
Cork City,Michelle Gould,09/06/2025,a vote was called for on the approval of the report of the Director of Services where there appeared as follows:-,for,text,resolved
Cork City,Kenneth Collins,09/06/2025,a vote was called for on the approval of the report of the Director of Services where there appeared as follows:-,for,text,resolved
Cork City,Des Cahill,09/06/2025,a vote was called for on the approval of the report of the Director of Services where there appeared as follows:-,for,text,resolved
Cork City,Seán Martin,09/06/2025,a vote was called for on the approval of the report of the Director of Services where there appeared as follows:-,for,text,resolved
Cork City,Fiona Kerins,09/06/2025,a vote was called for on the approval of the report of the Director of Services where there appeared as follows:-,for,text,resolved
Cork City,Paudie Dineen,09/06/2025,a vote was called for on the approval of the report of the Director of Services where there appeared as follows:-,for,text,resolved
Cork City,Fergal Dennehy,09/06/2025,a vote was called for on the approval of the report of the Director of Services where there appeared as follows:-,for,text,resolved
Cork City,Colm Kelleher,09/06/2025,a vote was called for on the approval of the report of the Director of Services where there appeared as follows:-,for,text,resolved
Cork City,Joe Lynch,09/06/2025,a vote was called for on the approval of the report of the Director of Services where there appeared as follows:-,for,text,resolved
Cork City,Albert Deasy,09/06/2025,a vote was called for on the approval of the report of the Director of Services where there appeared as follows:-,for,text,resolved
Cork City,G. O’Brien,09/06/2025,a vote was called for on the approval of the report of the Director of Services where there appeared as follows:-,for,text,printed_form
Cork City,John Maher,09/06/2025,a vote was called for on the approval of the report of the Director of Services where there appeared as follows:-,against,text,resolved
Cork City,Ted Tynan,09/06/2025,a vote was called for on the approval of the report of the Director of Services where there appeared as follows:-,against,text,resolved
Cork City,O. Moran,09/06/2025,a vote was called for on the approval of the report of the Director of Services where there appeared as follows:-,against,text,printed_form
Cork City,Brian McCarthy,09/06/2025,a vote was called for on the approval of the report of the Director of Services where there appeared as follows:-,against,text,resolved
Cork City,H. Kamegni,09/06/2025,a vote was called for on the approval of the report of the Director of Services where there appeared as follows:-,against,text,printed_form
Cork City,Peter Horgan,09/06/2025,a vote was called for on the approval of the report of the Director of Services where there appeared as follows:-,against,text,resolved
Cork City,N. O’Connor,09/06/2025,a vote was called for on the approval of the report of the Director of Services where there appeared as follows:-,against,text,printed_form
Cork City,C. O’Connor,09/06/2025,a vote was called for on the approval of the report of the Director of Services where there appeared as follows:-,against,text,printed_form
Cork City,D. Boyle,09/06/2025,a vote was called for on the approval of the report of the Director of Services where there appeared as follows:-,abstain,text,printed_form
Cork City,John Maher,09/06/2025,a vote was called for on the approval of the motion where there appeared as follows:-,for,text,resolved
Cork City,Margaret McDonnell,09/06/2025,a vote was called for on the approval of the motion where there appeared as follows:-,for,text,resolved
Cork City,Ted Tynan,09/06/2025,a vote was called for on the approval of the motion where there appeared as follows:-,for,text,resolved
Cork City,O. Moran,09/06/2025,a vote was called for on the approval of the motion where there appeared as follows:-,for,text,printed_form
Cork City,Tony Fitzgerald,09/06/2025,a vote was called for on the approval of the motion where there appeared as follows:-,for,text,resolved
Cork City,Damian Boylan,09/06/2025,a vote was called for on the approval of the motion where there appeared as follows:-,for,text,resolved
Cork City,Michelle Gould,09/06/2025,a vote was called for on the approval of the motion where there appeared as follows:-,for,text,resolved
Cork City,Kenneth Collins,09/06/2025,a vote was called for on the approval of the motion where there appeared as follows:-,for,text,resolved
Cork City,Brian McCarthy,09/06/2025,a vote was called for on the approval of the motion where there appeared as follows:-,for,text,resolved
Cork City,H. Kamegni,09/06/2025,a vote was called for on the approval of the motion where there appeared as follows:-,for,text,printed_form
Cork City,Peter Horgan,09/06/2025,a vote was called for on the approval of the motion where there appeared as follows:-,for,text,resolved
Cork City,Fiona Kerins,09/06/2025,a vote was called for on the approval of the motion where there appeared as follows:-,for,text,resolved
Cork City,D. Boyle,09/06/2025,a vote was called for on the approval of the motion where there appeared as follows:-,for,text,printed_form
Cork City,N. O’Connor,09/06/2025,a vote was called for on the approval of the motion where there appeared as follows:-,for,text,printed_form
Cork City,Fergal Dennehy,09/06/2025,a vote was called for on the approval of the motion where there appeared as follows:-,for,text,resolved
Cork City,Colm Kelleher,09/06/2025,a vote was called for on the approval of the motion where there appeared as follows:-,for,text,resolved
Cork City,Joe Lynch,09/06/2025,a vote was called for on the approval of the motion where there appeared as follows:-,for,text,resolved
Cork City,G. O’Brien,09/06/2025,a vote was called for on the approval of the motion where there appeared as follows:-,for,text,printed_form
Cork City,C. O’Connor,09/06/2025,a vote was called for on the approval of the motion where there appeared as follows:-,for,text,printed_form
Cork City,Seán Martin,09/06/2025,a vote was called for on the approval of the motion where there appeared as follows:-,against,text,resolved
Cork City,Albert Deasy,09/06/2025,a vote was called for on the approval of the motion where there appeared as follows:-,against,text,resolved
Cork City,Joe Kavanagh,09/06/2025,a vote was called for on the approval of the motion where there appeared as follows:-,abstain,text,resolved
Cork City,Des Cahill,09/06/2025,a vote was called for on the approval of the motion where there appeared as follows:-,abstain,text,resolved
Cork City,John Maher,09/06/2025,"‘That Cork City Council recognises the impacts of the housing and homelessness emergency on workers, families and communities in Cork and endorses the Raise the Roof rally in Cork on 21st June at 2pm gathering at the National Monument on Gr",for,text,resolved
Cork City,Ted Tynan,09/06/2025,"‘That Cork City Council recognises the impacts of the housing and homelessness emergency on workers, families and communities in Cork and endorses the Raise the Roof rally in Cork on 21st June at 2pm gathering at the National Monument on Gr",for,text,resolved
Cork City,O. Moran,09/06/2025,"‘That Cork City Council recognises the impacts of the housing and homelessness emergency on workers, families and communities in Cork and endorses the Raise the Roof rally in Cork on 21st June at 2pm gathering at the National Monument on Gr",for,text,printed_form
Cork City,Michelle Gould,09/06/2025,"‘That Cork City Council recognises the impacts of the housing and homelessness emergency on workers, families and communities in Cork and endorses the Raise the Roof rally in Cork on 21st June at 2pm gathering at the National Monument on Gr",for,text,resolved
Cork City,Kenneth Collins,09/06/2025,"‘That Cork City Council recognises the impacts of the housing and homelessness emergency on workers, families and communities in Cork and endorses the Raise the Roof rally in Cork on 21st June at 2pm gathering at the National Monument on Gr",for,text,resolved
Cork City,Brian McCarthy,09/06/2025,"‘That Cork City Council recognises the impacts of the housing and homelessness emergency on workers, families and communities in Cork and endorses the Raise the Roof rally in Cork on 21st June at 2pm gathering at the National Monument on Gr",for,text,resolved
Cork City,Peter Horgan,09/06/2025,"‘That Cork City Council recognises the impacts of the housing and homelessness emergency on workers, families and communities in Cork and endorses the Raise the Roof rally in Cork on 21st June at 2pm gathering at the National Monument on Gr",for,text,resolved
Cork City,D. Boyle,09/06/2025,"‘That Cork City Council recognises the impacts of the housing and homelessness emergency on workers, families and communities in Cork and endorses the Raise the Roof rally in Cork on 21st June at 2pm gathering at the National Monument on Gr",for,text,printed_form
Cork City,N. O’Connor,09/06/2025,"‘That Cork City Council recognises the impacts of the housing and homelessness emergency on workers, families and communities in Cork and endorses the Raise the Roof rally in Cork on 21st June at 2pm gathering at the National Monument on Gr",for,text,printed_form
Cork City,Joe Lynch,09/06/2025,"‘That Cork City Council recognises the impacts of the housing and homelessness emergency on workers, families and communities in Cork and endorses the Raise the Roof rally in Cork on 21st June at 2pm gathering at the National Monument on Gr",for,text,resolved
Cork City,C. O’Connor,09/06/2025,"‘That Cork City Council recognises the impacts of the housing and homelessness emergency on workers, families and communities in Cork and endorses the Raise the Roof rally in Cork on 21st June at 2pm gathering at the National Monument on Gr",for,text,printed_form
Cork City,Joe Kavanagh,09/06/2025,"‘That Cork City Council recognises the impacts of the housing and homelessness emergency on workers, families and communities in Cork and endorses the Raise the Roof rally in Cork on 21st June at 2pm gathering at the National Monument on Gr",against,text,resolved
Cork City,Margaret McDonnell,09/06/2025,"‘That Cork City Council recognises the impacts of the housing and homelessness emergency on workers, families and communities in Cork and endorses the Raise the Roof rally in Cork on 21st June at 2pm gathering at the National Monument on Gr",against,text,resolved
Cork City,Tony Fitzgerald,09/06/2025,"‘That Cork City Council recognises the impacts of the housing and homelessness emergency on workers, families and communities in Cork and endorses the Raise the Roof rally in Cork on 21st June at 2pm gathering at the National Monument on Gr",against,text,resolved
Cork City,Damian Boylan,09/06/2025,"‘That Cork City Council recognises the impacts of the housing and homelessness emergency on workers, families and communities in Cork and endorses the Raise the Roof rally in Cork on 21st June at 2pm gathering at the National Monument on Gr",against,text,resolved
Cork City,Seán Martin,09/06/2025,"‘That Cork City Council recognises the impacts of the housing and homelessness emergency on workers, families and communities in Cork and endorses the Raise the Roof rally in Cork on 21st June at 2pm gathering at the National Monument on Gr",against,text,resolved
Cork City,Fergal Dennehy,09/06/2025,"‘That Cork City Council recognises the impacts of the housing and homelessness emergency on workers, families and communities in Cork and endorses the Raise the Roof rally in Cork on 21st June at 2pm gathering at the National Monument on Gr",against,text,resolved
Cork City,Colm Kelleher,09/06/2025,"‘That Cork City Council recognises the impacts of the housing and homelessness emergency on workers, families and communities in Cork and endorses the Raise the Roof rally in Cork on 21st June at 2pm gathering at the National Monument on Gr",against,text,resolved
Cork City,G. O’Brien,09/06/2025,"‘That Cork City Council recognises the impacts of the housing and homelessness emergency on workers, families and communities in Cork and endorses the Raise the Roof rally in Cork on 21st June at 2pm gathering at the National Monument on Gr",against,text,printed_form
Cork City,John Maher,09/12/2024,‘That Cork City Council: - holds the family and friends of Vanessa O’,for,text,resolved
Cork City,O. Moran,09/12/2024,‘That Cork City Council: - holds the family and friends of Vanessa O’,for,text,printed_form
Cork City,Michelle Gould,09/12/2024,‘That Cork City Council: - holds the family and friends of Vanessa O’,for,text,resolved
Cork City,Kenneth Collins,09/12/2024,‘That Cork City Council: - holds the family and friends of Vanessa O’,for,text,resolved
Cork City,Brian McCarthy,09/12/2024,‘That Cork City Council: - holds the family and friends of Vanessa O’,for,text,resolved
Cork City,Kieran McCarthy,09/12/2024,‘That Cork City Council: - holds the family and friends of Vanessa O’,for,text,resolved
Cork City,H. Kamegni,09/12/2024,‘That Cork City Council: - holds the family and friends of Vanessa O’,for,text,printed_form
Cork City,Peter Horgan,09/12/2024,‘That Cork City Council: - holds the family and friends of Vanessa O’,for,text,resolved
Cork City,Fiona Kerins,09/12/2024,‘That Cork City Council: - holds the family and friends of Vanessa O’,for,text,resolved
Cork City,Paudie Dineen,09/12/2024,‘That Cork City Council: - holds the family and friends of Vanessa O’,for,text,resolved
Cork City,D. Boyle,09/12/2024,‘That Cork City Council: - holds the family and friends of Vanessa O’,for,text,printed_form
Cork City,Joe Lynch,09/12/2024,‘That Cork City Council: - holds the family and friends of Vanessa O’,for,text,resolved
Cork City,Laura Harmon,09/12/2024,‘That Cork City Council: - holds the family and friends of Vanessa O’,for,text,resolved
Cork City,Albert Deasy,09/12/2024,‘That Cork City Council: - holds the family and friends of Vanessa O’,for,text,resolved
Cork City,Joe Kavanagh,09/12/2024,‘That Cork City Council: - holds the family and friends of Vanessa O’,against,text,resolved
Cork City,Tony Fitzgerald,09/12/2024,‘That Cork City Council: - holds the family and friends of Vanessa O’,against,text,resolved
Cork City,Damian Boylan,09/12/2024,‘That Cork City Council: - holds the family and friends of Vanessa O’,against,text,resolved
Cork City,John Sheehan,09/12/2024,‘That Cork City Council: - holds the family and friends of Vanessa O’,against,text,resolved
Cork City,Terry Shannon,09/12/2024,‘That Cork City Council: - holds the family and friends of Vanessa O’,against,text,resolved
Cork City,Mary Rose Desmond,09/12/2024,‘That Cork City Council: - holds the family and friends of Vanessa O’,against,text,resolved
Cork City,Des Cahill,09/12/2024,‘That Cork City Council: - holds the family and friends of Vanessa O’,against,text,resolved
Cork City,Shane O'Callaghan,09/12/2024,‘That Cork City Council: - holds the family and friends of Vanessa O’,against,text,resolved
Cork City,Seán Martin,09/12/2024,‘That Cork City Council: - holds the family and friends of Vanessa O’,against,text,resolved
Cork City,Fergal Dennehy,09/12/2024,‘That Cork City Council: - holds the family and friends of Vanessa O’,against,text,resolved
Cork City,Garret Kelleher,09/12/2024,‘That Cork City Council: - holds the family and friends of Vanessa O’,against,text,resolved
Cork City,Colm Kelleher,09/12/2024,‘That Cork City Council: - holds the family and friends of Vanessa O’,against,text,resolved
Cork City,Terry Coleman,09/12/2024,‘That Cork City Council: - holds the family and friends of Vanessa O’,against,text,resolved
Cork City,John Maher,09/12/2024,"a vote was called for on the approval of the proposed residential development, where there appeared as follows:-",for,text,resolved
Cork City,Joe Kavanagh,09/12/2024,"a vote was called for on the approval of the proposed residential development, where there appeared as follows:-",for,text,resolved
Cork City,O. Moran,09/12/2024,"a vote was called for on the approval of the proposed residential development, where there appeared as follows:-",for,text,printed_form
Cork City,Tony Fitzgerald,09/12/2024,"a vote was called for on the approval of the proposed residential development, where there appeared as follows:-",for,text,resolved
Cork City,Damian Boylan,09/12/2024,"a vote was called for on the approval of the proposed residential development, where there appeared as follows:-",for,text,resolved
Cork City,John Sheehan,09/12/2024,"a vote was called for on the approval of the proposed residential development, where there appeared as follows:-",for,text,resolved
Cork City,Michelle Gould,09/12/2024,"a vote was called for on the approval of the proposed residential development, where there appeared as follows:-",for,text,resolved
Cork City,Kenneth Collins,09/12/2024,"a vote was called for on the approval of the proposed residential development, where there appeared as follows:-",for,text,resolved
Cork City,Brian McCarthy,09/12/2024,"a vote was called for on the approval of the proposed residential development, where there appeared as follows:-",for,text,resolved
Cork City,Terry Shannon,09/12/2024,"a vote was called for on the approval of the proposed residential development, where there appeared as follows:-",for,text,resolved
Cork City,Kieran McCarthy,09/12/2024,"a vote was called for on the approval of the proposed residential development, where there appeared as follows:-",for,text,resolved
Cork City,Mary Rose Desmond,09/12/2024,"a vote was called for on the approval of the proposed residential development, where there appeared as follows:-",for,text,resolved
Cork City,Des Cahill,09/12/2024,"a vote was called for on the approval of the proposed residential development, where there appeared as follows:-",for,text,resolved
Cork City,H. Kamegni,09/12/2024,"a vote was called for on the approval of the proposed residential development, where there appeared as follows:-",for,text,printed_form
Cork City,Peter Horgan,09/12/2024,"a vote was called for on the approval of the proposed residential development, where there appeared as follows:-",for,text,resolved
Cork City,Shane O'Callaghan,09/12/2024,"a vote was called for on the approval of the proposed residential development, where there appeared as follows:-",for,text,resolved
Cork City,Seán Martin,09/12/2024,"a vote was called for on the approval of the proposed residential development, where there appeared as follows:-",for,text,resolved
Cork City,Fiona Kerins,09/12/2024,"a vote was called for on the approval of the proposed residential development, where there appeared as follows:-",for,text,resolved
Cork City,Paudie Dineen,09/12/2024,"a vote was called for on the approval of the proposed residential development, where there appeared as follows:-",for,text,resolved
Cork City,D. Boyle,09/12/2024,"a vote was called for on the approval of the proposed residential development, where there appeared as follows:-",for,text,printed_form
Cork City,Fergal Dennehy,09/12/2024,"a vote was called for on the approval of the proposed residential development, where there appeared as follows:-",for,text,resolved
Cork City,Garret Kelleher,09/12/2024,"a vote was called for on the approval of the proposed residential development, where there appeared as follows:-",for,text,resolved
Cork City,Colm Kelleher,09/12/2024,"a vote was called for on the approval of the proposed residential development, where there appeared as follows:-",for,text,resolved
Cork City,Joe Lynch,09/12/2024,"a vote was called for on the approval of the proposed residential development, where there appeared as follows:-",for,text,resolved
Cork City,Laura Harmon,09/12/2024,"a vote was called for on the approval of the proposed residential development, where there appeared as follows:-",for,text,resolved
Cork City,Terry Coleman,09/12/2024,"a vote was called for on the approval of the proposed residential development, where there appeared as follows:-",for,text,resolved
Cork City,Albert Deasy,09/12/2024,"a vote was called for on the approval of the proposed residential development, where there appeared as follows:-",against,text,resolved
Cork City,Joe Kavanagh,10/02/2025,"a vote was called for to refer the motion to the Corporate Policy Group for consideration, where there appeared as follows:-",for,text,resolved
Cork City,Margaret McDonnell,10/02/2025,"a vote was called for to refer the motion to the Corporate Policy Group for consideration, where there appeared as follows:-",for,text,resolved
Cork City,Tony Fitzgerald,10/02/2025,"a vote was called for to refer the motion to the Corporate Policy Group for consideration, where there appeared as follows:-",for,text,resolved
Cork City,Damian Boylan,10/02/2025,"a vote was called for to refer the motion to the Corporate Policy Group for consideration, where there appeared as follows:-",for,text,resolved
Cork City,John Sheehan,10/02/2025,"a vote was called for to refer the motion to the Corporate Policy Group for consideration, where there appeared as follows:-",for,text,resolved
Cork City,Kieran McCarthy,10/02/2025,"a vote was called for to refer the motion to the Corporate Policy Group for consideration, where there appeared as follows:-",for,text,resolved
Cork City,Mary Rose Desmond,10/02/2025,"a vote was called for to refer the motion to the Corporate Policy Group for consideration, where there appeared as follows:-",for,text,resolved
Cork City,Des Cahill,10/02/2025,"a vote was called for to refer the motion to the Corporate Policy Group for consideration, where there appeared as follows:-",for,text,resolved
Cork City,D. Boyle,10/02/2025,"a vote was called for to refer the motion to the Corporate Policy Group for consideration, where there appeared as follows:-",for,text,printed_form
Cork City,Fergal Dennehy,10/02/2025,"a vote was called for to refer the motion to the Corporate Policy Group for consideration, where there appeared as follows:-",for,text,resolved
Cork City,Terry Coleman,10/02/2025,"a vote was called for to refer the motion to the Corporate Policy Group for consideration, where there appeared as follows:-",for,text,resolved
Cork City,John Maher,10/02/2025,"a vote was called for to refer the motion to the Corporate Policy Group for consideration, where there appeared as follows:-",against,text,resolved
Cork City,Ted Tynan,10/02/2025,"a vote was called for to refer the motion to the Corporate Policy Group for consideration, where there appeared as follows:-",against,text,resolved
Cork City,O. Moran,10/02/2025,"a vote was called for to refer the motion to the Corporate Policy Group for consideration, where there appeared as follows:-",against,text,printed_form
Cork City,Michelle Gould,10/02/2025,"a vote was called for to refer the motion to the Corporate Policy Group for consideration, where there appeared as follows:-",against,text,resolved
Cork City,Brian McCarthy,10/02/2025,"a vote was called for to refer the motion to the Corporate Policy Group for consideration, where there appeared as follows:-",against,text,resolved
Cork City,H. Kamegni,10/02/2025,"a vote was called for to refer the motion to the Corporate Policy Group for consideration, where there appeared as follows:-",against,text,printed_form
Cork City,Peter Horgan,10/02/2025,"a vote was called for to refer the motion to the Corporate Policy Group for consideration, where there appeared as follows:-",against,text,resolved
Cork City,Shane O'Callaghan,10/02/2025,"a vote was called for to refer the motion to the Corporate Policy Group for consideration, where there appeared as follows:-",against,text,resolved
Cork City,Fiona Kerins,10/02/2025,"a vote was called for to refer the motion to the Corporate Policy Group for consideration, where there appeared as follows:-",against,text,resolved
Cork City,Paudie Dineen,10/02/2025,"a vote was called for to refer the motion to the Corporate Policy Group for consideration, where there appeared as follows:-",against,text,resolved
Cork City,N. O’Connor,10/02/2025,"a vote was called for to refer the motion to the Corporate Policy Group for consideration, where there appeared as follows:-",against,text,printed_form
Cork City,Colm Kelleher,10/02/2025,"a vote was called for to refer the motion to the Corporate Policy Group for consideration, where there appeared as follows:-",against,text,resolved
Cork City,Joe Lynch,10/02/2025,"a vote was called for to refer the motion to the Corporate Policy Group for consideration, where there appeared as follows:-",against,text,resolved
Cork City,John Maher,10/02/2025,"A vote was called for on the suspension of standing orders to continue the meeting, where there appeared as follows:-",for,text,resolved
Cork City,Ted Tynan,10/02/2025,"A vote was called for on the suspension of standing orders to continue the meeting, where there appeared as follows:-",for,text,resolved
Cork City,O. Moran,10/02/2025,"A vote was called for on the suspension of standing orders to continue the meeting, where there appeared as follows:-",for,text,printed_form
Cork City,Michelle Gould,10/02/2025,"A vote was called for on the suspension of standing orders to continue the meeting, where there appeared as follows:-",for,text,resolved
Cork City,Brian McCarthy,10/02/2025,"A vote was called for on the suspension of standing orders to continue the meeting, where there appeared as follows:-",for,text,resolved
Cork City,H. Kamegni,10/02/2025,"A vote was called for on the suspension of standing orders to continue the meeting, where there appeared as follows:-",for,text,printed_form
Cork City,Peter Horgan,10/02/2025,"A vote was called for on the suspension of standing orders to continue the meeting, where there appeared as follows:-",for,text,resolved
Cork City,Shane O'Callaghan,10/02/2025,"A vote was called for on the suspension of standing orders to continue the meeting, where there appeared as follows:-",for,text,resolved
Cork City,Fiona Kerins,10/02/2025,"A vote was called for on the suspension of standing orders to continue the meeting, where there appeared as follows:-",for,text,resolved
Cork City,D. Boyle,10/02/2025,"A vote was called for on the suspension of standing orders to continue the meeting, where there appeared as follows:-",for,text,printed_form
Cork City,N. O’Connor,10/02/2025,"A vote was called for on the suspension of standing orders to continue the meeting, where there appeared as follows:-",for,text,printed_form
Cork City,Joe Lynch,10/02/2025,"A vote was called for on the suspension of standing orders to continue the meeting, where there appeared as follows:-",for,text,resolved
Cork City,Joe Kavanagh,10/02/2025,"A vote was called for on the suspension of standing orders to continue the meeting, where there appeared as follows:-",against,text,resolved
Cork City,Margaret McDonnell,10/02/2025,"A vote was called for on the suspension of standing orders to continue the meeting, where there appeared as follows:-",against,text,resolved
Cork City,Tony Fitzgerald,10/02/2025,"A vote was called for on the suspension of standing orders to continue the meeting, where there appeared as follows:-",against,text,resolved
Cork City,Damian Boylan,10/02/2025,"A vote was called for on the suspension of standing orders to continue the meeting, where there appeared as follows:-",against,text,resolved
Cork City,John Sheehan,10/02/2025,"A vote was called for on the suspension of standing orders to continue the meeting, where there appeared as follows:-",against,text,resolved
Cork City,Mary Rose Desmond,10/02/2025,"A vote was called for on the suspension of standing orders to continue the meeting, where there appeared as follows:-",against,text,resolved
Cork City,Colm Kelleher,10/02/2025,"A vote was called for on the suspension of standing orders to continue the meeting, where there appeared as follows:-",against,text,resolved
Cork City,Terry Coleman,10/02/2025,"A vote was called for on the suspension of standing orders to continue the meeting, where there appeared as follows:-",against,text,resolved
Cork City,John Maher,10/03/2025,"a vote was called for on the approval of the proposed Anglesea Street Contraflow Bus Lane, where there appeared as follows:-",for,text,resolved
Cork City,Joe Kavanagh,10/03/2025,"a vote was called for on the approval of the proposed Anglesea Street Contraflow Bus Lane, where there appeared as follows:-",for,text,resolved
Cork City,Margaret McDonnell,10/03/2025,"a vote was called for on the approval of the proposed Anglesea Street Contraflow Bus Lane, where there appeared as follows:-",for,text,resolved
Cork City,Ted Tynan,10/03/2025,"a vote was called for on the approval of the proposed Anglesea Street Contraflow Bus Lane, where there appeared as follows:-",for,text,resolved
Cork City,O. Moran,10/03/2025,"a vote was called for on the approval of the proposed Anglesea Street Contraflow Bus Lane, where there appeared as follows:-",for,text,printed_form
Cork City,Tony Fitzgerald,10/03/2025,"a vote was called for on the approval of the proposed Anglesea Street Contraflow Bus Lane, where there appeared as follows:-",for,text,resolved
Cork City,Damian Boylan,10/03/2025,"a vote was called for on the approval of the proposed Anglesea Street Contraflow Bus Lane, where there appeared as follows:-",for,text,resolved
Cork City,John Sheehan,10/03/2025,"a vote was called for on the approval of the proposed Anglesea Street Contraflow Bus Lane, where there appeared as follows:-",for,text,resolved
Cork City,Michelle Gould,10/03/2025,"a vote was called for on the approval of the proposed Anglesea Street Contraflow Bus Lane, where there appeared as follows:-",for,text,resolved
Cork City,Kenneth Collins,10/03/2025,"a vote was called for on the approval of the proposed Anglesea Street Contraflow Bus Lane, where there appeared as follows:-",for,text,resolved
Cork City,Brian McCarthy,10/03/2025,"a vote was called for on the approval of the proposed Anglesea Street Contraflow Bus Lane, where there appeared as follows:-",for,text,resolved
Cork City,Terry Shannon,10/03/2025,"a vote was called for on the approval of the proposed Anglesea Street Contraflow Bus Lane, where there appeared as follows:-",for,text,resolved
Cork City,Kieran McCarthy,10/03/2025,"a vote was called for on the approval of the proposed Anglesea Street Contraflow Bus Lane, where there appeared as follows:-",for,text,resolved
Cork City,Mary Rose Desmond,10/03/2025,"a vote was called for on the approval of the proposed Anglesea Street Contraflow Bus Lane, where there appeared as follows:-",for,text,resolved
Cork City,Des Cahill,10/03/2025,"a vote was called for on the approval of the proposed Anglesea Street Contraflow Bus Lane, where there appeared as follows:-",for,text,resolved
Cork City,H. Kamegni,10/03/2025,"a vote was called for on the approval of the proposed Anglesea Street Contraflow Bus Lane, where there appeared as follows:-",for,text,printed_form
Cork City,Peter Horgan,10/03/2025,"a vote was called for on the approval of the proposed Anglesea Street Contraflow Bus Lane, where there appeared as follows:-",for,text,resolved
Cork City,Shane O'Callaghan,10/03/2025,"a vote was called for on the approval of the proposed Anglesea Street Contraflow Bus Lane, where there appeared as follows:-",for,text,resolved
Cork City,Fiona Kerins,10/03/2025,"a vote was called for on the approval of the proposed Anglesea Street Contraflow Bus Lane, where there appeared as follows:-",for,text,resolved
Cork City,D. Boyle,10/03/2025,"a vote was called for on the approval of the proposed Anglesea Street Contraflow Bus Lane, where there appeared as follows:-",for,text,printed_form
Cork City,N. O’Connor,10/03/2025,"a vote was called for on the approval of the proposed Anglesea Street Contraflow Bus Lane, where there appeared as follows:-",for,text,printed_form
Cork City,Joe Lynch,10/03/2025,"a vote was called for on the approval of the proposed Anglesea Street Contraflow Bus Lane, where there appeared as follows:-",for,text,resolved
Cork City,Terry Coleman,10/03/2025,"a vote was called for on the approval of the proposed Anglesea Street Contraflow Bus Lane, where there appeared as follows:-",for,text,resolved
Cork City,G. O’Brien,10/03/2025,"a vote was called for on the approval of the proposed Anglesea Street Contraflow Bus Lane, where there appeared as follows:-",for,text,printed_form
Cork City,C. O’Connor,10/03/2025,"a vote was called for on the approval of the proposed Anglesea Street Contraflow Bus Lane, where there appeared as follows:-",for,text,printed_form
Cork City,N. O’Flynn,10/03/2025,"a vote was called for on the approval of the proposed Anglesea Street Contraflow Bus Lane, where there appeared as follows:-",against,text,printed_form
Cork City,Paudie Dineen,10/03/2025,"a vote was called for on the approval of the proposed Anglesea Street Contraflow Bus Lane, where there appeared as follows:-",against,text,resolved
Cork City,Albert Deasy,10/03/2025,"a vote was called for on the approval of the proposed Anglesea Street Contraflow Bus Lane, where there appeared as follows:-",against,text,resolved
Cork City,John Maher,10/03/2025,A vote was called for on the approval of the amendment where there appeared as follows:-,for,text,resolved
Cork City,Ted Tynan,10/03/2025,A vote was called for on the approval of the amendment where there appeared as follows:-,for,text,resolved
Cork City,O. Moran,10/03/2025,A vote was called for on the approval of the amendment where there appeared as follows:-,for,text,printed_form
Cork City,Michelle Gould,10/03/2025,A vote was called for on the approval of the amendment where there appeared as follows:-,for,text,resolved
Cork City,Kenneth Collins,10/03/2025,A vote was called for on the approval of the amendment where there appeared as follows:-,for,text,resolved
Cork City,Brian McCarthy,10/03/2025,A vote was called for on the approval of the amendment where there appeared as follows:-,for,text,resolved
Cork City,Kieran McCarthy,10/03/2025,A vote was called for on the approval of the amendment where there appeared as follows:-,for,text,resolved
Cork City,Des Cahill,10/03/2025,A vote was called for on the approval of the amendment where there appeared as follows:-,for,text,resolved
Cork City,Peter Horgan,10/03/2025,A vote was called for on the approval of the amendment where there appeared as follows:-,for,text,resolved
Cork City,Shane O'Callaghan,10/03/2025,A vote was called for on the approval of the amendment where there appeared as follows:-,for,text,resolved
Cork City,Fiona Kerins,10/03/2025,A vote was called for on the approval of the amendment where there appeared as follows:-,for,text,resolved
Cork City,N. O’Connor,10/03/2025,A vote was called for on the approval of the amendment where there appeared as follows:-,for,text,printed_form
Cork City,Joe Lynch,10/03/2025,A vote was called for on the approval of the amendment where there appeared as follows:-,for,text,resolved
Cork City,G. O’Brien,10/03/2025,A vote was called for on the approval of the amendment where there appeared as follows:-,for,text,printed_form
Cork City,C. O’Connor,10/03/2025,A vote was called for on the approval of the amendment where there appeared as follows:-,for,text,printed_form
Cork City,Margaret McDonnell,10/03/2025,A vote was called for on the approval of the amendment where there appeared as follows:-,against,text,resolved
Cork City,N. O’Flynn,10/03/2025,A vote was called for on the approval of the amendment where there appeared as follows:-,against,text,printed_form
Cork City,Tony Fitzgerald,10/03/2025,A vote was called for on the approval of the amendment where there appeared as follows:-,against,text,resolved
Cork City,John Sheehan,10/03/2025,A vote was called for on the approval of the amendment where there appeared as follows:-,against,text,resolved
Cork City,Terry Shannon,10/03/2025,A vote was called for on the approval of the amendment where there appeared as follows:-,against,text,resolved
Cork City,Mary Rose Desmond,10/03/2025,A vote was called for on the approval of the amendment where there appeared as follows:-,against,text,resolved
Cork City,Paudie Dineen,10/03/2025,A vote was called for on the approval of the amendment where there appeared as follows:-,against,text,resolved
Cork City,Albert Deasy,10/03/2025,A vote was called for on the approval of the amendment where there appeared as follows:-,against,text,resolved
Cork City,Terry Coleman,10/03/2025,A vote was called for on the approval of the amendment where there appeared as follows:-,against,text,resolved
Cork City,Joe Kavanagh,10/03/2025,A vote was called for on the approval of the amendment where there appeared as follows:-,abstain,text,resolved
Cork City,H. Kamegni,10/03/2025,A vote was called for on the approval of the amendment where there appeared as follows:-,abstain,text,printed_form
Cork City,D. Boyle,10/03/2025,A vote was called for on the approval of the amendment where there appeared as follows:-,abstain,text,printed_form
Cork City,Joe Kavanagh,10/03/2025,"a vote was called for on the suspension of standing orders to continue the meeting past 8pm to consider statutory items only, where there appeared as follows:-",for,text,resolved
Cork City,Margaret McDonnell,10/03/2025,"a vote was called for on the suspension of standing orders to continue the meeting past 8pm to consider statutory items only, where there appeared as follows:-",for,text,resolved
Cork City,Tony Fitzgerald,10/03/2025,"a vote was called for on the suspension of standing orders to continue the meeting past 8pm to consider statutory items only, where there appeared as follows:-",for,text,resolved
Cork City,John Sheehan,10/03/2025,"a vote was called for on the suspension of standing orders to continue the meeting past 8pm to consider statutory items only, where there appeared as follows:-",for,text,resolved
Cork City,Terry Shannon,10/03/2025,"a vote was called for on the suspension of standing orders to continue the meeting past 8pm to consider statutory items only, where there appeared as follows:-",for,text,resolved
Cork City,Mary Rose Desmond,10/03/2025,"a vote was called for on the suspension of standing orders to continue the meeting past 8pm to consider statutory items only, where there appeared as follows:-",for,text,resolved
Cork City,Des Cahill,10/03/2025,"a vote was called for on the suspension of standing orders to continue the meeting past 8pm to consider statutory items only, where there appeared as follows:-",for,text,resolved
Cork City,Terry Coleman,10/03/2025,"a vote was called for on the suspension of standing orders to continue the meeting past 8pm to consider statutory items only, where there appeared as follows:-",for,text,resolved
Cork City,John Maher,10/03/2025,"a vote was called for on the suspension of standing orders to continue the meeting past 8pm to consider statutory items only, where there appeared as follows:-",against,text,resolved
Cork City,Ted Tynan,10/03/2025,"a vote was called for on the suspension of standing orders to continue the meeting past 8pm to consider statutory items only, where there appeared as follows:-",against,text,resolved
Cork City,O. Moran,10/03/2025,"a vote was called for on the suspension of standing orders to continue the meeting past 8pm to consider statutory items only, where there appeared as follows:-",against,text,printed_form
Cork City,N. O’Flynn,10/03/2025,"a vote was called for on the suspension of standing orders to continue the meeting past 8pm to consider statutory items only, where there appeared as follows:-",against,text,printed_form
Cork City,Michelle Gould,10/03/2025,"a vote was called for on the suspension of standing orders to continue the meeting past 8pm to consider statutory items only, where there appeared as follows:-",against,text,resolved
Cork City,Kenneth Collins,10/03/2025,"a vote was called for on the suspension of standing orders to continue the meeting past 8pm to consider statutory items only, where there appeared as follows:-",against,text,resolved
Cork City,Brian McCarthy,10/03/2025,"a vote was called for on the suspension of standing orders to continue the meeting past 8pm to consider statutory items only, where there appeared as follows:-",against,text,resolved
Cork City,Kieran McCarthy,10/03/2025,"a vote was called for on the suspension of standing orders to continue the meeting past 8pm to consider statutory items only, where there appeared as follows:-",against,text,resolved
Cork City,H. Kamegni,10/03/2025,"a vote was called for on the suspension of standing orders to continue the meeting past 8pm to consider statutory items only, where there appeared as follows:-",against,text,printed_form
Cork City,Peter Horgan,10/03/2025,"a vote was called for on the suspension of standing orders to continue the meeting past 8pm to consider statutory items only, where there appeared as follows:-",against,text,resolved
Cork City,Shane O'Callaghan,10/03/2025,"a vote was called for on the suspension of standing orders to continue the meeting past 8pm to consider statutory items only, where there appeared as follows:-",against,text,resolved
Cork City,Fiona Kerins,10/03/2025,"a vote was called for on the suspension of standing orders to continue the meeting past 8pm to consider statutory items only, where there appeared as follows:-",against,text,resolved
Cork City,Paudie Dineen,10/03/2025,"a vote was called for on the suspension of standing orders to continue the meeting past 8pm to consider statutory items only, where there appeared as follows:-",against,text,resolved
Cork City,N. O’Connor,10/03/2025,"a vote was called for on the suspension of standing orders to continue the meeting past 8pm to consider statutory items only, where there appeared as follows:-",against,text,printed_form
Cork City,Joe Lynch,10/03/2025,"a vote was called for on the suspension of standing orders to continue the meeting past 8pm to consider statutory items only, where there appeared as follows:-",against,text,resolved
Cork City,Albert Deasy,10/03/2025,"a vote was called for on the suspension of standing orders to continue the meeting past 8pm to consider statutory items only, where there appeared as follows:-",against,text,resolved
Cork City,G. O’Brien,10/03/2025,"a vote was called for on the suspension of standing orders to continue the meeting past 8pm to consider statutory items only, where there appeared as follows:-",against,text,printed_form
Cork City,C. O’Connor,10/03/2025,"a vote was called for on the suspension of standing orders to continue the meeting past 8pm to consider statutory items only, where there appeared as follows:-",against,text,printed_form
Cork City,D. Boyle,10/03/2025,"a vote was called for on the suspension of standing orders to continue the meeting past 8pm to consider statutory items only, where there appeared as follows:-",abstain,text,printed_form
Cork City,John Maher,10/03/2025,"a vote was called for on the suspension of standing orders to continue the meeting past 8pm to consider all remaining items on the Agenda, where there appeared as follows:-",for,text,resolved
Cork City,Ted Tynan,10/03/2025,"a vote was called for on the suspension of standing orders to continue the meeting past 8pm to consider all remaining items on the Agenda, where there appeared as follows:-",for,text,resolved
Cork City,O. Moran,10/03/2025,"a vote was called for on the suspension of standing orders to continue the meeting past 8pm to consider all remaining items on the Agenda, where there appeared as follows:-",for,text,printed_form
Cork City,Michelle Gould,10/03/2025,"a vote was called for on the suspension of standing orders to continue the meeting past 8pm to consider all remaining items on the Agenda, where there appeared as follows:-",for,text,resolved
Cork City,Kenneth Collins,10/03/2025,"a vote was called for on the suspension of standing orders to continue the meeting past 8pm to consider all remaining items on the Agenda, where there appeared as follows:-",for,text,resolved
Cork City,Brian McCarthy,10/03/2025,"a vote was called for on the suspension of standing orders to continue the meeting past 8pm to consider all remaining items on the Agenda, where there appeared as follows:-",for,text,resolved
Cork City,Kieran McCarthy,10/03/2025,"a vote was called for on the suspension of standing orders to continue the meeting past 8pm to consider all remaining items on the Agenda, where there appeared as follows:-",for,text,resolved
Cork City,H. Kamegni,10/03/2025,"a vote was called for on the suspension of standing orders to continue the meeting past 8pm to consider all remaining items on the Agenda, where there appeared as follows:-",for,text,printed_form
Cork City,Peter Horgan,10/03/2025,"a vote was called for on the suspension of standing orders to continue the meeting past 8pm to consider all remaining items on the Agenda, where there appeared as follows:-",for,text,resolved
Cork City,Shane O'Callaghan,10/03/2025,"a vote was called for on the suspension of standing orders to continue the meeting past 8pm to consider all remaining items on the Agenda, where there appeared as follows:-",for,text,resolved
Cork City,Fiona Kerins,10/03/2025,"a vote was called for on the suspension of standing orders to continue the meeting past 8pm to consider all remaining items on the Agenda, where there appeared as follows:-",for,text,resolved
Cork City,Paudie Dineen,10/03/2025,"a vote was called for on the suspension of standing orders to continue the meeting past 8pm to consider all remaining items on the Agenda, where there appeared as follows:-",for,text,resolved
Cork City,N. O’Connor,10/03/2025,"a vote was called for on the suspension of standing orders to continue the meeting past 8pm to consider all remaining items on the Agenda, where there appeared as follows:-",for,text,printed_form
Cork City,Joe Lynch,10/03/2025,"a vote was called for on the suspension of standing orders to continue the meeting past 8pm to consider all remaining items on the Agenda, where there appeared as follows:-",for,text,resolved
Cork City,Albert Deasy,10/03/2025,"a vote was called for on the suspension of standing orders to continue the meeting past 8pm to consider all remaining items on the Agenda, where there appeared as follows:-",for,text,resolved
Cork City,G. O’Brien,10/03/2025,"a vote was called for on the suspension of standing orders to continue the meeting past 8pm to consider all remaining items on the Agenda, where there appeared as follows:-",for,text,printed_form
Cork City,C. O’Connor,10/03/2025,"a vote was called for on the suspension of standing orders to continue the meeting past 8pm to consider all remaining items on the Agenda, where there appeared as follows:-",for,text,printed_form
Cork City,Joe Kavanagh,10/03/2025,"a vote was called for on the suspension of standing orders to continue the meeting past 8pm to consider all remaining items on the Agenda, where there appeared as follows:-",against,text,resolved
Cork City,Margaret McDonnell,10/03/2025,"a vote was called for on the suspension of standing orders to continue the meeting past 8pm to consider all remaining items on the Agenda, where there appeared as follows:-",against,text,resolved
Cork City,N. O’Flynn,10/03/2025,"a vote was called for on the suspension of standing orders to continue the meeting past 8pm to consider all remaining items on the Agenda, where there appeared as follows:-",against,text,printed_form
Cork City,Tony Fitzgerald,10/03/2025,"a vote was called for on the suspension of standing orders to continue the meeting past 8pm to consider all remaining items on the Agenda, where there appeared as follows:-",against,text,resolved
Cork City,John Sheehan,10/03/2025,"a vote was called for on the suspension of standing orders to continue the meeting past 8pm to consider all remaining items on the Agenda, where there appeared as follows:-",against,text,resolved
Cork City,Terry Shannon,10/03/2025,"a vote was called for on the suspension of standing orders to continue the meeting past 8pm to consider all remaining items on the Agenda, where there appeared as follows:-",against,text,resolved
Cork City,Mary Rose Desmond,10/03/2025,"a vote was called for on the suspension of standing orders to continue the meeting past 8pm to consider all remaining items on the Agenda, where there appeared as follows:-",against,text,resolved
Cork City,Des Cahill,10/03/2025,"a vote was called for on the suspension of standing orders to continue the meeting past 8pm to consider all remaining items on the Agenda, where there appeared as follows:-",against,text,resolved
Cork City,Terry Coleman,10/03/2025,"a vote was called for on the suspension of standing orders to continue the meeting past 8pm to consider all remaining items on the Agenda, where there appeared as follows:-",against,text,resolved
Cork City,D. Boyle,10/03/2025,"a vote was called for on the suspension of standing orders to continue the meeting past 8pm to consider all remaining items on the Agenda, where there appeared as follows:-",abstain,text,printed_form
Cork City,Ted Tynan,10/11/2025,a vote was called for on the approval of the amendment where there appeared as follows:-,for,text,resolved
Cork City,O. Moran,10/11/2025,a vote was called for on the approval of the amendment where there appeared as follows:-,for,text,printed_form
Cork City,Michelle Gould,10/11/2025,a vote was called for on the approval of the amendment where there appeared as follows:-,for,text,resolved
Cork City,Kenneth Collins,10/11/2025,a vote was called for on the approval of the amendment where there appeared as follows:-,for,text,resolved
Cork City,Kieran McCarthy,10/11/2025,a vote was called for on the approval of the amendment where there appeared as follows:-,for,text,resolved
Cork City,H. Kamegni,10/11/2025,a vote was called for on the approval of the amendment where there appeared as follows:-,for,text,printed_form
Cork City,Peter Horgan,10/11/2025,a vote was called for on the approval of the amendment where there appeared as follows:-,for,text,resolved
Cork City,Fiona Kerins,10/11/2025,a vote was called for on the approval of the amendment where there appeared as follows:-,for,text,resolved
Cork City,D. Boyle,10/11/2025,a vote was called for on the approval of the amendment where there appeared as follows:-,for,text,printed_form
Cork City,Albert Deasy,10/11/2025,a vote was called for on the approval of the amendment where there appeared as follows:-,for,text,resolved
Cork City,C. O’Connor,10/11/2025,a vote was called for on the approval of the amendment where there appeared as follows:-,for,text,printed_form
Cork City,Joe Kavanagh,10/11/2025,a vote was called for on the approval of the amendment where there appeared as follows:-,against,text,resolved
Cork City,Damian Boylan,10/11/2025,a vote was called for on the approval of the amendment where there appeared as follows:-,against,text,resolved
Cork City,G. O’Brien,10/11/2025,a vote was called for on the approval of the amendment where there appeared as follows:-,against,text,printed_form
Cork City,Margaret McDonnell,10/11/2025,a vote was called for on the approval of the amendment where there appeared as follows:-,abstain,text,resolved
Cork City,Tony Fitzgerald,10/11/2025,a vote was called for on the approval of the amendment where there appeared as follows:-,abstain,text,resolved
Cork City,John Sheehan,10/11/2025,a vote was called for on the approval of the amendment where there appeared as follows:-,abstain,text,resolved
Cork City,Fergal Dennehy,10/11/2025,a vote was called for on the approval of the amendment where there appeared as follows:-,abstain,text,resolved
Cork City,Terry Coleman,10/11/2025,a vote was called for on the approval of the amendment where there appeared as follows:-,abstain,text,resolved
Cork City,Ted Tynan,11/03/2024,"a vote was called for on the approval of the motion, where there appeared as follows:-",for,text,resolved
Cork City,Brian McCarthy,11/03/2024,"a vote was called for on the approval of the motion, where there appeared as follows:-",for,text,resolved
Cork City,L. Bogue,11/03/2024,"a vote was called for on the approval of the motion, where there appeared as follows:-",for,text,printed_form
Cork City,John Maher,11/03/2024,"a vote was called for on the approval of the motion, where there appeared as follows:-",against,text,resolved
Cork City,Joe Kavanagh,11/03/2024,"a vote was called for on the approval of the motion, where there appeared as follows:-",against,text,resolved
Cork City,O. Moran,11/03/2024,"a vote was called for on the approval of the motion, where there appeared as follows:-",against,text,printed_form
Cork City,G. Keohane,11/03/2024,"a vote was called for on the approval of the motion, where there appeared as follows:-",against,text,printed_form
Cork City,Tony Fitzgerald,11/03/2024,"a vote was called for on the approval of the motion, where there appeared as follows:-",against,text,resolved
Cork City,M. Nugent,11/03/2024,"a vote was called for on the approval of the motion, where there appeared as follows:-",against,text,printed_form
Cork City,John Sheehan,11/03/2024,"a vote was called for on the approval of the motion, where there appeared as follows:-",against,text,resolved
Cork City,Kenneth Collins,11/03/2024,"a vote was called for on the approval of the motion, where there appeared as follows:-",against,text,resolved
Cork City,Damian Boylan,11/03/2024,"a vote was called for on the approval of the motion, where there appeared as follows:-",against,text,resolved
Cork City,Des Cahill,11/03/2024,"a vote was called for on the approval of the motion, where there appeared as follows:-",against,text,resolved
Cork City,Kieran McCarthy,11/03/2024,"a vote was called for on the approval of the motion, where there appeared as follows:-",against,text,resolved
Cork City,D. Forde,11/03/2024,"a vote was called for on the approval of the motion, where there appeared as follows:-",against,text,printed_form
Cork City,D. Boyle,11/03/2024,"a vote was called for on the approval of the motion, where there appeared as follows:-",against,text,printed_form
Cork City,Shane O'Callaghan,11/03/2024,"a vote was called for on the approval of the motion, where there appeared as follows:-",against,text,resolved
Cork City,Fiona Kerins,11/03/2024,"a vote was called for on the approval of the motion, where there appeared as follows:-",against,text,resolved
Cork City,Fergal Dennehy,11/03/2024,"a vote was called for on the approval of the motion, where there appeared as follows:-",against,text,resolved
Cork City,C. Finn,11/03/2024,"a vote was called for on the approval of the motion, where there appeared as follows:-",against,text,printed_form
Cork City,Orla O’Leary,11/03/2024,"a vote was called for on the approval of the motion, where there appeared as follows:-",against,text,printed_form
Cork City,Paudie Dineen,11/03/2024,"a vote was called for on the approval of the motion, where there appeared as follows:-",abstain,text,resolved
Cork City,John Maher,11/11/2024,"a vote was called for on the suspension of standing orders to take motion 25 on the Appendix, Two-Tier Pay For School Wardens, at the end of the meeting, where there appeared as follows:-",for,text,resolved
Cork City,Ted Tynan,11/11/2024,"a vote was called for on the suspension of standing orders to take motion 25 on the Appendix, Two-Tier Pay For School Wardens, at the end of the meeting, where there appeared as follows:-",for,text,resolved
Cork City,O. Moran,11/11/2024,"a vote was called for on the suspension of standing orders to take motion 25 on the Appendix, Two-Tier Pay For School Wardens, at the end of the meeting, where there appeared as follows:-",for,text,printed_form
Cork City,Michelle Gould,11/11/2024,"a vote was called for on the suspension of standing orders to take motion 25 on the Appendix, Two-Tier Pay For School Wardens, at the end of the meeting, where there appeared as follows:-",for,text,resolved
Cork City,Kenneth Collins,11/11/2024,"a vote was called for on the suspension of standing orders to take motion 25 on the Appendix, Two-Tier Pay For School Wardens, at the end of the meeting, where there appeared as follows:-",for,text,resolved
Cork City,Brian McCarthy,11/11/2024,"a vote was called for on the suspension of standing orders to take motion 25 on the Appendix, Two-Tier Pay For School Wardens, at the end of the meeting, where there appeared as follows:-",for,text,resolved
Cork City,Kieran McCarthy,11/11/2024,"a vote was called for on the suspension of standing orders to take motion 25 on the Appendix, Two-Tier Pay For School Wardens, at the end of the meeting, where there appeared as follows:-",for,text,resolved
Cork City,Des Cahill,11/11/2024,"a vote was called for on the suspension of standing orders to take motion 25 on the Appendix, Two-Tier Pay For School Wardens, at the end of the meeting, where there appeared as follows:-",for,text,resolved
Cork City,H. Kamegni,11/11/2024,"a vote was called for on the suspension of standing orders to take motion 25 on the Appendix, Two-Tier Pay For School Wardens, at the end of the meeting, where there appeared as follows:-",for,text,printed_form
Cork City,Peter Horgan,11/11/2024,"a vote was called for on the suspension of standing orders to take motion 25 on the Appendix, Two-Tier Pay For School Wardens, at the end of the meeting, where there appeared as follows:-",for,text,resolved
Cork City,Pádraig Rice,11/11/2024,"a vote was called for on the suspension of standing orders to take motion 25 on the Appendix, Two-Tier Pay For School Wardens, at the end of the meeting, where there appeared as follows:-",for,text,resolved
Cork City,Fiona Kerins,11/11/2024,"a vote was called for on the suspension of standing orders to take motion 25 on the Appendix, Two-Tier Pay For School Wardens, at the end of the meeting, where there appeared as follows:-",for,text,resolved
Cork City,Paudie Dineen,11/11/2024,"a vote was called for on the suspension of standing orders to take motion 25 on the Appendix, Two-Tier Pay For School Wardens, at the end of the meeting, where there appeared as follows:-",for,text,resolved
Cork City,Garret Kelleher,11/11/2024,"a vote was called for on the suspension of standing orders to take motion 25 on the Appendix, Two-Tier Pay For School Wardens, at the end of the meeting, where there appeared as follows:-",for,text,resolved
Cork City,Joe Lynch,11/11/2024,"a vote was called for on the suspension of standing orders to take motion 25 on the Appendix, Two-Tier Pay For School Wardens, at the end of the meeting, where there appeared as follows:-",for,text,resolved
Cork City,Laura Harmon,11/11/2024,"a vote was called for on the suspension of standing orders to take motion 25 on the Appendix, Two-Tier Pay For School Wardens, at the end of the meeting, where there appeared as follows:-",for,text,resolved
Cork City,Tony Fitzgerald,11/11/2024,"a vote was called for on the suspension of standing orders to take motion 25 on the Appendix, Two-Tier Pay For School Wardens, at the end of the meeting, where there appeared as follows:-",against,text,resolved
Cork City,Damian Boylan,11/11/2024,"a vote was called for on the suspension of standing orders to take motion 25 on the Appendix, Two-Tier Pay For School Wardens, at the end of the meeting, where there appeared as follows:-",against,text,resolved
Cork City,John Sheehan,11/11/2024,"a vote was called for on the suspension of standing orders to take motion 25 on the Appendix, Two-Tier Pay For School Wardens, at the end of the meeting, where there appeared as follows:-",against,text,resolved
Cork City,Terry Shannon,11/11/2024,"a vote was called for on the suspension of standing orders to take motion 25 on the Appendix, Two-Tier Pay For School Wardens, at the end of the meeting, where there appeared as follows:-",against,text,resolved
Cork City,Mary Rose Desmond,11/11/2024,"a vote was called for on the suspension of standing orders to take motion 25 on the Appendix, Two-Tier Pay For School Wardens, at the end of the meeting, where there appeared as follows:-",against,text,resolved
Cork City,Seán Martin,11/11/2024,"a vote was called for on the suspension of standing orders to take motion 25 on the Appendix, Two-Tier Pay For School Wardens, at the end of the meeting, where there appeared as follows:-",against,text,resolved
Cork City,D. Boyle,11/11/2024,"a vote was called for on the suspension of standing orders to take motion 25 on the Appendix, Two-Tier Pay For School Wardens, at the end of the meeting, where there appeared as follows:-",against,text,printed_form
Cork City,Fergal Dennehy,11/11/2024,"a vote was called for on the suspension of standing orders to take motion 25 on the Appendix, Two-Tier Pay For School Wardens, at the end of the meeting, where there appeared as follows:-",against,text,resolved
Cork City,Colm Kelleher,11/11/2024,"a vote was called for on the suspension of standing orders to take motion 25 on the Appendix, Two-Tier Pay For School Wardens, at the end of the meeting, where there appeared as follows:-",against,text,resolved
Cork City,Albert Deasy,11/11/2024,"a vote was called for on the suspension of standing orders to take motion 25 on the Appendix, Two-Tier Pay For School Wardens, at the end of the meeting, where there appeared as follows:-",against,text,resolved
Cork City,Terry Coleman,11/11/2024,"a vote was called for on the suspension of standing orders to take motion 25 on the Appendix, Two-Tier Pay For School Wardens, at the end of the meeting, where there appeared as follows:-",against,text,resolved
Cork City,Joe Kavanagh,11/11/2024,"a vote was called for on the suspension of standing orders to take motion 25 on the Appendix, Two-Tier Pay For School Wardens, at the end of the meeting, where there appeared as follows:-",abstain,text,resolved
Cork City,Margaret McDonnell,11/11/2024,"a vote was called for on the suspension of standing orders to take motion 25 on the Appendix, Two-Tier Pay For School Wardens, at the end of the meeting, where there appeared as follows:-",abstain,text,resolved
Cork City,John Maher,11/11/2024,"‘Water workers are facing intimidation and the possibility of withheld pay if they do not comply with directions from Irish Water who is not their employer. The workers need support and clarity from their employer, Cork City Council.’",for,text,resolved
Cork City,Ted Tynan,11/11/2024,"‘Water workers are facing intimidation and the possibility of withheld pay if they do not comply with directions from Irish Water who is not their employer. The workers need support and clarity from their employer, Cork City Council.’",for,text,resolved
Cork City,O. Moran,11/11/2024,"‘Water workers are facing intimidation and the possibility of withheld pay if they do not comply with directions from Irish Water who is not their employer. The workers need support and clarity from their employer, Cork City Council.’",for,text,printed_form
Cork City,Damian Boylan,11/11/2024,"‘Water workers are facing intimidation and the possibility of withheld pay if they do not comply with directions from Irish Water who is not their employer. The workers need support and clarity from their employer, Cork City Council.’",for,text,resolved
Cork City,Michelle Gould,11/11/2024,"‘Water workers are facing intimidation and the possibility of withheld pay if they do not comply with directions from Irish Water who is not their employer. The workers need support and clarity from their employer, Cork City Council.’",for,text,resolved
Cork City,Kenneth Collins,11/11/2024,"‘Water workers are facing intimidation and the possibility of withheld pay if they do not comply with directions from Irish Water who is not their employer. The workers need support and clarity from their employer, Cork City Council.’",for,text,resolved
Cork City,Brian McCarthy,11/11/2024,"‘Water workers are facing intimidation and the possibility of withheld pay if they do not comply with directions from Irish Water who is not their employer. The workers need support and clarity from their employer, Cork City Council.’",for,text,resolved
Cork City,Kieran McCarthy,11/11/2024,"‘Water workers are facing intimidation and the possibility of withheld pay if they do not comply with directions from Irish Water who is not their employer. The workers need support and clarity from their employer, Cork City Council.’",for,text,resolved
Cork City,H. Kamegni,11/11/2024,"‘Water workers are facing intimidation and the possibility of withheld pay if they do not comply with directions from Irish Water who is not their employer. The workers need support and clarity from their employer, Cork City Council.’",for,text,printed_form
Cork City,Peter Horgan,11/11/2024,"‘Water workers are facing intimidation and the possibility of withheld pay if they do not comply with directions from Irish Water who is not their employer. The workers need support and clarity from their employer, Cork City Council.’",for,text,resolved
Cork City,Pádraig Rice,11/11/2024,"‘Water workers are facing intimidation and the possibility of withheld pay if they do not comply with directions from Irish Water who is not their employer. The workers need support and clarity from their employer, Cork City Council.’",for,text,resolved
Cork City,Fiona Kerins,11/11/2024,"‘Water workers are facing intimidation and the possibility of withheld pay if they do not comply with directions from Irish Water who is not their employer. The workers need support and clarity from their employer, Cork City Council.’",for,text,resolved
Cork City,Paudie Dineen,11/11/2024,"‘Water workers are facing intimidation and the possibility of withheld pay if they do not comply with directions from Irish Water who is not their employer. The workers need support and clarity from their employer, Cork City Council.’",for,text,resolved
Cork City,Joe Lynch,11/11/2024,"‘Water workers are facing intimidation and the possibility of withheld pay if they do not comply with directions from Irish Water who is not their employer. The workers need support and clarity from their employer, Cork City Council.’",for,text,resolved
Cork City,Laura Harmon,11/11/2024,"‘Water workers are facing intimidation and the possibility of withheld pay if they do not comply with directions from Irish Water who is not their employer. The workers need support and clarity from their employer, Cork City Council.’",for,text,resolved
Cork City,Joe Kavanagh,11/11/2024,"‘Water workers are facing intimidation and the possibility of withheld pay if they do not comply with directions from Irish Water who is not their employer. The workers need support and clarity from their employer, Cork City Council.’",against,text,resolved
Cork City,Margaret McDonnell,11/11/2024,"‘Water workers are facing intimidation and the possibility of withheld pay if they do not comply with directions from Irish Water who is not their employer. The workers need support and clarity from their employer, Cork City Council.’",against,text,resolved
Cork City,Tony Fitzgerald,11/11/2024,"‘Water workers are facing intimidation and the possibility of withheld pay if they do not comply with directions from Irish Water who is not their employer. The workers need support and clarity from their employer, Cork City Council.’",against,text,resolved
Cork City,John Sheehan,11/11/2024,"‘Water workers are facing intimidation and the possibility of withheld pay if they do not comply with directions from Irish Water who is not their employer. The workers need support and clarity from their employer, Cork City Council.’",against,text,resolved
Cork City,Terry Shannon,11/11/2024,"‘Water workers are facing intimidation and the possibility of withheld pay if they do not comply with directions from Irish Water who is not their employer. The workers need support and clarity from their employer, Cork City Council.’",against,text,resolved
Cork City,Mary Rose Desmond,11/11/2024,"‘Water workers are facing intimidation and the possibility of withheld pay if they do not comply with directions from Irish Water who is not their employer. The workers need support and clarity from their employer, Cork City Council.’",against,text,resolved
Cork City,Des Cahill,11/11/2024,"‘Water workers are facing intimidation and the possibility of withheld pay if they do not comply with directions from Irish Water who is not their employer. The workers need support and clarity from their employer, Cork City Council.’",against,text,resolved
Cork City,Seán Martin,11/11/2024,"‘Water workers are facing intimidation and the possibility of withheld pay if they do not comply with directions from Irish Water who is not their employer. The workers need support and clarity from their employer, Cork City Council.’",against,text,resolved
Cork City,D. Boyle,11/11/2024,"‘Water workers are facing intimidation and the possibility of withheld pay if they do not comply with directions from Irish Water who is not their employer. The workers need support and clarity from their employer, Cork City Council.’",against,text,printed_form
Cork City,Fergal Dennehy,11/11/2024,"‘Water workers are facing intimidation and the possibility of withheld pay if they do not comply with directions from Irish Water who is not their employer. The workers need support and clarity from their employer, Cork City Council.’",against,text,resolved
Cork City,Garret Kelleher,11/11/2024,"‘Water workers are facing intimidation and the possibility of withheld pay if they do not comply with directions from Irish Water who is not their employer. The workers need support and clarity from their employer, Cork City Council.’",against,text,resolved
Cork City,Colm Kelleher,11/11/2024,"‘Water workers are facing intimidation and the possibility of withheld pay if they do not comply with directions from Irish Water who is not their employer. The workers need support and clarity from their employer, Cork City Council.’",against,text,resolved
Cork City,Albert Deasy,11/11/2024,"‘Water workers are facing intimidation and the possibility of withheld pay if they do not comply with directions from Irish Water who is not their employer. The workers need support and clarity from their employer, Cork City Council.’",against,text,resolved
Cork City,Terry Coleman,11/11/2024,"‘Water workers are facing intimidation and the possibility of withheld pay if they do not comply with directions from Irish Water who is not their employer. The workers need support and clarity from their employer, Cork City Council.’",against,text,resolved
Cork City,John Maher,11/11/2024,a vote was called for on the deferral of the Budget Meeting to 4th December 2024 where there appeared as follows:-,for,text,resolved
Cork City,Joe Kavanagh,11/11/2024,a vote was called for on the deferral of the Budget Meeting to 4th December 2024 where there appeared as follows:-,for,text,resolved
Cork City,Margaret McDonnell,11/11/2024,a vote was called for on the deferral of the Budget Meeting to 4th December 2024 where there appeared as follows:-,for,text,resolved
Cork City,O. Moran,11/11/2024,a vote was called for on the deferral of the Budget Meeting to 4th December 2024 where there appeared as follows:-,for,text,printed_form
Cork City,Tony Fitzgerald,11/11/2024,a vote was called for on the deferral of the Budget Meeting to 4th December 2024 where there appeared as follows:-,for,text,resolved
Cork City,Damian Boylan,11/11/2024,a vote was called for on the deferral of the Budget Meeting to 4th December 2024 where there appeared as follows:-,for,text,resolved
Cork City,John Sheehan,11/11/2024,a vote was called for on the deferral of the Budget Meeting to 4th December 2024 where there appeared as follows:-,for,text,resolved
Cork City,Terry Shannon,11/11/2024,a vote was called for on the deferral of the Budget Meeting to 4th December 2024 where there appeared as follows:-,for,text,resolved
Cork City,Mary Rose Desmond,11/11/2024,a vote was called for on the deferral of the Budget Meeting to 4th December 2024 where there appeared as follows:-,for,text,resolved
Cork City,Des Cahill,11/11/2024,a vote was called for on the deferral of the Budget Meeting to 4th December 2024 where there appeared as follows:-,for,text,resolved
Cork City,H. Kamegni,11/11/2024,a vote was called for on the deferral of the Budget Meeting to 4th December 2024 where there appeared as follows:-,for,text,printed_form
Cork City,Peter Horgan,11/11/2024,a vote was called for on the deferral of the Budget Meeting to 4th December 2024 where there appeared as follows:-,for,text,resolved
Cork City,Seán Martin,11/11/2024,a vote was called for on the deferral of the Budget Meeting to 4th December 2024 where there appeared as follows:-,for,text,resolved
Cork City,D. Boyle,11/11/2024,a vote was called for on the deferral of the Budget Meeting to 4th December 2024 where there appeared as follows:-,for,text,printed_form
Cork City,Fergal Dennehy,11/11/2024,a vote was called for on the deferral of the Budget Meeting to 4th December 2024 where there appeared as follows:-,for,text,resolved
Cork City,Garret Kelleher,11/11/2024,a vote was called for on the deferral of the Budget Meeting to 4th December 2024 where there appeared as follows:-,for,text,resolved
Cork City,Colm Kelleher,11/11/2024,a vote was called for on the deferral of the Budget Meeting to 4th December 2024 where there appeared as follows:-,for,text,resolved
Cork City,Laura Harmon,11/11/2024,a vote was called for on the deferral of the Budget Meeting to 4th December 2024 where there appeared as follows:-,for,text,resolved
Cork City,Albert Deasy,11/11/2024,a vote was called for on the deferral of the Budget Meeting to 4th December 2024 where there appeared as follows:-,for,text,resolved
Cork City,Terry Coleman,11/11/2024,a vote was called for on the deferral of the Budget Meeting to 4th December 2024 where there appeared as follows:-,for,text,resolved
Cork City,Ted Tynan,11/11/2024,a vote was called for on the deferral of the Budget Meeting to 4th December 2024 where there appeared as follows:-,against,text,resolved
Cork City,Michelle Gould,11/11/2024,a vote was called for on the deferral of the Budget Meeting to 4th December 2024 where there appeared as follows:-,against,text,resolved
Cork City,Kenneth Collins,11/11/2024,a vote was called for on the deferral of the Budget Meeting to 4th December 2024 where there appeared as follows:-,against,text,resolved
Cork City,Brian McCarthy,11/11/2024,a vote was called for on the deferral of the Budget Meeting to 4th December 2024 where there appeared as follows:-,against,text,resolved
Cork City,Pádraig Rice,11/11/2024,a vote was called for on the deferral of the Budget Meeting to 4th December 2024 where there appeared as follows:-,against,text,resolved
Cork City,Fiona Kerins,11/11/2024,a vote was called for on the deferral of the Budget Meeting to 4th December 2024 where there appeared as follows:-,against,text,resolved
Cork City,Paudie Dineen,11/11/2024,a vote was called for on the deferral of the Budget Meeting to 4th December 2024 where there appeared as follows:-,against,text,resolved
Cork City,Joe Lynch,11/11/2024,a vote was called for on the deferral of the Budget Meeting to 4th December 2024 where there appeared as follows:-,against,text,resolved
Cork City,John Maher,11/11/2024,A vote was called for on the approval of the amendment where there appeared as follows:-,for,text,resolved
Cork City,Ted Tynan,11/11/2024,A vote was called for on the approval of the amendment where there appeared as follows:-,for,text,resolved
Cork City,Michelle Gould,11/11/2024,A vote was called for on the approval of the amendment where there appeared as follows:-,for,text,resolved
Cork City,Kenneth Collins,11/11/2024,A vote was called for on the approval of the amendment where there appeared as follows:-,for,text,resolved
Cork City,Brian McCarthy,11/11/2024,A vote was called for on the approval of the amendment where there appeared as follows:-,for,text,resolved
Cork City,Peter Horgan,11/11/2024,A vote was called for on the approval of the amendment where there appeared as follows:-,for,text,resolved
Cork City,Fiona Kerins,11/11/2024,A vote was called for on the approval of the amendment where there appeared as follows:-,for,text,resolved
Cork City,Joe Lynch,11/11/2024,A vote was called for on the approval of the amendment where there appeared as follows:-,for,text,resolved
Cork City,Albert Deasy,11/11/2024,A vote was called for on the approval of the amendment where there appeared as follows:-,for,text,resolved
Cork City,Joe Kavanagh,11/11/2024,A vote was called for on the approval of the amendment where there appeared as follows:-,against,text,resolved
Cork City,Margaret McDonnell,11/11/2024,A vote was called for on the approval of the amendment where there appeared as follows:-,against,text,resolved
Cork City,O. Moran,11/11/2024,A vote was called for on the approval of the amendment where there appeared as follows:-,against,text,printed_form
Cork City,Tony Fitzgerald,11/11/2024,A vote was called for on the approval of the amendment where there appeared as follows:-,against,text,resolved
Cork City,Damian Boylan,11/11/2024,A vote was called for on the approval of the amendment where there appeared as follows:-,against,text,resolved
Cork City,John Sheehan,11/11/2024,A vote was called for on the approval of the amendment where there appeared as follows:-,against,text,resolved
Cork City,Terry Shannon,11/11/2024,A vote was called for on the approval of the amendment where there appeared as follows:-,against,text,resolved
Cork City,Mary Rose Desmond,11/11/2024,A vote was called for on the approval of the amendment where there appeared as follows:-,against,text,resolved
Cork City,Des Cahill,11/11/2024,A vote was called for on the approval of the amendment where there appeared as follows:-,against,text,resolved
Cork City,H. Kamegni,11/11/2024,A vote was called for on the approval of the amendment where there appeared as follows:-,against,text,printed_form
Cork City,Seán Martin,11/11/2024,A vote was called for on the approval of the amendment where there appeared as follows:-,against,text,resolved
Cork City,D. Boyle,11/11/2024,A vote was called for on the approval of the amendment where there appeared as follows:-,against,text,printed_form
Cork City,Fergal Dennehy,11/11/2024,A vote was called for on the approval of the amendment where there appeared as follows:-,against,text,resolved
Cork City,Terry Coleman,11/11/2024,A vote was called for on the approval of the amendment where there appeared as follows:-,against,text,resolved
Cork City,Pádraig Rice,11/11/2024,A vote was called for on the approval of the amendment where there appeared as follows:-,abstain,text,resolved
Cork City,Laura Harmon,11/11/2024,A vote was called for on the approval of the amendment where there appeared as follows:-,abstain,text,resolved
Cork City,Ted Tynan,11/11/2024,a vote was called for on the approval of the motion where there appeared as follows:-,for,text,resolved
Cork City,O. Moran,11/11/2024,a vote was called for on the approval of the motion where there appeared as follows:-,for,text,printed_form
Cork City,Michelle Gould,11/11/2024,a vote was called for on the approval of the motion where there appeared as follows:-,for,text,resolved
Cork City,Kenneth Collins,11/11/2024,a vote was called for on the approval of the motion where there appeared as follows:-,for,text,resolved
Cork City,H. Kamegni,11/11/2024,a vote was called for on the approval of the motion where there appeared as follows:-,for,text,printed_form
Cork City,Pádraig Rice,11/11/2024,a vote was called for on the approval of the motion where there appeared as follows:-,for,text,resolved
Cork City,Fiona Kerins,11/11/2024,a vote was called for on the approval of the motion where there appeared as follows:-,for,text,resolved
Cork City,Joe Lynch,11/11/2024,a vote was called for on the approval of the motion where there appeared as follows:-,for,text,resolved
Cork City,Laura Harmon,11/11/2024,a vote was called for on the approval of the motion where there appeared as follows:-,for,text,resolved
Cork City,Joe Kavanagh,11/11/2024,a vote was called for on the approval of the motion where there appeared as follows:-,against,text,resolved
Cork City,Margaret McDonnell,11/11/2024,a vote was called for on the approval of the motion where there appeared as follows:-,against,text,resolved
Cork City,Tony Fitzgerald,11/11/2024,a vote was called for on the approval of the motion where there appeared as follows:-,against,text,resolved
Cork City,Damian Boylan,11/11/2024,a vote was called for on the approval of the motion where there appeared as follows:-,against,text,resolved
Cork City,John Sheehan,11/11/2024,a vote was called for on the approval of the motion where there appeared as follows:-,against,text,resolved
Cork City,Mary Rose Desmond,11/11/2024,a vote was called for on the approval of the motion where there appeared as follows:-,against,text,resolved
Cork City,Des Cahill,11/11/2024,a vote was called for on the approval of the motion where there appeared as follows:-,against,text,resolved
Cork City,Seán Martin,11/11/2024,a vote was called for on the approval of the motion where there appeared as follows:-,against,text,resolved
Cork City,Fergal Dennehy,11/11/2024,a vote was called for on the approval of the motion where there appeared as follows:-,against,text,resolved
Cork City,Albert Deasy,11/11/2024,a vote was called for on the approval of the motion where there appeared as follows:-,against,text,resolved
Cork City,Terry Coleman,11/11/2024,a vote was called for on the approval of the motion where there appeared as follows:-,against,text,resolved
Cork City,Peter Horgan,11/11/2024,a vote was called for on the approval of the motion where there appeared as follows:-,abstain,text,resolved
Cork City,D. Boyle,11/11/2024,a vote was called for on the approval of the motion where there appeared as follows:-,abstain,text,printed_form
Cork City,Ted Tynan,11/11/2024,‘Cork City Council notes with concern the City’,for,text,resolved
Cork City,O. Moran,11/11/2024,‘Cork City Council notes with concern the City’,for,text,printed_form
Cork City,Michelle Gould,11/11/2024,‘Cork City Council notes with concern the City’,for,text,resolved
Cork City,Kenneth Collins,11/11/2024,‘Cork City Council notes with concern the City’,for,text,resolved
Cork City,H. Kamegni,11/11/2024,‘Cork City Council notes with concern the City’,for,text,printed_form
Cork City,Pádraig Rice,11/11/2024,‘Cork City Council notes with concern the City’,for,text,resolved
Cork City,Fiona Kerins,11/11/2024,‘Cork City Council notes with concern the City’,for,text,resolved
Cork City,Joe Lynch,11/11/2024,‘Cork City Council notes with concern the City’,for,text,resolved
Cork City,Laura Harmon,11/11/2024,‘Cork City Council notes with concern the City’,for,text,resolved
Cork City,Joe Kavanagh,11/11/2024,‘Cork City Council notes with concern the City’,against,text,resolved
Cork City,Margaret McDonnell,11/11/2024,‘Cork City Council notes with concern the City’,against,text,resolved
Cork City,Tony Fitzgerald,11/11/2024,‘Cork City Council notes with concern the City’,against,text,resolved
Cork City,Damian Boylan,11/11/2024,‘Cork City Council notes with concern the City’,against,text,resolved
Cork City,John Sheehan,11/11/2024,‘Cork City Council notes with concern the City’,against,text,resolved
Cork City,Mary Rose Desmond,11/11/2024,‘Cork City Council notes with concern the City’,against,text,resolved
Cork City,Des Cahill,11/11/2024,‘Cork City Council notes with concern the City’,against,text,resolved
Cork City,Seán Martin,11/11/2024,‘Cork City Council notes with concern the City’,against,text,resolved
Cork City,Fergal Dennehy,11/11/2024,‘Cork City Council notes with concern the City’,against,text,resolved
Cork City,Albert Deasy,11/11/2024,‘Cork City Council notes with concern the City’,against,text,resolved
Cork City,Terry Coleman,11/11/2024,‘Cork City Council notes with concern the City’,against,text,resolved
Cork City,Peter Horgan,11/11/2024,‘Cork City Council notes with concern the City’,abstain,text,resolved
Cork City,D. Boyle,11/11/2024,‘Cork City Council notes with concern the City’,abstain,text,printed_form
Cork City,John Maher,12/01/2026,A vote was called for on the approval of the amendment where there appeared as follows:-,for,text,resolved
Cork City,Joe Kavanagh,12/01/2026,A vote was called for on the approval of the amendment where there appeared as follows:-,for,text,resolved
Cork City,Margaret McDonnell,12/01/2026,A vote was called for on the approval of the amendment where there appeared as follows:-,for,text,resolved
Cork City,O. Moran,12/01/2026,A vote was called for on the approval of the amendment where there appeared as follows:-,for,text,printed_form
Cork City,Tony Fitzgerald,12/01/2026,A vote was called for on the approval of the amendment where there appeared as follows:-,for,text,resolved
Cork City,Damian Boylan,12/01/2026,A vote was called for on the approval of the amendment where there appeared as follows:-,for,text,resolved
Cork City,John Sheehan,12/01/2026,A vote was called for on the approval of the amendment where there appeared as follows:-,for,text,resolved
Cork City,Michelle Gould,12/01/2026,A vote was called for on the approval of the amendment where there appeared as follows:-,for,text,resolved
Cork City,Kenneth Collins,12/01/2026,A vote was called for on the approval of the amendment where there appeared as follows:-,for,text,resolved
Cork City,Terry Shannon,12/01/2026,A vote was called for on the approval of the amendment where there appeared as follows:-,for,text,resolved
Cork City,Kieran McCarthy,12/01/2026,A vote was called for on the approval of the amendment where there appeared as follows:-,for,text,resolved
Cork City,Mary Rose Desmond,12/01/2026,A vote was called for on the approval of the amendment where there appeared as follows:-,for,text,resolved
Cork City,Peter Horgan,12/01/2026,A vote was called for on the approval of the amendment where there appeared as follows:-,for,text,resolved
Cork City,Shane O'Callaghan,12/01/2026,A vote was called for on the approval of the amendment where there appeared as follows:-,for,text,resolved
Cork City,Fiona Kerins,12/01/2026,A vote was called for on the approval of the amendment where there appeared as follows:-,for,text,resolved
Cork City,D. Boyle,12/01/2026,A vote was called for on the approval of the amendment where there appeared as follows:-,for,text,printed_form
Cork City,N. O’Connor,12/01/2026,A vote was called for on the approval of the amendment where there appeared as follows:-,for,text,printed_form
Cork City,Colm Kelleher,12/01/2026,A vote was called for on the approval of the amendment where there appeared as follows:-,for,text,resolved
Cork City,Joe Lynch,12/01/2026,A vote was called for on the approval of the amendment where there appeared as follows:-,for,text,resolved
Cork City,Terry Coleman,12/01/2026,A vote was called for on the approval of the amendment where there appeared as follows:-,for,text,resolved
Cork City,G. O’Brien,12/01/2026,A vote was called for on the approval of the amendment where there appeared as follows:-,for,text,printed_form
Cork City,C. O’Connor,12/01/2026,A vote was called for on the approval of the amendment where there appeared as follows:-,for,text,printed_form
Cork City,N. O’Flynn,12/01/2026,A vote was called for on the approval of the amendment where there appeared as follows:-,against,text,printed_form
Cork City,Albert Deasy,12/01/2026,A vote was called for on the approval of the amendment where there appeared as follows:-,against,text,resolved
Cork City,Brian McCarthy,12/01/2026,A vote was called for on the approval of the amendment where there appeared as follows:-,abstain,text,resolved
Cork City,Des Cahill,12/01/2026,A vote was called for on the approval of the amendment where there appeared as follows:-,abstain,text,resolved
Cork City,H. Kamegni,12/01/2026,A vote was called for on the approval of the amendment where there appeared as follows:-,abstain,text,printed_form
Cork City,Paudie Dineen,12/01/2026,A vote was called for on the approval of the amendment where there appeared as follows:-,abstain,text,resolved
Cork City,Fergal Dennehy,12/01/2026,A vote was called for on the approval of the amendment where there appeared as follows:-,abstain,text,resolved
Cork City,John Maher,12/01/2026,a vote was called for on the approval of the motion where there appeared as follows:- (vote 1 of 2),for,text,resolved
Cork City,Joe Kavanagh,12/01/2026,a vote was called for on the approval of the motion where there appeared as follows:- (vote 1 of 2),for,text,resolved
Cork City,Margaret McDonnell,12/01/2026,a vote was called for on the approval of the motion where there appeared as follows:- (vote 1 of 2),for,text,resolved
Cork City,O. Moran,12/01/2026,a vote was called for on the approval of the motion where there appeared as follows:- (vote 1 of 2),for,text,printed_form
Cork City,Tony Fitzgerald,12/01/2026,a vote was called for on the approval of the motion where there appeared as follows:- (vote 1 of 2),for,text,resolved
Cork City,Damian Boylan,12/01/2026,a vote was called for on the approval of the motion where there appeared as follows:- (vote 1 of 2),for,text,resolved
Cork City,John Sheehan,12/01/2026,a vote was called for on the approval of the motion where there appeared as follows:- (vote 1 of 2),for,text,resolved
Cork City,Michelle Gould,12/01/2026,a vote was called for on the approval of the motion where there appeared as follows:- (vote 1 of 2),for,text,resolved
Cork City,Kenneth Collins,12/01/2026,a vote was called for on the approval of the motion where there appeared as follows:- (vote 1 of 2),for,text,resolved
Cork City,Brian McCarthy,12/01/2026,a vote was called for on the approval of the motion where there appeared as follows:- (vote 1 of 2),for,text,resolved
Cork City,Terry Shannon,12/01/2026,a vote was called for on the approval of the motion where there appeared as follows:- (vote 1 of 2),for,text,resolved
Cork City,Kieran McCarthy,12/01/2026,a vote was called for on the approval of the motion where there appeared as follows:- (vote 1 of 2),for,text,resolved
Cork City,Mary Rose Desmond,12/01/2026,a vote was called for on the approval of the motion where there appeared as follows:- (vote 1 of 2),for,text,resolved
Cork City,Peter Horgan,12/01/2026,a vote was called for on the approval of the motion where there appeared as follows:- (vote 1 of 2),for,text,resolved
Cork City,Shane O'Callaghan,12/01/2026,a vote was called for on the approval of the motion where there appeared as follows:- (vote 1 of 2),for,text,resolved
Cork City,Fiona Kerins,12/01/2026,a vote was called for on the approval of the motion where there appeared as follows:- (vote 1 of 2),for,text,resolved
Cork City,D. Boyle,12/01/2026,a vote was called for on the approval of the motion where there appeared as follows:- (vote 1 of 2),for,text,printed_form
Cork City,N. O’Connor,12/01/2026,a vote was called for on the approval of the motion where there appeared as follows:- (vote 1 of 2),for,text,printed_form
Cork City,Colm Kelleher,12/01/2026,a vote was called for on the approval of the motion where there appeared as follows:- (vote 1 of 2),for,text,resolved
Cork City,Joe Lynch,12/01/2026,a vote was called for on the approval of the motion where there appeared as follows:- (vote 1 of 2),for,text,resolved
Cork City,Terry Coleman,12/01/2026,a vote was called for on the approval of the motion where there appeared as follows:- (vote 1 of 2),for,text,resolved
Cork City,G. O’Brien,12/01/2026,a vote was called for on the approval of the motion where there appeared as follows:- (vote 1 of 2),for,text,printed_form
Cork City,C. O’Connor,12/01/2026,a vote was called for on the approval of the motion where there appeared as follows:- (vote 1 of 2),for,text,printed_form
Cork City,N. O’Flynn,12/01/2026,a vote was called for on the approval of the motion where there appeared as follows:- (vote 1 of 2),against,text,printed_form
Cork City,Paudie Dineen,12/01/2026,a vote was called for on the approval of the motion where there appeared as follows:- (vote 1 of 2),against,text,resolved
Cork City,Albert Deasy,12/01/2026,a vote was called for on the approval of the motion where there appeared as follows:- (vote 1 of 2),against,text,resolved
Cork City,H. Kamegni,12/01/2026,a vote was called for on the approval of the motion where there appeared as follows:- (vote 1 of 2),abstain,text,printed_form
Cork City,Fergal Dennehy,12/01/2026,a vote was called for on the approval of the motion where there appeared as follows:- (vote 1 of 2),abstain,text,resolved
Cork City,N. O’Flynn,12/01/2026,a vote was called for on the approval of the motion where there appeared as follows:- (vote 2 of 2),for,text,printed_form
Cork City,Terry Shannon,12/01/2026,a vote was called for on the approval of the motion where there appeared as follows:- (vote 2 of 2),for,text,resolved
Cork City,Paudie Dineen,12/01/2026,a vote was called for on the approval of the motion where there appeared as follows:- (vote 2 of 2),for,text,resolved
Cork City,Albert Deasy,12/01/2026,a vote was called for on the approval of the motion where there appeared as follows:- (vote 2 of 2),for,text,resolved
Cork City,John Maher,12/01/2026,a vote was called for on the approval of the motion where there appeared as follows:- (vote 2 of 2),against,text,resolved
Cork City,Joe Kavanagh,12/01/2026,a vote was called for on the approval of the motion where there appeared as follows:- (vote 2 of 2),against,text,resolved
Cork City,Margaret McDonnell,12/01/2026,a vote was called for on the approval of the motion where there appeared as follows:- (vote 2 of 2),against,text,resolved
Cork City,O. Moran,12/01/2026,a vote was called for on the approval of the motion where there appeared as follows:- (vote 2 of 2),against,text,printed_form
Cork City,Damian Boylan,12/01/2026,a vote was called for on the approval of the motion where there appeared as follows:- (vote 2 of 2),against,text,resolved
Cork City,John Sheehan,12/01/2026,a vote was called for on the approval of the motion where there appeared as follows:- (vote 2 of 2),against,text,resolved
Cork City,Michelle Gould,12/01/2026,a vote was called for on the approval of the motion where there appeared as follows:- (vote 2 of 2),against,text,resolved
Cork City,Kenneth Collins,12/01/2026,a vote was called for on the approval of the motion where there appeared as follows:- (vote 2 of 2),against,text,resolved
Cork City,Brian McCarthy,12/01/2026,a vote was called for on the approval of the motion where there appeared as follows:- (vote 2 of 2),against,text,resolved
Cork City,Kieran McCarthy,12/01/2026,a vote was called for on the approval of the motion where there appeared as follows:- (vote 2 of 2),against,text,resolved
Cork City,Mary Rose Desmond,12/01/2026,a vote was called for on the approval of the motion where there appeared as follows:- (vote 2 of 2),against,text,resolved
Cork City,Peter Horgan,12/01/2026,a vote was called for on the approval of the motion where there appeared as follows:- (vote 2 of 2),against,text,resolved
Cork City,Shane O'Callaghan,12/01/2026,a vote was called for on the approval of the motion where there appeared as follows:- (vote 2 of 2),against,text,resolved
Cork City,Fiona Kerins,12/01/2026,a vote was called for on the approval of the motion where there appeared as follows:- (vote 2 of 2),against,text,resolved
Cork City,D. Boyle,12/01/2026,a vote was called for on the approval of the motion where there appeared as follows:- (vote 2 of 2),against,text,printed_form
Cork City,N. O’Connor,12/01/2026,a vote was called for on the approval of the motion where there appeared as follows:- (vote 2 of 2),against,text,printed_form
Cork City,Colm Kelleher,12/01/2026,a vote was called for on the approval of the motion where there appeared as follows:- (vote 2 of 2),against,text,resolved
Cork City,Joe Lynch,12/01/2026,a vote was called for on the approval of the motion where there appeared as follows:- (vote 2 of 2),against,text,resolved
Cork City,Terry Coleman,12/01/2026,a vote was called for on the approval of the motion where there appeared as follows:- (vote 2 of 2),against,text,resolved
Cork City,G. O’Brien,12/01/2026,a vote was called for on the approval of the motion where there appeared as follows:- (vote 2 of 2),against,text,printed_form
Cork City,C. O’Connor,12/01/2026,a vote was called for on the approval of the motion where there appeared as follows:- (vote 2 of 2),against,text,printed_form
Cork City,Tony Fitzgerald,12/01/2026,a vote was called for on the approval of the motion where there appeared as follows:- (vote 2 of 2),abstain,text,resolved
Cork City,H. Kamegni,12/01/2026,a vote was called for on the approval of the motion where there appeared as follows:- (vote 2 of 2),abstain,text,printed_form
Cork City,Fergal Dennehy,12/01/2026,a vote was called for on the approval of the motion where there appeared as follows:- (vote 2 of 2),abstain,text,resolved
Cork City,John Maher,12/01/2026,‘Eight imprisoned Palestine solidarity activists are currently being held in prison in the UK without bail. The way they’,for,text,resolved
Cork City,Joe Kavanagh,12/01/2026,‘Eight imprisoned Palestine solidarity activists are currently being held in prison in the UK without bail. The way they’,for,text,resolved
Cork City,O. Moran,12/01/2026,‘Eight imprisoned Palestine solidarity activists are currently being held in prison in the UK without bail. The way they’,for,text,printed_form
Cork City,N. O’Flynn,12/01/2026,‘Eight imprisoned Palestine solidarity activists are currently being held in prison in the UK without bail. The way they’,for,text,printed_form
Cork City,Damian Boylan,12/01/2026,‘Eight imprisoned Palestine solidarity activists are currently being held in prison in the UK without bail. The way they’,for,text,resolved
Cork City,Michelle Gould,12/01/2026,‘Eight imprisoned Palestine solidarity activists are currently being held in prison in the UK without bail. The way they’,for,text,resolved
Cork City,Kenneth Collins,12/01/2026,‘Eight imprisoned Palestine solidarity activists are currently being held in prison in the UK without bail. The way they’,for,text,resolved
Cork City,Brian McCarthy,12/01/2026,‘Eight imprisoned Palestine solidarity activists are currently being held in prison in the UK without bail. The way they’,for,text,resolved
Cork City,Kieran McCarthy,12/01/2026,‘Eight imprisoned Palestine solidarity activists are currently being held in prison in the UK without bail. The way they’,for,text,resolved
Cork City,H. Kamegni,12/01/2026,‘Eight imprisoned Palestine solidarity activists are currently being held in prison in the UK without bail. The way they’,for,text,printed_form
Cork City,Peter Horgan,12/01/2026,‘Eight imprisoned Palestine solidarity activists are currently being held in prison in the UK without bail. The way they’,for,text,resolved
Cork City,Shane O'Callaghan,12/01/2026,‘Eight imprisoned Palestine solidarity activists are currently being held in prison in the UK without bail. The way they’,for,text,resolved
Cork City,Fiona Kerins,12/01/2026,‘Eight imprisoned Palestine solidarity activists are currently being held in prison in the UK without bail. The way they’,for,text,resolved
Cork City,D. Boyle,12/01/2026,‘Eight imprisoned Palestine solidarity activists are currently being held in prison in the UK without bail. The way they’,for,text,printed_form
Cork City,N. O’Connor,12/01/2026,‘Eight imprisoned Palestine solidarity activists are currently being held in prison in the UK without bail. The way they’,for,text,printed_form
Cork City,Joe Lynch,12/01/2026,‘Eight imprisoned Palestine solidarity activists are currently being held in prison in the UK without bail. The way they’,for,text,resolved
Cork City,G. O’Brien,12/01/2026,‘Eight imprisoned Palestine solidarity activists are currently being held in prison in the UK without bail. The way they’,for,text,printed_form
Cork City,C. O’Connor,12/01/2026,‘Eight imprisoned Palestine solidarity activists are currently being held in prison in the UK without bail. The way they’,for,text,printed_form
Cork City,Terry Shannon,12/01/2026,‘Eight imprisoned Palestine solidarity activists are currently being held in prison in the UK without bail. The way they’,against,text,resolved
Cork City,Albert Deasy,12/01/2026,‘Eight imprisoned Palestine solidarity activists are currently being held in prison in the UK without bail. The way they’,against,text,resolved
Cork City,Margaret McDonnell,12/01/2026,‘Eight imprisoned Palestine solidarity activists are currently being held in prison in the UK without bail. The way they’,abstain,text,resolved
Cork City,Tony Fitzgerald,12/01/2026,‘Eight imprisoned Palestine solidarity activists are currently being held in prison in the UK without bail. The way they’,abstain,text,resolved
Cork City,John Sheehan,12/01/2026,‘Eight imprisoned Palestine solidarity activists are currently being held in prison in the UK without bail. The way they’,abstain,text,resolved
Cork City,Mary Rose Desmond,12/01/2026,‘Eight imprisoned Palestine solidarity activists are currently being held in prison in the UK without bail. The way they’,abstain,text,resolved
Cork City,Paudie Dineen,12/01/2026,‘Eight imprisoned Palestine solidarity activists are currently being held in prison in the UK without bail. The way they’,abstain,text,resolved
Cork City,Fergal Dennehy,12/01/2026,‘Eight imprisoned Palestine solidarity activists are currently being held in prison in the UK without bail. The way they’,abstain,text,resolved
Cork City,Terry Coleman,12/01/2026,‘Eight imprisoned Palestine solidarity activists are currently being held in prison in the UK without bail. The way they’,abstain,text,resolved
Cork City,John Maher,12/02/2024,"a vote was called for on the approval of the proposed scheme, where there appeared as follows:-",for,text,resolved
Cork City,Ted Tynan,12/02/2024,"a vote was called for on the approval of the proposed scheme, where there appeared as follows:-",for,text,resolved
Cork City,Joe Kavanagh,12/02/2024,"a vote was called for on the approval of the proposed scheme, where there appeared as follows:-",for,text,resolved
Cork City,O. Moran,12/02/2024,"a vote was called for on the approval of the proposed scheme, where there appeared as follows:-",for,text,printed_form
Cork City,G. Keohane,12/02/2024,"a vote was called for on the approval of the proposed scheme, where there appeared as follows:-",for,text,printed_form
Cork City,M. Nugent,12/02/2024,"a vote was called for on the approval of the proposed scheme, where there appeared as follows:-",for,text,printed_form
Cork City,John Sheehan,12/02/2024,"a vote was called for on the approval of the proposed scheme, where there appeared as follows:-",for,text,resolved
Cork City,Kenneth Collins,12/02/2024,"a vote was called for on the approval of the proposed scheme, where there appeared as follows:-",for,text,resolved
Cork City,Brian McCarthy,12/02/2024,"a vote was called for on the approval of the proposed scheme, where there appeared as follows:-",for,text,resolved
Cork City,Damian Boylan,12/02/2024,"a vote was called for on the approval of the proposed scheme, where there appeared as follows:-",for,text,resolved
Cork City,Des Cahill,12/02/2024,"a vote was called for on the approval of the proposed scheme, where there appeared as follows:-",for,text,resolved
Cork City,L. Bogue,12/02/2024,"a vote was called for on the approval of the proposed scheme, where there appeared as follows:-",for,text,printed_form
Cork City,Mary Rose Desmond,12/02/2024,"a vote was called for on the approval of the proposed scheme, where there appeared as follows:-",for,text,resolved
Cork City,Kieran McCarthy,12/02/2024,"a vote was called for on the approval of the proposed scheme, where there appeared as follows:-",for,text,resolved
Cork City,Terry Shannon,12/02/2024,"a vote was called for on the approval of the proposed scheme, where there appeared as follows:-",for,text,resolved
Cork City,D. Boyle,12/02/2024,"a vote was called for on the approval of the proposed scheme, where there appeared as follows:-",for,text,printed_form
Cork City,Seán Martin,12/02/2024,"a vote was called for on the approval of the proposed scheme, where there appeared as follows:-",for,text,resolved
Cork City,Shane O'Callaghan,12/02/2024,"a vote was called for on the approval of the proposed scheme, where there appeared as follows:-",for,text,resolved
Cork City,Fiona Kerins,12/02/2024,"a vote was called for on the approval of the proposed scheme, where there appeared as follows:-",for,text,resolved
Cork City,Fergal Dennehy,12/02/2024,"a vote was called for on the approval of the proposed scheme, where there appeared as follows:-",for,text,resolved
Cork City,D. Canty,12/02/2024,"a vote was called for on the approval of the proposed scheme, where there appeared as follows:-",for,text,printed_form
Cork City,C. Finn,12/02/2024,"a vote was called for on the approval of the proposed scheme, where there appeared as follows:-",for,text,printed_form
Cork City,Colm Kelleher,12/02/2024,"a vote was called for on the approval of the proposed scheme, where there appeared as follows:-",for,text,resolved
Cork City,Garret Kelleher,12/02/2024,"a vote was called for on the approval of the proposed scheme, where there appeared as follows:-",for,text,resolved
Cork City,Orla O’Leary,12/02/2024,"a vote was called for on the approval of the proposed scheme, where there appeared as follows:-",for,text,printed_form
Cork City,Ken O'Flynn,12/02/2024,"a vote was called for on the approval of the proposed scheme, where there appeared as follows:-",against,text,resolved
Cork City,Paudie Dineen,12/02/2024,"a vote was called for on the approval of the proposed scheme, where there appeared as follows:-",against,text,resolved
Cork City,D. Forde,12/02/2024,"a vote was called for on the approval of the proposed scheme, where there appeared as follows:-",abstain,text,printed_form
Cork City,M. Finn,12/02/2024,"a vote was called for on the approval of the proposed scheme, where there appeared as follows:-",abstain,text,printed_form
Cork City,T. Moloney,12/02/2024,"a vote was called for on the approval of the proposed scheme, where there appeared as follows:-",abstain,text,printed_form
Cork City,Ken O'Flynn,12/02/2024,a vote was called for on the approval of the motion where there appeared as follows:-,for,text,resolved
Cork City,John Maher,12/02/2024,a vote was called for on the approval of the motion where there appeared as follows:-,for,text,resolved
Cork City,Joe Kavanagh,12/02/2024,a vote was called for on the approval of the motion where there appeared as follows:-,for,text,resolved
Cork City,O. Moran,12/02/2024,a vote was called for on the approval of the motion where there appeared as follows:-,for,text,printed_form
Cork City,G. Keohane,12/02/2024,a vote was called for on the approval of the motion where there appeared as follows:-,for,text,printed_form
Cork City,Tony Fitzgerald,12/02/2024,a vote was called for on the approval of the motion where there appeared as follows:-,for,text,resolved
Cork City,M. Nugent,12/02/2024,a vote was called for on the approval of the motion where there appeared as follows:-,for,text,printed_form
Cork City,John Sheehan,12/02/2024,a vote was called for on the approval of the motion where there appeared as follows:-,for,text,resolved
Cork City,Kenneth Collins,12/02/2024,a vote was called for on the approval of the motion where there appeared as follows:-,for,text,resolved
Cork City,Damian Boylan,12/02/2024,a vote was called for on the approval of the motion where there appeared as follows:-,for,text,resolved
Cork City,Des Cahill,12/02/2024,a vote was called for on the approval of the motion where there appeared as follows:-,for,text,resolved
Cork City,Mary Rose Desmond,12/02/2024,a vote was called for on the approval of the motion where there appeared as follows:-,for,text,resolved
Cork City,Kieran McCarthy,12/02/2024,a vote was called for on the approval of the motion where there appeared as follows:-,for,text,resolved
Cork City,Terry Shannon,12/02/2024,a vote was called for on the approval of the motion where there appeared as follows:-,for,text,resolved
Cork City,D. Forde,12/02/2024,a vote was called for on the approval of the motion where there appeared as follows:-,for,text,printed_form
Cork City,M. Finn,12/02/2024,a vote was called for on the approval of the motion where there appeared as follows:-,for,text,printed_form
Cork City,D. Boyle,12/02/2024,a vote was called for on the approval of the motion where there appeared as follows:-,for,text,printed_form
Cork City,Seán Martin,12/02/2024,a vote was called for on the approval of the motion where there appeared as follows:-,for,text,resolved
Cork City,Shane O'Callaghan,12/02/2024,a vote was called for on the approval of the motion where there appeared as follows:-,for,text,resolved
Cork City,Paudie Dineen,12/02/2024,a vote was called for on the approval of the motion where there appeared as follows:-,for,text,resolved
Cork City,Fiona Kerins,12/02/2024,a vote was called for on the approval of the motion where there appeared as follows:-,for,text,resolved
Cork City,D. Canty,12/02/2024,a vote was called for on the approval of the motion where there appeared as follows:-,for,text,printed_form
Cork City,C. Finn,12/02/2024,a vote was called for on the approval of the motion where there appeared as follows:-,for,text,printed_form
Cork City,Colm Kelleher,12/02/2024,a vote was called for on the approval of the motion where there appeared as follows:-,for,text,resolved
Cork City,Garret Kelleher,12/02/2024,a vote was called for on the approval of the motion where there appeared as follows:-,for,text,resolved
Cork City,T. Moloney,12/02/2024,a vote was called for on the approval of the motion where there appeared as follows:-,for,text,printed_form
Cork City,Orla O’Leary,12/02/2024,a vote was called for on the approval of the motion where there appeared as follows:-,for,text,printed_form
Cork City,Ted Tynan,12/02/2024,a vote was called for on the approval of the motion where there appeared as follows:-,against,text,resolved
Cork City,Brian McCarthy,12/02/2024,a vote was called for on the approval of the motion where there appeared as follows:-,against,text,resolved
Cork City,L. Bogue,12/02/2024,a vote was called for on the approval of the motion where there appeared as follows:-,against,text,printed_form
Cork City,Ken O'Flynn,12/02/2024,‘That Cork City Council writes to the European Commission’,for,text,resolved
Cork City,John Maher,12/02/2024,‘That Cork City Council writes to the European Commission’,for,text,resolved
Cork City,Ted Tynan,12/02/2024,‘That Cork City Council writes to the European Commission’,for,text,resolved
Cork City,O. Moran,12/02/2024,‘That Cork City Council writes to the European Commission’,for,text,printed_form
Cork City,G. Keohane,12/02/2024,‘That Cork City Council writes to the European Commission’,for,text,printed_form
Cork City,M. Nugent,12/02/2024,‘That Cork City Council writes to the European Commission’,for,text,printed_form
Cork City,John Sheehan,12/02/2024,‘That Cork City Council writes to the European Commission’,for,text,resolved
Cork City,Kenneth Collins,12/02/2024,‘That Cork City Council writes to the European Commission’,for,text,resolved
Cork City,Brian McCarthy,12/02/2024,‘That Cork City Council writes to the European Commission’,for,text,resolved
Cork City,L. Bogue,12/02/2024,‘That Cork City Council writes to the European Commission’,for,text,printed_form
Cork City,D. Boyle,12/02/2024,‘That Cork City Council writes to the European Commission’,for,text,printed_form
Cork City,Fiona Kerins,12/02/2024,‘That Cork City Council writes to the European Commission’,for,text,resolved
Cork City,C. Finn,12/02/2024,‘That Cork City Council writes to the European Commission’,for,text,printed_form
Cork City,Orla O’Leary,12/02/2024,‘That Cork City Council writes to the European Commission’,for,text,printed_form
Cork City,Tony Fitzgerald,12/02/2024,‘That Cork City Council writes to the European Commission’,against,text,resolved
Cork City,Damian Boylan,12/02/2024,‘That Cork City Council writes to the European Commission’,against,text,resolved
Cork City,Mary Rose Desmond,12/02/2024,‘That Cork City Council writes to the European Commission’,against,text,resolved
Cork City,Kieran McCarthy,12/02/2024,‘That Cork City Council writes to the European Commission’,against,text,resolved
Cork City,Terry Shannon,12/02/2024,‘That Cork City Council writes to the European Commission’,against,text,resolved
Cork City,Colm Kelleher,12/02/2024,‘That Cork City Council writes to the European Commission’,against,text,resolved
Cork City,Joe Kavanagh,12/02/2024,‘That Cork City Council writes to the European Commission’,abstain,text,resolved
Cork City,Shane O'Callaghan,12/02/2024,‘That Cork City Council writes to the European Commission’,abstain,text,resolved
Cork City,D. Canty,12/02/2024,‘That Cork City Council writes to the European Commission’,abstain,text,printed_form
Cork City,John Maher,12/05/2025,"a vote was called for on the suspension of standing orders, where there appeared as follows:-",for,text,resolved
Cork City,Ted Tynan,12/05/2025,"a vote was called for on the suspension of standing orders, where there appeared as follows:-",for,text,resolved
Cork City,O. Moran,12/05/2025,"a vote was called for on the suspension of standing orders, where there appeared as follows:-",for,text,printed_form
Cork City,Damian Boylan,12/05/2025,"a vote was called for on the suspension of standing orders, where there appeared as follows:-",for,text,resolved
Cork City,Michelle Gould,12/05/2025,"a vote was called for on the suspension of standing orders, where there appeared as follows:-",for,text,resolved
Cork City,Brian McCarthy,12/05/2025,"a vote was called for on the suspension of standing orders, where there appeared as follows:-",for,text,resolved
Cork City,H. Kamegni,12/05/2025,"a vote was called for on the suspension of standing orders, where there appeared as follows:-",for,text,printed_form
Cork City,Peter Horgan,12/05/2025,"a vote was called for on the suspension of standing orders, where there appeared as follows:-",for,text,resolved
Cork City,Shane O'Callaghan,12/05/2025,"a vote was called for on the suspension of standing orders, where there appeared as follows:-",for,text,resolved
Cork City,Fiona Kerins,12/05/2025,"a vote was called for on the suspension of standing orders, where there appeared as follows:-",for,text,resolved
Cork City,N. O’Connor,12/05/2025,"a vote was called for on the suspension of standing orders, where there appeared as follows:-",for,text,printed_form
Cork City,Joe Lynch,12/05/2025,"a vote was called for on the suspension of standing orders, where there appeared as follows:-",for,text,resolved
Cork City,Albert Deasy,12/05/2025,"a vote was called for on the suspension of standing orders, where there appeared as follows:-",for,text,resolved
Cork City,G. O’Brien,12/05/2025,"a vote was called for on the suspension of standing orders, where there appeared as follows:-",for,text,printed_form
Cork City,C. O’Connor,12/05/2025,"a vote was called for on the suspension of standing orders, where there appeared as follows:-",for,text,printed_form
Cork City,Joe Kavanagh,12/05/2025,"a vote was called for on the suspension of standing orders, where there appeared as follows:-",against,text,resolved
Cork City,Margaret McDonnell,12/05/2025,"a vote was called for on the suspension of standing orders, where there appeared as follows:-",against,text,resolved
Cork City,N. O’Flynn,12/05/2025,"a vote was called for on the suspension of standing orders, where there appeared as follows:-",against,text,printed_form
Cork City,Tony Fitzgerald,12/05/2025,"a vote was called for on the suspension of standing orders, where there appeared as follows:-",against,text,resolved
Cork City,John Sheehan,12/05/2025,"a vote was called for on the suspension of standing orders, where there appeared as follows:-",against,text,resolved
Cork City,Terry Shannon,12/05/2025,"a vote was called for on the suspension of standing orders, where there appeared as follows:-",against,text,resolved
Cork City,Mary Rose Desmond,12/05/2025,"a vote was called for on the suspension of standing orders, where there appeared as follows:-",against,text,resolved
Cork City,Des Cahill,12/05/2025,"a vote was called for on the suspension of standing orders, where there appeared as follows:-",against,text,resolved
Cork City,Seán Martin,12/05/2025,"a vote was called for on the suspension of standing orders, where there appeared as follows:-",against,text,resolved
Cork City,Fergal Dennehy,12/05/2025,"a vote was called for on the suspension of standing orders, where there appeared as follows:-",against,text,resolved
Cork City,Colm Kelleher,12/05/2025,"a vote was called for on the suspension of standing orders, where there appeared as follows:-",against,text,resolved
Cork City,D. Boyle,12/05/2025,"a vote was called for on the suspension of standing orders, where there appeared as follows:-",abstain,text,printed_form
Cork City,Joe Kavanagh,12/05/2025,a vote was called for on the approval of the amendment where there appeared as follows:-,for,text,resolved
Cork City,Margaret McDonnell,12/05/2025,a vote was called for on the approval of the amendment where there appeared as follows:-,for,text,resolved
Cork City,Tony Fitzgerald,12/05/2025,a vote was called for on the approval of the amendment where there appeared as follows:-,for,text,resolved
Cork City,John Sheehan,12/05/2025,a vote was called for on the approval of the amendment where there appeared as follows:-,for,text,resolved
Cork City,Terry Shannon,12/05/2025,a vote was called for on the approval of the amendment where there appeared as follows:-,for,text,resolved
Cork City,Mary Rose Desmond,12/05/2025,a vote was called for on the approval of the amendment where there appeared as follows:-,for,text,resolved
Cork City,Des Cahill,12/05/2025,a vote was called for on the approval of the amendment where there appeared as follows:-,for,text,resolved
Cork City,Fergal Dennehy,12/05/2025,a vote was called for on the approval of the amendment where there appeared as follows:-,for,text,resolved
Cork City,Colm Kelleher,12/05/2025,a vote was called for on the approval of the amendment where there appeared as follows:-,for,text,resolved
Cork City,Albert Deasy,12/05/2025,a vote was called for on the approval of the amendment where there appeared as follows:-,for,text,resolved
Cork City,Terry Coleman,12/05/2025,a vote was called for on the approval of the amendment where there appeared as follows:-,for,text,resolved
Cork City,G. O’Brien,12/05/2025,a vote was called for on the approval of the amendment where there appeared as follows:-,for,text,printed_form
Cork City,John Maher,12/05/2025,a vote was called for on the approval of the amendment where there appeared as follows:-,against,text,resolved
Cork City,Ted Tynan,12/05/2025,a vote was called for on the approval of the amendment where there appeared as follows:-,against,text,resolved
Cork City,Damian Boylan,12/05/2025,a vote was called for on the approval of the amendment where there appeared as follows:-,against,text,resolved
Cork City,Michelle Gould,12/05/2025,a vote was called for on the approval of the amendment where there appeared as follows:-,against,text,resolved
Cork City,Brian McCarthy,12/05/2025,a vote was called for on the approval of the amendment where there appeared as follows:-,against,text,resolved
Cork City,H. Kamegni,12/05/2025,a vote was called for on the approval of the amendment where there appeared as follows:-,against,text,printed_form
Cork City,Peter Horgan,12/05/2025,a vote was called for on the approval of the amendment where there appeared as follows:-,against,text,resolved
Cork City,Shane O'Callaghan,12/05/2025,a vote was called for on the approval of the amendment where there appeared as follows:-,against,text,resolved
Cork City,Fiona Kerins,12/05/2025,a vote was called for on the approval of the amendment where there appeared as follows:-,against,text,resolved
Cork City,D. Boyle,12/05/2025,a vote was called for on the approval of the amendment where there appeared as follows:-,against,text,printed_form
Cork City,N. O’Connor,12/05/2025,a vote was called for on the approval of the amendment where there appeared as follows:-,against,text,printed_form
Cork City,Joe Lynch,12/05/2025,a vote was called for on the approval of the amendment where there appeared as follows:-,against,text,resolved
Cork City,C. O’Connor,12/05/2025,a vote was called for on the approval of the amendment where there appeared as follows:-,against,text,printed_form
Cork City,O. Moran,12/05/2025,a vote was called for on the approval of the amendment where there appeared as follows:-,abstain,text,printed_form
Cork City,Ted Tynan,13/01/2025,a vote was called for on the approval of the motion where there appeared as follows:- (vote 1 of 2),for,text,resolved
Cork City,O. Moran,13/01/2025,a vote was called for on the approval of the motion where there appeared as follows:- (vote 1 of 2),for,text,printed_form
Cork City,Damian Boylan,13/01/2025,a vote was called for on the approval of the motion where there appeared as follows:- (vote 1 of 2),for,text,resolved
Cork City,John Sheehan,13/01/2025,a vote was called for on the approval of the motion where there appeared as follows:- (vote 1 of 2),for,text,resolved
Cork City,Michelle Gould,13/01/2025,a vote was called for on the approval of the motion where there appeared as follows:- (vote 1 of 2),for,text,resolved
Cork City,Kenneth Collins,13/01/2025,a vote was called for on the approval of the motion where there appeared as follows:- (vote 1 of 2),for,text,resolved
Cork City,Brian McCarthy,13/01/2025,a vote was called for on the approval of the motion where there appeared as follows:- (vote 1 of 2),for,text,resolved
Cork City,H. Kamegni,13/01/2025,a vote was called for on the approval of the motion where there appeared as follows:- (vote 1 of 2),for,text,printed_form
Cork City,Fiona Kerins,13/01/2025,a vote was called for on the approval of the motion where there appeared as follows:- (vote 1 of 2),for,text,resolved
Cork City,D. Boyle,13/01/2025,a vote was called for on the approval of the motion where there appeared as follows:- (vote 1 of 2),for,text,printed_form
Cork City,N. O’Connor,13/01/2025,a vote was called for on the approval of the motion where there appeared as follows:- (vote 1 of 2),for,text,printed_form
Cork City,Colm Kelleher,13/01/2025,a vote was called for on the approval of the motion where there appeared as follows:- (vote 1 of 2),for,text,resolved
Cork City,Laura Harmon,13/01/2025,a vote was called for on the approval of the motion where there appeared as follows:- (vote 1 of 2),for,text,resolved
Cork City,N. O’Flynn,13/01/2025,a vote was called for on the approval of the motion where there appeared as follows:- (vote 1 of 2),against,text,printed_form
Cork City,Kieran McCarthy,13/01/2025,a vote was called for on the approval of the motion where there appeared as follows:- (vote 1 of 2),against,text,resolved
Cork City,Seán Martin,13/01/2025,a vote was called for on the approval of the motion where there appeared as follows:- (vote 1 of 2),against,text,resolved
Cork City,Fergal Dennehy,13/01/2025,a vote was called for on the approval of the motion where there appeared as follows:- (vote 1 of 2),against,text,resolved
Cork City,Albert Deasy,13/01/2025,a vote was called for on the approval of the motion where there appeared as follows:- (vote 1 of 2),against,text,resolved
Cork City,John Maher,13/01/2025,a vote was called for on the approval of the motion where there appeared as follows:- (vote 1 of 2),abstain,text,resolved
Cork City,Joe Kavanagh,13/01/2025,a vote was called for on the approval of the motion where there appeared as follows:- (vote 1 of 2),abstain,text,resolved
Cork City,Tony Fitzgerald,13/01/2025,a vote was called for on the approval of the motion where there appeared as follows:- (vote 1 of 2),abstain,text,resolved
Cork City,Mary Rose Desmond,13/01/2025,a vote was called for on the approval of the motion where there appeared as follows:- (vote 1 of 2),abstain,text,resolved
Cork City,Peter Horgan,13/01/2025,a vote was called for on the approval of the motion where there appeared as follows:- (vote 1 of 2),abstain,text,resolved
Cork City,Terry Coleman,13/01/2025,a vote was called for on the approval of the motion where there appeared as follows:- (vote 1 of 2),abstain,text,resolved
Cork City,John Maher,13/01/2025,a vote was called for on the approval of the motion where there appeared as follows:- (vote 2 of 2),for,text,resolved
Cork City,Ted Tynan,13/01/2025,a vote was called for on the approval of the motion where there appeared as follows:- (vote 2 of 2),for,text,resolved
Cork City,O. Moran,13/01/2025,a vote was called for on the approval of the motion where there appeared as follows:- (vote 2 of 2),for,text,printed_form
Cork City,Michelle Gould,13/01/2025,a vote was called for on the approval of the motion where there appeared as follows:- (vote 2 of 2),for,text,resolved
Cork City,Kenneth Collins,13/01/2025,a vote was called for on the approval of the motion where there appeared as follows:- (vote 2 of 2),for,text,resolved
Cork City,Brian McCarthy,13/01/2025,a vote was called for on the approval of the motion where there appeared as follows:- (vote 2 of 2),for,text,resolved
Cork City,Kieran McCarthy,13/01/2025,a vote was called for on the approval of the motion where there appeared as follows:- (vote 2 of 2),for,text,resolved
Cork City,H. Kamegni,13/01/2025,a vote was called for on the approval of the motion where there appeared as follows:- (vote 2 of 2),for,text,printed_form
Cork City,Peter Horgan,13/01/2025,a vote was called for on the approval of the motion where there appeared as follows:- (vote 2 of 2),for,text,resolved
Cork City,Fiona Kerins,13/01/2025,a vote was called for on the approval of the motion where there appeared as follows:- (vote 2 of 2),for,text,resolved
Cork City,D. Boyle,13/01/2025,a vote was called for on the approval of the motion where there appeared as follows:- (vote 2 of 2),for,text,printed_form
Cork City,N. O’Connor,13/01/2025,a vote was called for on the approval of the motion where there appeared as follows:- (vote 2 of 2),for,text,printed_form
Cork City,Laura Harmon,13/01/2025,a vote was called for on the approval of the motion where there appeared as follows:- (vote 2 of 2),for,text,resolved
Cork City,Joe Kavanagh,13/01/2025,a vote was called for on the approval of the motion where there appeared as follows:- (vote 2 of 2),against,text,resolved
Cork City,Tony Fitzgerald,13/01/2025,a vote was called for on the approval of the motion where there appeared as follows:- (vote 2 of 2),against,text,resolved
Cork City,Damian Boylan,13/01/2025,a vote was called for on the approval of the motion where there appeared as follows:- (vote 2 of 2),against,text,resolved
Cork City,Mary Rose Desmond,13/01/2025,a vote was called for on the approval of the motion where there appeared as follows:- (vote 2 of 2),against,text,resolved
Cork City,Seán Martin,13/01/2025,a vote was called for on the approval of the motion where there appeared as follows:- (vote 2 of 2),against,text,resolved
Cork City,Fergal Dennehy,13/01/2025,a vote was called for on the approval of the motion where there appeared as follows:- (vote 2 of 2),against,text,resolved
Cork City,Colm Kelleher,13/01/2025,a vote was called for on the approval of the motion where there appeared as follows:- (vote 2 of 2),against,text,resolved
Cork City,Terry Coleman,13/01/2025,a vote was called for on the approval of the motion where there appeared as follows:- (vote 2 of 2),against,text,resolved
Cork City,John Maher,13/04/2026,"a vote was called for on the suspension of standing orders, where there appeared as follows:- (vote 1 of 3)",for,text,resolved
Cork City,O. Moran,13/04/2026,"a vote was called for on the suspension of standing orders, where there appeared as follows:- (vote 1 of 3)",for,text,printed_form
Cork City,N. O’Flynn,13/04/2026,"a vote was called for on the suspension of standing orders, where there appeared as follows:- (vote 1 of 3)",for,text,printed_form
Cork City,Michelle Gould,13/04/2026,"a vote was called for on the suspension of standing orders, where there appeared as follows:- (vote 1 of 3)",for,text,resolved
Cork City,Kenneth Collins,13/04/2026,"a vote was called for on the suspension of standing orders, where there appeared as follows:- (vote 1 of 3)",for,text,resolved
Cork City,Brian McCarthy,13/04/2026,"a vote was called for on the suspension of standing orders, where there appeared as follows:- (vote 1 of 3)",for,text,resolved
Cork City,Kieran McCarthy,13/04/2026,"a vote was called for on the suspension of standing orders, where there appeared as follows:- (vote 1 of 3)",for,text,resolved
Cork City,H. Kamegni,13/04/2026,"a vote was called for on the suspension of standing orders, where there appeared as follows:- (vote 1 of 3)",for,text,printed_form
Cork City,Peter Horgan,13/04/2026,"a vote was called for on the suspension of standing orders, where there appeared as follows:- (vote 1 of 3)",for,text,resolved
Cork City,Fiona Kerins,13/04/2026,"a vote was called for on the suspension of standing orders, where there appeared as follows:- (vote 1 of 3)",for,text,resolved
Cork City,N. O’Connor,13/04/2026,"a vote was called for on the suspension of standing orders, where there appeared as follows:- (vote 1 of 3)",for,text,printed_form
Cork City,Joe Lynch,13/04/2026,"a vote was called for on the suspension of standing orders, where there appeared as follows:- (vote 1 of 3)",for,text,resolved
Cork City,Albert Deasy,13/04/2026,"a vote was called for on the suspension of standing orders, where there appeared as follows:- (vote 1 of 3)",for,text,resolved
Cork City,C. O’Connor,13/04/2026,"a vote was called for on the suspension of standing orders, where there appeared as follows:- (vote 1 of 3)",for,text,printed_form
Cork City,Joe Kavanagh,13/04/2026,"a vote was called for on the suspension of standing orders, where there appeared as follows:- (vote 1 of 3)",against,text,resolved
Cork City,Margaret McDonnell,13/04/2026,"a vote was called for on the suspension of standing orders, where there appeared as follows:- (vote 1 of 3)",against,text,resolved
Cork City,Tony Fitzgerald,13/04/2026,"a vote was called for on the suspension of standing orders, where there appeared as follows:- (vote 1 of 3)",against,text,resolved
Cork City,John Sheehan,13/04/2026,"a vote was called for on the suspension of standing orders, where there appeared as follows:- (vote 1 of 3)",against,text,resolved
Cork City,Terry Shannon,13/04/2026,"a vote was called for on the suspension of standing orders, where there appeared as follows:- (vote 1 of 3)",against,text,resolved
Cork City,Mary Rose Desmond,13/04/2026,"a vote was called for on the suspension of standing orders, where there appeared as follows:- (vote 1 of 3)",against,text,resolved
Cork City,Des Cahill,13/04/2026,"a vote was called for on the suspension of standing orders, where there appeared as follows:- (vote 1 of 3)",against,text,resolved
Cork City,Shane O'Callaghan,13/04/2026,"a vote was called for on the suspension of standing orders, where there appeared as follows:- (vote 1 of 3)",against,text,resolved
Cork City,Seán Martin,13/04/2026,"a vote was called for on the suspension of standing orders, where there appeared as follows:- (vote 1 of 3)",against,text,resolved
Cork City,D. Boyle,13/04/2026,"a vote was called for on the suspension of standing orders, where there appeared as follows:- (vote 1 of 3)",against,text,printed_form
Cork City,Colm Kelleher,13/04/2026,"a vote was called for on the suspension of standing orders, where there appeared as follows:- (vote 1 of 3)",against,text,resolved
Cork City,Terry Coleman,13/04/2026,"a vote was called for on the suspension of standing orders, where there appeared as follows:- (vote 1 of 3)",against,text,resolved
Cork City,G. O’Brien,13/04/2026,"a vote was called for on the suspension of standing orders, where there appeared as follows:- (vote 1 of 3)",against,text,printed_form
Cork City,Fergal Dennehy,13/04/2026,"a vote was called for on the suspension of standing orders, where there appeared as follows:- (vote 1 of 3)",abstain,text,resolved
Cork City,John Maher,13/04/2026,"a vote was called for on the suspension of standing orders, where there appeared as follows:- (vote 2 of 3)",for,text,resolved
Cork City,O. Moran,13/04/2026,"a vote was called for on the suspension of standing orders, where there appeared as follows:- (vote 2 of 3)",for,text,printed_form
Cork City,N. O’Flynn,13/04/2026,"a vote was called for on the suspension of standing orders, where there appeared as follows:- (vote 2 of 3)",for,text,printed_form
Cork City,Michelle Gould,13/04/2026,"a vote was called for on the suspension of standing orders, where there appeared as follows:- (vote 2 of 3)",for,text,resolved
Cork City,Kenneth Collins,13/04/2026,"a vote was called for on the suspension of standing orders, where there appeared as follows:- (vote 2 of 3)",for,text,resolved
Cork City,Brian McCarthy,13/04/2026,"a vote was called for on the suspension of standing orders, where there appeared as follows:- (vote 2 of 3)",for,text,resolved
Cork City,Kieran McCarthy,13/04/2026,"a vote was called for on the suspension of standing orders, where there appeared as follows:- (vote 2 of 3)",for,text,resolved
Cork City,H. Kamegni,13/04/2026,"a vote was called for on the suspension of standing orders, where there appeared as follows:- (vote 2 of 3)",for,text,printed_form
Cork City,Peter Horgan,13/04/2026,"a vote was called for on the suspension of standing orders, where there appeared as follows:- (vote 2 of 3)",for,text,resolved
Cork City,Fiona Kerins,13/04/2026,"a vote was called for on the suspension of standing orders, where there appeared as follows:- (vote 2 of 3)",for,text,resolved
Cork City,D. Boyle,13/04/2026,"a vote was called for on the suspension of standing orders, where there appeared as follows:- (vote 2 of 3)",for,text,printed_form
Cork City,N. O’Connor,13/04/2026,"a vote was called for on the suspension of standing orders, where there appeared as follows:- (vote 2 of 3)",for,text,printed_form
Cork City,Joe Lynch,13/04/2026,"a vote was called for on the suspension of standing orders, where there appeared as follows:- (vote 2 of 3)",for,text,resolved
Cork City,Albert Deasy,13/04/2026,"a vote was called for on the suspension of standing orders, where there appeared as follows:- (vote 2 of 3)",for,text,resolved
Cork City,C. O’Connor,13/04/2026,"a vote was called for on the suspension of standing orders, where there appeared as follows:- (vote 2 of 3)",for,text,printed_form
Cork City,Joe Kavanagh,13/04/2026,"a vote was called for on the suspension of standing orders, where there appeared as follows:- (vote 2 of 3)",against,text,resolved
Cork City,Margaret McDonnell,13/04/2026,"a vote was called for on the suspension of standing orders, where there appeared as follows:- (vote 2 of 3)",against,text,resolved
Cork City,Tony Fitzgerald,13/04/2026,"a vote was called for on the suspension of standing orders, where there appeared as follows:- (vote 2 of 3)",against,text,resolved
Cork City,John Sheehan,13/04/2026,"a vote was called for on the suspension of standing orders, where there appeared as follows:- (vote 2 of 3)",against,text,resolved
Cork City,Terry Shannon,13/04/2026,"a vote was called for on the suspension of standing orders, where there appeared as follows:- (vote 2 of 3)",against,text,resolved
Cork City,Mary Rose Desmond,13/04/2026,"a vote was called for on the suspension of standing orders, where there appeared as follows:- (vote 2 of 3)",against,text,resolved
Cork City,Des Cahill,13/04/2026,"a vote was called for on the suspension of standing orders, where there appeared as follows:- (vote 2 of 3)",against,text,resolved
Cork City,Shane O'Callaghan,13/04/2026,"a vote was called for on the suspension of standing orders, where there appeared as follows:- (vote 2 of 3)",against,text,resolved
Cork City,Seán Martin,13/04/2026,"a vote was called for on the suspension of standing orders, where there appeared as follows:- (vote 2 of 3)",against,text,resolved
Cork City,Fergal Dennehy,13/04/2026,"a vote was called for on the suspension of standing orders, where there appeared as follows:- (vote 2 of 3)",against,text,resolved
Cork City,Colm Kelleher,13/04/2026,"a vote was called for on the suspension of standing orders, where there appeared as follows:- (vote 2 of 3)",against,text,resolved
Cork City,Terry Coleman,13/04/2026,"a vote was called for on the suspension of standing orders, where there appeared as follows:- (vote 2 of 3)",against,text,resolved
Cork City,G. O’Brien,13/04/2026,"a vote was called for on the suspension of standing orders, where there appeared as follows:- (vote 2 of 3)",against,text,printed_form
Cork City,John Maher,13/04/2026,"a vote was called for on the suspension of standing orders, where there appeared as follows:- (vote 3 of 3)",for,text,resolved
Cork City,O. Moran,13/04/2026,"a vote was called for on the suspension of standing orders, where there appeared as follows:- (vote 3 of 3)",for,text,printed_form
Cork City,N. O’Flynn,13/04/2026,"a vote was called for on the suspension of standing orders, where there appeared as follows:- (vote 3 of 3)",for,text,printed_form
Cork City,Michelle Gould,13/04/2026,"a vote was called for on the suspension of standing orders, where there appeared as follows:- (vote 3 of 3)",for,text,resolved
Cork City,Kenneth Collins,13/04/2026,"a vote was called for on the suspension of standing orders, where there appeared as follows:- (vote 3 of 3)",for,text,resolved
Cork City,Brian McCarthy,13/04/2026,"a vote was called for on the suspension of standing orders, where there appeared as follows:- (vote 3 of 3)",for,text,resolved
Cork City,Kieran McCarthy,13/04/2026,"a vote was called for on the suspension of standing orders, where there appeared as follows:- (vote 3 of 3)",for,text,resolved
Cork City,H. Kamegni,13/04/2026,"a vote was called for on the suspension of standing orders, where there appeared as follows:- (vote 3 of 3)",for,text,printed_form
Cork City,Peter Horgan,13/04/2026,"a vote was called for on the suspension of standing orders, where there appeared as follows:- (vote 3 of 3)",for,text,resolved
Cork City,Fiona Kerins,13/04/2026,"a vote was called for on the suspension of standing orders, where there appeared as follows:- (vote 3 of 3)",for,text,resolved
Cork City,D. Boyle,13/04/2026,"a vote was called for on the suspension of standing orders, where there appeared as follows:- (vote 3 of 3)",for,text,printed_form
Cork City,N. O’Connor,13/04/2026,"a vote was called for on the suspension of standing orders, where there appeared as follows:- (vote 3 of 3)",for,text,printed_form
Cork City,Joe Lynch,13/04/2026,"a vote was called for on the suspension of standing orders, where there appeared as follows:- (vote 3 of 3)",for,text,resolved
Cork City,Albert Deasy,13/04/2026,"a vote was called for on the suspension of standing orders, where there appeared as follows:- (vote 3 of 3)",for,text,resolved
Cork City,C. O’Connor,13/04/2026,"a vote was called for on the suspension of standing orders, where there appeared as follows:- (vote 3 of 3)",for,text,printed_form
Cork City,Joe Kavanagh,13/04/2026,"a vote was called for on the suspension of standing orders, where there appeared as follows:- (vote 3 of 3)",against,text,resolved
Cork City,Margaret McDonnell,13/04/2026,"a vote was called for on the suspension of standing orders, where there appeared as follows:- (vote 3 of 3)",against,text,resolved
Cork City,Tony Fitzgerald,13/04/2026,"a vote was called for on the suspension of standing orders, where there appeared as follows:- (vote 3 of 3)",against,text,resolved
Cork City,John Sheehan,13/04/2026,"a vote was called for on the suspension of standing orders, where there appeared as follows:- (vote 3 of 3)",against,text,resolved
Cork City,Terry Shannon,13/04/2026,"a vote was called for on the suspension of standing orders, where there appeared as follows:- (vote 3 of 3)",against,text,resolved
Cork City,Mary Rose Desmond,13/04/2026,"a vote was called for on the suspension of standing orders, where there appeared as follows:- (vote 3 of 3)",against,text,resolved
Cork City,Des Cahill,13/04/2026,"a vote was called for on the suspension of standing orders, where there appeared as follows:- (vote 3 of 3)",against,text,resolved
Cork City,Shane O'Callaghan,13/04/2026,"a vote was called for on the suspension of standing orders, where there appeared as follows:- (vote 3 of 3)",against,text,resolved
Cork City,Seán Martin,13/04/2026,"a vote was called for on the suspension of standing orders, where there appeared as follows:- (vote 3 of 3)",against,text,resolved
Cork City,Fergal Dennehy,13/04/2026,"a vote was called for on the suspension of standing orders, where there appeared as follows:- (vote 3 of 3)",against,text,resolved
Cork City,Colm Kelleher,13/04/2026,"a vote was called for on the suspension of standing orders, where there appeared as follows:- (vote 3 of 3)",against,text,resolved
Cork City,Terry Coleman,13/04/2026,"a vote was called for on the suspension of standing orders, where there appeared as follows:- (vote 3 of 3)",against,text,resolved
Cork City,G. O’Brien,13/04/2026,"a vote was called for on the suspension of standing orders, where there appeared as follows:- (vote 3 of 3)",against,text,printed_form
Cork City,N. O’Flynn,13/04/2026,a vote was called for on the approval of the motion where there appeared as follows:-,for,text,printed_form
Cork City,Kenneth Collins,13/04/2026,a vote was called for on the approval of the motion where there appeared as follows:-,for,text,resolved
Cork City,Kieran McCarthy,13/04/2026,a vote was called for on the approval of the motion where there appeared as follows:-,for,text,resolved
Cork City,Joe Lynch,13/04/2026,a vote was called for on the approval of the motion where there appeared as follows:-,for,text,resolved
Cork City,Albert Deasy,13/04/2026,a vote was called for on the approval of the motion where there appeared as follows:-,for,text,resolved
Cork City,Joe Kavanagh,13/04/2026,a vote was called for on the approval of the motion where there appeared as follows:-,against,text,resolved
Cork City,Margaret McDonnell,13/04/2026,a vote was called for on the approval of the motion where there appeared as follows:-,against,text,resolved
Cork City,O. Moran,13/04/2026,a vote was called for on the approval of the motion where there appeared as follows:-,against,text,printed_form
Cork City,Mary Rose Desmond,13/04/2026,a vote was called for on the approval of the motion where there appeared as follows:-,against,text,resolved
Cork City,Peter Horgan,13/04/2026,a vote was called for on the approval of the motion where there appeared as follows:-,against,text,resolved
Cork City,Shane O'Callaghan,13/04/2026,a vote was called for on the approval of the motion where there appeared as follows:-,against,text,resolved
Cork City,D. Boyle,13/04/2026,a vote was called for on the approval of the motion where there appeared as follows:-,against,text,printed_form
Cork City,N. O’Connor,13/04/2026,a vote was called for on the approval of the motion where there appeared as follows:-,against,text,printed_form
Cork City,Terry Coleman,13/04/2026,a vote was called for on the approval of the motion where there appeared as follows:-,against,text,resolved
Cork City,G. O’Brien,13/04/2026,a vote was called for on the approval of the motion where there appeared as follows:-,against,text,printed_form
Cork City,C. O’Connor,13/04/2026,a vote was called for on the approval of the motion where there appeared as follows:-,against,text,printed_form
Cork City,Fergal Dennehy,13/04/2026,a vote was called for on the approval of the motion where there appeared as follows:-,abstain,text,resolved
Cork City,Ken O'Flynn,13/05/2024,"A vote was called for on the approval of the proposed holding of Cork Carnival of Science, where there appeared as follows:-",for,text,resolved
Cork City,John Maher,13/05/2024,"A vote was called for on the approval of the proposed holding of Cork Carnival of Science, where there appeared as follows:-",for,text,resolved
Cork City,Joe Kavanagh,13/05/2024,"A vote was called for on the approval of the proposed holding of Cork Carnival of Science, where there appeared as follows:-",for,text,resolved
Cork City,O. Moran,13/05/2024,"A vote was called for on the approval of the proposed holding of Cork Carnival of Science, where there appeared as follows:-",for,text,printed_form
Cork City,G. Keohane,13/05/2024,"A vote was called for on the approval of the proposed holding of Cork Carnival of Science, where there appeared as follows:-",for,text,printed_form
Cork City,Tony Fitzgerald,13/05/2024,"A vote was called for on the approval of the proposed holding of Cork Carnival of Science, where there appeared as follows:-",for,text,resolved
Cork City,John Sheehan,13/05/2024,"A vote was called for on the approval of the proposed holding of Cork Carnival of Science, where there appeared as follows:-",for,text,resolved
Cork City,Damian Boylan,13/05/2024,"A vote was called for on the approval of the proposed holding of Cork Carnival of Science, where there appeared as follows:-",for,text,resolved
Cork City,Des Cahill,13/05/2024,"A vote was called for on the approval of the proposed holding of Cork Carnival of Science, where there appeared as follows:-",for,text,resolved
Cork City,Mary Rose Desmond,13/05/2024,"A vote was called for on the approval of the proposed holding of Cork Carnival of Science, where there appeared as follows:-",for,text,resolved
Cork City,Kieran McCarthy,13/05/2024,"A vote was called for on the approval of the proposed holding of Cork Carnival of Science, where there appeared as follows:-",for,text,resolved
Cork City,Terry Shannon,13/05/2024,"A vote was called for on the approval of the proposed holding of Cork Carnival of Science, where there appeared as follows:-",for,text,resolved
Cork City,D. Forde,13/05/2024,"A vote was called for on the approval of the proposed holding of Cork Carnival of Science, where there appeared as follows:-",for,text,printed_form
Cork City,M. Finn,13/05/2024,"A vote was called for on the approval of the proposed holding of Cork Carnival of Science, where there appeared as follows:-",for,text,printed_form
Cork City,D. Boyle,13/05/2024,"A vote was called for on the approval of the proposed holding of Cork Carnival of Science, where there appeared as follows:-",for,text,printed_form
Cork City,Seán Martin,13/05/2024,"A vote was called for on the approval of the proposed holding of Cork Carnival of Science, where there appeared as follows:-",for,text,resolved
Cork City,Shane O'Callaghan,13/05/2024,"A vote was called for on the approval of the proposed holding of Cork Carnival of Science, where there appeared as follows:-",for,text,resolved
Cork City,Paudie Dineen,13/05/2024,"A vote was called for on the approval of the proposed holding of Cork Carnival of Science, where there appeared as follows:-",for,text,resolved
Cork City,Fergal Dennehy,13/05/2024,"A vote was called for on the approval of the proposed holding of Cork Carnival of Science, where there appeared as follows:-",for,text,resolved
Cork City,D. Canty,13/05/2024,"A vote was called for on the approval of the proposed holding of Cork Carnival of Science, where there appeared as follows:-",for,text,printed_form
Cork City,C. Finn,13/05/2024,"A vote was called for on the approval of the proposed holding of Cork Carnival of Science, where there appeared as follows:-",for,text,printed_form
Cork City,Colm Kelleher,13/05/2024,"A vote was called for on the approval of the proposed holding of Cork Carnival of Science, where there appeared as follows:-",for,text,resolved
Cork City,Garret Kelleher,13/05/2024,"A vote was called for on the approval of the proposed holding of Cork Carnival of Science, where there appeared as follows:-",for,text,resolved
Cork City,Ted Tynan,13/05/2024,"A vote was called for on the approval of the proposed holding of Cork Carnival of Science, where there appeared as follows:-",against,text,resolved
Cork City,M. Nugent,13/05/2024,"A vote was called for on the approval of the proposed holding of Cork Carnival of Science, where there appeared as follows:-",against,text,printed_form
Cork City,Kenneth Collins,13/05/2024,"A vote was called for on the approval of the proposed holding of Cork Carnival of Science, where there appeared as follows:-",against,text,resolved
Cork City,Brian McCarthy,13/05/2024,"A vote was called for on the approval of the proposed holding of Cork Carnival of Science, where there appeared as follows:-",against,text,resolved
Cork City,L. Bogue,13/05/2024,"A vote was called for on the approval of the proposed holding of Cork Carnival of Science, where there appeared as follows:-",against,text,printed_form
Cork City,Fiona Kerins,13/05/2024,"A vote was called for on the approval of the proposed holding of Cork Carnival of Science, where there appeared as follows:-",against,text,resolved
Cork City,Orla O’Leary,13/05/2024,"A vote was called for on the approval of the proposed holding of Cork Carnival of Science, where there appeared as follows:-",against,text,printed_form
Cork City,T. Moloney,13/05/2024,"A vote was called for on the approval of the proposed holding of Cork Carnival of Science, where there appeared as follows:-",abstain,text,printed_form
Cork City,John Maher,13/05/2024,a vote was called for on the approval of the proposed residential development at Spring Lane Halting Site and Ellis Yard where there appeared as follows:-,for,text,resolved
Cork City,Ted Tynan,13/05/2024,a vote was called for on the approval of the proposed residential development at Spring Lane Halting Site and Ellis Yard where there appeared as follows:-,for,text,resolved
Cork City,O. Moran,13/05/2024,a vote was called for on the approval of the proposed residential development at Spring Lane Halting Site and Ellis Yard where there appeared as follows:-,for,text,printed_form
Cork City,G. Keohane,13/05/2024,a vote was called for on the approval of the proposed residential development at Spring Lane Halting Site and Ellis Yard where there appeared as follows:-,for,text,printed_form
Cork City,Tony Fitzgerald,13/05/2024,a vote was called for on the approval of the proposed residential development at Spring Lane Halting Site and Ellis Yard where there appeared as follows:-,for,text,resolved
Cork City,M. Nugent,13/05/2024,a vote was called for on the approval of the proposed residential development at Spring Lane Halting Site and Ellis Yard where there appeared as follows:-,for,text,printed_form
Cork City,John Sheehan,13/05/2024,a vote was called for on the approval of the proposed residential development at Spring Lane Halting Site and Ellis Yard where there appeared as follows:-,for,text,resolved
Cork City,Kenneth Collins,13/05/2024,a vote was called for on the approval of the proposed residential development at Spring Lane Halting Site and Ellis Yard where there appeared as follows:-,for,text,resolved
Cork City,Brian McCarthy,13/05/2024,a vote was called for on the approval of the proposed residential development at Spring Lane Halting Site and Ellis Yard where there appeared as follows:-,for,text,resolved
Cork City,Damian Boylan,13/05/2024,a vote was called for on the approval of the proposed residential development at Spring Lane Halting Site and Ellis Yard where there appeared as follows:-,for,text,resolved
Cork City,L. Bogue,13/05/2024,a vote was called for on the approval of the proposed residential development at Spring Lane Halting Site and Ellis Yard where there appeared as follows:-,for,text,printed_form
Cork City,Mary Rose Desmond,13/05/2024,a vote was called for on the approval of the proposed residential development at Spring Lane Halting Site and Ellis Yard where there appeared as follows:-,for,text,resolved
Cork City,Kieran McCarthy,13/05/2024,a vote was called for on the approval of the proposed residential development at Spring Lane Halting Site and Ellis Yard where there appeared as follows:-,for,text,resolved
Cork City,M. Finn,13/05/2024,a vote was called for on the approval of the proposed residential development at Spring Lane Halting Site and Ellis Yard where there appeared as follows:-,for,text,printed_form
Cork City,D. Boyle,13/05/2024,a vote was called for on the approval of the proposed residential development at Spring Lane Halting Site and Ellis Yard where there appeared as follows:-,for,text,printed_form
Cork City,Seán Martin,13/05/2024,a vote was called for on the approval of the proposed residential development at Spring Lane Halting Site and Ellis Yard where there appeared as follows:-,for,text,resolved
Cork City,Shane O'Callaghan,13/05/2024,a vote was called for on the approval of the proposed residential development at Spring Lane Halting Site and Ellis Yard where there appeared as follows:-,for,text,resolved
Cork City,Paudie Dineen,13/05/2024,a vote was called for on the approval of the proposed residential development at Spring Lane Halting Site and Ellis Yard where there appeared as follows:-,for,text,resolved
Cork City,Fiona Kerins,13/05/2024,a vote was called for on the approval of the proposed residential development at Spring Lane Halting Site and Ellis Yard where there appeared as follows:-,for,text,resolved
Cork City,Fergal Dennehy,13/05/2024,a vote was called for on the approval of the proposed residential development at Spring Lane Halting Site and Ellis Yard where there appeared as follows:-,for,text,resolved
Cork City,D. Canty,13/05/2024,a vote was called for on the approval of the proposed residential development at Spring Lane Halting Site and Ellis Yard where there appeared as follows:-,for,text,printed_form
Cork City,C. Finn,13/05/2024,a vote was called for on the approval of the proposed residential development at Spring Lane Halting Site and Ellis Yard where there appeared as follows:-,for,text,printed_form
Cork City,Colm Kelleher,13/05/2024,a vote was called for on the approval of the proposed residential development at Spring Lane Halting Site and Ellis Yard where there appeared as follows:-,for,text,resolved
Cork City,T. Moloney,13/05/2024,a vote was called for on the approval of the proposed residential development at Spring Lane Halting Site and Ellis Yard where there appeared as follows:-,for,text,printed_form
Cork City,Orla O’Leary,13/05/2024,a vote was called for on the approval of the proposed residential development at Spring Lane Halting Site and Ellis Yard where there appeared as follows:-,for,text,printed_form
Cork City,Ken O'Flynn,13/05/2024,a vote was called for on the approval of the proposed residential development at Spring Lane Halting Site and Ellis Yard where there appeared as follows:-,against,text,resolved
Cork City,Joe Kavanagh,13/05/2024,a vote was called for on the approval of the proposed residential development at Spring Lane Halting Site and Ellis Yard where there appeared as follows:-,against,text,resolved
Cork City,Des Cahill,13/05/2024,a vote was called for on the approval of the proposed residential development at Spring Lane Halting Site and Ellis Yard where there appeared as follows:-,against,text,resolved
Cork City,Albert Deasy,13/10/2025,"a vote was called for on the deferral of a decision in relation to the proposed development at Lehenaghmore, where there appeared as follows:-",for,text,resolved
Cork City,John Maher,13/10/2025,"a vote was called for on the deferral of a decision in relation to the proposed development at Lehenaghmore, where there appeared as follows:-",against,text,resolved
Cork City,Joe Kavanagh,13/10/2025,"a vote was called for on the deferral of a decision in relation to the proposed development at Lehenaghmore, where there appeared as follows:-",against,text,resolved
Cork City,Margaret McDonnell,13/10/2025,"a vote was called for on the deferral of a decision in relation to the proposed development at Lehenaghmore, where there appeared as follows:-",against,text,resolved
Cork City,Ted Tynan,13/10/2025,"a vote was called for on the deferral of a decision in relation to the proposed development at Lehenaghmore, where there appeared as follows:-",against,text,resolved
Cork City,O. Moran,13/10/2025,"a vote was called for on the deferral of a decision in relation to the proposed development at Lehenaghmore, where there appeared as follows:-",against,text,printed_form
Cork City,N. O’Flynn,13/10/2025,"a vote was called for on the deferral of a decision in relation to the proposed development at Lehenaghmore, where there appeared as follows:-",against,text,printed_form
Cork City,Tony Fitzgerald,13/10/2025,"a vote was called for on the deferral of a decision in relation to the proposed development at Lehenaghmore, where there appeared as follows:-",against,text,resolved
Cork City,Damian Boylan,13/10/2025,"a vote was called for on the deferral of a decision in relation to the proposed development at Lehenaghmore, where there appeared as follows:-",against,text,resolved
Cork City,John Sheehan,13/10/2025,"a vote was called for on the deferral of a decision in relation to the proposed development at Lehenaghmore, where there appeared as follows:-",against,text,resolved
Cork City,Michelle Gould,13/10/2025,"a vote was called for on the deferral of a decision in relation to the proposed development at Lehenaghmore, where there appeared as follows:-",against,text,resolved
Cork City,Kenneth Collins,13/10/2025,"a vote was called for on the deferral of a decision in relation to the proposed development at Lehenaghmore, where there appeared as follows:-",against,text,resolved
Cork City,Brian McCarthy,13/10/2025,"a vote was called for on the deferral of a decision in relation to the proposed development at Lehenaghmore, where there appeared as follows:-",against,text,resolved
Cork City,Terry Shannon,13/10/2025,"a vote was called for on the deferral of a decision in relation to the proposed development at Lehenaghmore, where there appeared as follows:-",against,text,resolved
Cork City,Mary Rose Desmond,13/10/2025,"a vote was called for on the deferral of a decision in relation to the proposed development at Lehenaghmore, where there appeared as follows:-",against,text,resolved
Cork City,Des Cahill,13/10/2025,"a vote was called for on the deferral of a decision in relation to the proposed development at Lehenaghmore, where there appeared as follows:-",against,text,resolved
Cork City,Peter Horgan,13/10/2025,"a vote was called for on the deferral of a decision in relation to the proposed development at Lehenaghmore, where there appeared as follows:-",against,text,resolved
Cork City,Shane O'Callaghan,13/10/2025,"a vote was called for on the deferral of a decision in relation to the proposed development at Lehenaghmore, where there appeared as follows:-",against,text,resolved
Cork City,Seán Martin,13/10/2025,"a vote was called for on the deferral of a decision in relation to the proposed development at Lehenaghmore, where there appeared as follows:-",against,text,resolved
Cork City,Fiona Kerins,13/10/2025,"a vote was called for on the deferral of a decision in relation to the proposed development at Lehenaghmore, where there appeared as follows:-",against,text,resolved
Cork City,Paudie Dineen,13/10/2025,"a vote was called for on the deferral of a decision in relation to the proposed development at Lehenaghmore, where there appeared as follows:-",against,text,resolved
Cork City,D. Boyle,13/10/2025,"a vote was called for on the deferral of a decision in relation to the proposed development at Lehenaghmore, where there appeared as follows:-",against,text,printed_form
Cork City,N. O’Connor,13/10/2025,"a vote was called for on the deferral of a decision in relation to the proposed development at Lehenaghmore, where there appeared as follows:-",against,text,printed_form
Cork City,Fergal Dennehy,13/10/2025,"a vote was called for on the deferral of a decision in relation to the proposed development at Lehenaghmore, where there appeared as follows:-",against,text,resolved
Cork City,Joe Lynch,13/10/2025,"a vote was called for on the deferral of a decision in relation to the proposed development at Lehenaghmore, where there appeared as follows:-",against,text,resolved
Cork City,Terry Coleman,13/10/2025,"a vote was called for on the deferral of a decision in relation to the proposed development at Lehenaghmore, where there appeared as follows:-",against,text,resolved
Cork City,G. O’Brien,13/10/2025,"a vote was called for on the deferral of a decision in relation to the proposed development at Lehenaghmore, where there appeared as follows:-",against,text,printed_form
Cork City,C. O’Connor,13/10/2025,"a vote was called for on the deferral of a decision in relation to the proposed development at Lehenaghmore, where there appeared as follows:-",against,text,printed_form
Cork City,John Maher,13/10/2025,"a vote was called for on the approval of the proposed development at Lehenaghmore, where there appeared as follows:-",for,text,resolved
Cork City,Joe Kavanagh,13/10/2025,"a vote was called for on the approval of the proposed development at Lehenaghmore, where there appeared as follows:-",for,text,resolved
Cork City,Margaret McDonnell,13/10/2025,"a vote was called for on the approval of the proposed development at Lehenaghmore, where there appeared as follows:-",for,text,resolved
Cork City,Ted Tynan,13/10/2025,"a vote was called for on the approval of the proposed development at Lehenaghmore, where there appeared as follows:-",for,text,resolved
Cork City,O. Moran,13/10/2025,"a vote was called for on the approval of the proposed development at Lehenaghmore, where there appeared as follows:-",for,text,printed_form
Cork City,N. O’Flynn,13/10/2025,"a vote was called for on the approval of the proposed development at Lehenaghmore, where there appeared as follows:-",for,text,printed_form
Cork City,Tony Fitzgerald,13/10/2025,"a vote was called for on the approval of the proposed development at Lehenaghmore, where there appeared as follows:-",for,text,resolved
Cork City,Damian Boylan,13/10/2025,"a vote was called for on the approval of the proposed development at Lehenaghmore, where there appeared as follows:-",for,text,resolved
Cork City,John Sheehan,13/10/2025,"a vote was called for on the approval of the proposed development at Lehenaghmore, where there appeared as follows:-",for,text,resolved
Cork City,Michelle Gould,13/10/2025,"a vote was called for on the approval of the proposed development at Lehenaghmore, where there appeared as follows:-",for,text,resolved
Cork City,Kenneth Collins,13/10/2025,"a vote was called for on the approval of the proposed development at Lehenaghmore, where there appeared as follows:-",for,text,resolved
Cork City,Brian McCarthy,13/10/2025,"a vote was called for on the approval of the proposed development at Lehenaghmore, where there appeared as follows:-",for,text,resolved
Cork City,Terry Shannon,13/10/2025,"a vote was called for on the approval of the proposed development at Lehenaghmore, where there appeared as follows:-",for,text,resolved
Cork City,Mary Rose Desmond,13/10/2025,"a vote was called for on the approval of the proposed development at Lehenaghmore, where there appeared as follows:-",for,text,resolved
Cork City,Des Cahill,13/10/2025,"a vote was called for on the approval of the proposed development at Lehenaghmore, where there appeared as follows:-",for,text,resolved
Cork City,Peter Horgan,13/10/2025,"a vote was called for on the approval of the proposed development at Lehenaghmore, where there appeared as follows:-",for,text,resolved
Cork City,Shane O'Callaghan,13/10/2025,"a vote was called for on the approval of the proposed development at Lehenaghmore, where there appeared as follows:-",for,text,resolved
Cork City,Seán Martin,13/10/2025,"a vote was called for on the approval of the proposed development at Lehenaghmore, where there appeared as follows:-",for,text,resolved
Cork City,Fiona Kerins,13/10/2025,"a vote was called for on the approval of the proposed development at Lehenaghmore, where there appeared as follows:-",for,text,resolved
Cork City,Paudie Dineen,13/10/2025,"a vote was called for on the approval of the proposed development at Lehenaghmore, where there appeared as follows:-",for,text,resolved
Cork City,D. Boyle,13/10/2025,"a vote was called for on the approval of the proposed development at Lehenaghmore, where there appeared as follows:-",for,text,printed_form
Cork City,N. O’Connor,13/10/2025,"a vote was called for on the approval of the proposed development at Lehenaghmore, where there appeared as follows:-",for,text,printed_form
Cork City,Fergal Dennehy,13/10/2025,"a vote was called for on the approval of the proposed development at Lehenaghmore, where there appeared as follows:-",for,text,resolved
Cork City,Joe Lynch,13/10/2025,"a vote was called for on the approval of the proposed development at Lehenaghmore, where there appeared as follows:-",for,text,resolved
Cork City,Terry Coleman,13/10/2025,"a vote was called for on the approval of the proposed development at Lehenaghmore, where there appeared as follows:-",for,text,resolved
Cork City,G. O’Brien,13/10/2025,"a vote was called for on the approval of the proposed development at Lehenaghmore, where there appeared as follows:-",for,text,printed_form
Cork City,C. O’Connor,13/10/2025,"a vote was called for on the approval of the proposed development at Lehenaghmore, where there appeared as follows:-",for,text,printed_form
Cork City,Albert Deasy,13/10/2025,"a vote was called for on the approval of the proposed development at Lehenaghmore, where there appeared as follows:-",against,text,resolved
Cork City,John Maher,13/10/2025,"‘That Cork City Council supports the suspension of Israel from the United Nations until such time as Israel ends its blockade and occupation of Gaza and West Bank in accordance with international law, and a just peace settlement is agreed.’",for,text,resolved
Cork City,Damian Boylan,13/10/2025,"‘That Cork City Council supports the suspension of Israel from the United Nations until such time as Israel ends its blockade and occupation of Gaza and West Bank in accordance with international law, and a just peace settlement is agreed.’",for,text,resolved
Cork City,Kenneth Collins,13/10/2025,"‘That Cork City Council supports the suspension of Israel from the United Nations until such time as Israel ends its blockade and occupation of Gaza and West Bank in accordance with international law, and a just peace settlement is agreed.’",for,text,resolved
Cork City,Brian McCarthy,13/10/2025,"‘That Cork City Council supports the suspension of Israel from the United Nations until such time as Israel ends its blockade and occupation of Gaza and West Bank in accordance with international law, and a just peace settlement is agreed.’",for,text,resolved
Cork City,Peter Horgan,13/10/2025,"‘That Cork City Council supports the suspension of Israel from the United Nations until such time as Israel ends its blockade and occupation of Gaza and West Bank in accordance with international law, and a just peace settlement is agreed.’",for,text,resolved
Cork City,Shane O'Callaghan,13/10/2025,"‘That Cork City Council supports the suspension of Israel from the United Nations until such time as Israel ends its blockade and occupation of Gaza and West Bank in accordance with international law, and a just peace settlement is agreed.’",for,text,resolved
Cork City,Fiona Kerins,13/10/2025,"‘That Cork City Council supports the suspension of Israel from the United Nations until such time as Israel ends its blockade and occupation of Gaza and West Bank in accordance with international law, and a just peace settlement is agreed.’",for,text,resolved
Cork City,G. O’Brien,13/10/2025,"‘That Cork City Council supports the suspension of Israel from the United Nations until such time as Israel ends its blockade and occupation of Gaza and West Bank in accordance with international law, and a just peace settlement is agreed.’",for,text,printed_form
Cork City,C. O’Connor,13/10/2025,"‘That Cork City Council supports the suspension of Israel from the United Nations until such time as Israel ends its blockade and occupation of Gaza and West Bank in accordance with international law, and a just peace settlement is agreed.’",for,text,printed_form
Cork City,Margaret McDonnell,13/10/2025,"‘That Cork City Council supports the suspension of Israel from the United Nations until such time as Israel ends its blockade and occupation of Gaza and West Bank in accordance with international law, and a just peace settlement is agreed.’",against,text,resolved
Cork City,Tony Fitzgerald,13/10/2025,"‘That Cork City Council supports the suspension of Israel from the United Nations until such time as Israel ends its blockade and occupation of Gaza and West Bank in accordance with international law, and a just peace settlement is agreed.’",against,text,resolved
Cork City,John Sheehan,13/10/2025,"‘That Cork City Council supports the suspension of Israel from the United Nations until such time as Israel ends its blockade and occupation of Gaza and West Bank in accordance with international law, and a just peace settlement is agreed.’",against,text,resolved
Cork City,Joe Kavanagh,13/10/2025,"‘That Cork City Council supports the suspension of Israel from the United Nations until such time as Israel ends its blockade and occupation of Gaza and West Bank in accordance with international law, and a just peace settlement is agreed.’",abstain,text,resolved
Cork City,Ted Tynan,13/10/2025,"‘That Cork City Council supports the suspension of Israel from the United Nations until such time as Israel ends its blockade and occupation of Gaza and West Bank in accordance with international law, and a just peace settlement is agreed.’",abstain,text,resolved
Cork City,O. Moran,13/10/2025,"‘That Cork City Council supports the suspension of Israel from the United Nations until such time as Israel ends its blockade and occupation of Gaza and West Bank in accordance with international law, and a just peace settlement is agreed.’",abstain,text,printed_form
Cork City,D. Boyle,13/10/2025,"‘That Cork City Council supports the suspension of Israel from the United Nations until such time as Israel ends its blockade and occupation of Gaza and West Bank in accordance with international law, and a just peace settlement is agreed.’",abstain,text,printed_form
Cork City,N. O’Connor,13/10/2025,"‘That Cork City Council supports the suspension of Israel from the United Nations until such time as Israel ends its blockade and occupation of Gaza and West Bank in accordance with international law, and a just peace settlement is agreed.’",abstain,text,printed_form
Cork City,Fergal Dennehy,13/10/2025,"‘That Cork City Council supports the suspension of Israel from the United Nations until such time as Israel ends its blockade and occupation of Gaza and West Bank in accordance with international law, and a just peace settlement is agreed.’",abstain,text,resolved
Cork City,John Maher,14/04/2025,"a vote was called for on the approval of the proposed residential development at Scairt Cross, where there appeared as follows:-",for,text,resolved
Cork City,Joe Kavanagh,14/04/2025,"a vote was called for on the approval of the proposed residential development at Scairt Cross, where there appeared as follows:-",for,text,resolved
Cork City,Margaret McDonnell,14/04/2025,"a vote was called for on the approval of the proposed residential development at Scairt Cross, where there appeared as follows:-",for,text,resolved
Cork City,Ted Tynan,14/04/2025,"a vote was called for on the approval of the proposed residential development at Scairt Cross, where there appeared as follows:-",for,text,resolved
Cork City,O. Moran,14/04/2025,"a vote was called for on the approval of the proposed residential development at Scairt Cross, where there appeared as follows:-",for,text,printed_form
Cork City,N. O’Flynn,14/04/2025,"a vote was called for on the approval of the proposed residential development at Scairt Cross, where there appeared as follows:-",for,text,printed_form
Cork City,Tony Fitzgerald,14/04/2025,"a vote was called for on the approval of the proposed residential development at Scairt Cross, where there appeared as follows:-",for,text,resolved
Cork City,Damian Boylan,14/04/2025,"a vote was called for on the approval of the proposed residential development at Scairt Cross, where there appeared as follows:-",for,text,resolved
Cork City,John Sheehan,14/04/2025,"a vote was called for on the approval of the proposed residential development at Scairt Cross, where there appeared as follows:-",for,text,resolved
Cork City,Michelle Gould,14/04/2025,"a vote was called for on the approval of the proposed residential development at Scairt Cross, where there appeared as follows:-",for,text,resolved
Cork City,Kenneth Collins,14/04/2025,"a vote was called for on the approval of the proposed residential development at Scairt Cross, where there appeared as follows:-",for,text,resolved
Cork City,Terry Shannon,14/04/2025,"a vote was called for on the approval of the proposed residential development at Scairt Cross, where there appeared as follows:-",for,text,resolved
Cork City,Mary Rose Desmond,14/04/2025,"a vote was called for on the approval of the proposed residential development at Scairt Cross, where there appeared as follows:-",for,text,resolved
Cork City,Des Cahill,14/04/2025,"a vote was called for on the approval of the proposed residential development at Scairt Cross, where there appeared as follows:-",for,text,resolved
Cork City,H. Kamegni,14/04/2025,"a vote was called for on the approval of the proposed residential development at Scairt Cross, where there appeared as follows:-",for,text,printed_form
Cork City,Peter Horgan,14/04/2025,"a vote was called for on the approval of the proposed residential development at Scairt Cross, where there appeared as follows:-",for,text,resolved
Cork City,Shane O'Callaghan,14/04/2025,"a vote was called for on the approval of the proposed residential development at Scairt Cross, where there appeared as follows:-",for,text,resolved
Cork City,Seán Martin,14/04/2025,"a vote was called for on the approval of the proposed residential development at Scairt Cross, where there appeared as follows:-",for,text,resolved
Cork City,Fiona Kerins,14/04/2025,"a vote was called for on the approval of the proposed residential development at Scairt Cross, where there appeared as follows:-",for,text,resolved
Cork City,Paudie Dineen,14/04/2025,"a vote was called for on the approval of the proposed residential development at Scairt Cross, where there appeared as follows:-",for,text,resolved
Cork City,D. Boyle,14/04/2025,"a vote was called for on the approval of the proposed residential development at Scairt Cross, where there appeared as follows:-",for,text,printed_form
Cork City,N. O’Connor,14/04/2025,"a vote was called for on the approval of the proposed residential development at Scairt Cross, where there appeared as follows:-",for,text,printed_form
Cork City,Fergal Dennehy,14/04/2025,"a vote was called for on the approval of the proposed residential development at Scairt Cross, where there appeared as follows:-",for,text,resolved
Cork City,Colm Kelleher,14/04/2025,"a vote was called for on the approval of the proposed residential development at Scairt Cross, where there appeared as follows:-",for,text,resolved
Cork City,Joe Lynch,14/04/2025,"a vote was called for on the approval of the proposed residential development at Scairt Cross, where there appeared as follows:-",for,text,resolved
Cork City,Terry Coleman,14/04/2025,"a vote was called for on the approval of the proposed residential development at Scairt Cross, where there appeared as follows:-",for,text,resolved
Cork City,G. O’Brien,14/04/2025,"a vote was called for on the approval of the proposed residential development at Scairt Cross, where there appeared as follows:-",for,text,printed_form
Cork City,C. O’Connor,14/04/2025,"a vote was called for on the approval of the proposed residential development at Scairt Cross, where there appeared as follows:-",for,text,printed_form
Cork City,Kieran McCarthy,14/04/2025,"a vote was called for on the approval of the proposed residential development at Scairt Cross, where there appeared as follows:-",against,text,resolved
Cork City,Albert Deasy,14/04/2025,"a vote was called for on the approval of the proposed residential development at Scairt Cross, where there appeared as follows:-",abstain,text,resolved
Cork City,N. O’Flynn,14/04/2025,"a vote was called for on returning the Age Friendly City Strategy 2025 – 2029 to the Community, Culture & Placemaking Strategic Policy Committee for further consideration, where there appeared as follows:-",for,text,printed_form
Cork City,Paudie Dineen,14/04/2025,"a vote was called for on returning the Age Friendly City Strategy 2025 – 2029 to the Community, Culture & Placemaking Strategic Policy Committee for further consideration, where there appeared as follows:-",for,text,resolved
Cork City,Albert Deasy,14/04/2025,"a vote was called for on returning the Age Friendly City Strategy 2025 – 2029 to the Community, Culture & Placemaking Strategic Policy Committee for further consideration, where there appeared as follows:-",for,text,resolved
Cork City,John Maher,14/04/2025,"a vote was called for on returning the Age Friendly City Strategy 2025 – 2029 to the Community, Culture & Placemaking Strategic Policy Committee for further consideration, where there appeared as follows:-",against,text,resolved
Cork City,Joe Kavanagh,14/04/2025,"a vote was called for on returning the Age Friendly City Strategy 2025 – 2029 to the Community, Culture & Placemaking Strategic Policy Committee for further consideration, where there appeared as follows:-",against,text,resolved
Cork City,Margaret McDonnell,14/04/2025,"a vote was called for on returning the Age Friendly City Strategy 2025 – 2029 to the Community, Culture & Placemaking Strategic Policy Committee for further consideration, where there appeared as follows:-",against,text,resolved
Cork City,Ted Tynan,14/04/2025,"a vote was called for on returning the Age Friendly City Strategy 2025 – 2029 to the Community, Culture & Placemaking Strategic Policy Committee for further consideration, where there appeared as follows:-",against,text,resolved
Cork City,O. Moran,14/04/2025,"a vote was called for on returning the Age Friendly City Strategy 2025 – 2029 to the Community, Culture & Placemaking Strategic Policy Committee for further consideration, where there appeared as follows:-",against,text,printed_form
Cork City,Tony Fitzgerald,14/04/2025,"a vote was called for on returning the Age Friendly City Strategy 2025 – 2029 to the Community, Culture & Placemaking Strategic Policy Committee for further consideration, where there appeared as follows:-",against,text,resolved
Cork City,Damian Boylan,14/04/2025,"a vote was called for on returning the Age Friendly City Strategy 2025 – 2029 to the Community, Culture & Placemaking Strategic Policy Committee for further consideration, where there appeared as follows:-",against,text,resolved
Cork City,John Sheehan,14/04/2025,"a vote was called for on returning the Age Friendly City Strategy 2025 – 2029 to the Community, Culture & Placemaking Strategic Policy Committee for further consideration, where there appeared as follows:-",against,text,resolved
Cork City,Kenneth Collins,14/04/2025,"a vote was called for on returning the Age Friendly City Strategy 2025 – 2029 to the Community, Culture & Placemaking Strategic Policy Committee for further consideration, where there appeared as follows:-",against,text,resolved
Cork City,Terry Shannon,14/04/2025,"a vote was called for on returning the Age Friendly City Strategy 2025 – 2029 to the Community, Culture & Placemaking Strategic Policy Committee for further consideration, where there appeared as follows:-",against,text,resolved
Cork City,Kieran McCarthy,14/04/2025,"a vote was called for on returning the Age Friendly City Strategy 2025 – 2029 to the Community, Culture & Placemaking Strategic Policy Committee for further consideration, where there appeared as follows:-",against,text,resolved
Cork City,Mary Rose Desmond,14/04/2025,"a vote was called for on returning the Age Friendly City Strategy 2025 – 2029 to the Community, Culture & Placemaking Strategic Policy Committee for further consideration, where there appeared as follows:-",against,text,resolved
Cork City,Des Cahill,14/04/2025,"a vote was called for on returning the Age Friendly City Strategy 2025 – 2029 to the Community, Culture & Placemaking Strategic Policy Committee for further consideration, where there appeared as follows:-",against,text,resolved
Cork City,Peter Horgan,14/04/2025,"a vote was called for on returning the Age Friendly City Strategy 2025 – 2029 to the Community, Culture & Placemaking Strategic Policy Committee for further consideration, where there appeared as follows:-",against,text,resolved
Cork City,Seán Martin,14/04/2025,"a vote was called for on returning the Age Friendly City Strategy 2025 – 2029 to the Community, Culture & Placemaking Strategic Policy Committee for further consideration, where there appeared as follows:-",against,text,resolved
Cork City,Fiona Kerins,14/04/2025,"a vote was called for on returning the Age Friendly City Strategy 2025 – 2029 to the Community, Culture & Placemaking Strategic Policy Committee for further consideration, where there appeared as follows:-",against,text,resolved
Cork City,D. Boyle,14/04/2025,"a vote was called for on returning the Age Friendly City Strategy 2025 – 2029 to the Community, Culture & Placemaking Strategic Policy Committee for further consideration, where there appeared as follows:-",against,text,printed_form
Cork City,N. O’Connor,14/04/2025,"a vote was called for on returning the Age Friendly City Strategy 2025 – 2029 to the Community, Culture & Placemaking Strategic Policy Committee for further consideration, where there appeared as follows:-",against,text,printed_form
Cork City,Joe Lynch,14/04/2025,"a vote was called for on returning the Age Friendly City Strategy 2025 – 2029 to the Community, Culture & Placemaking Strategic Policy Committee for further consideration, where there appeared as follows:-",against,text,resolved
Cork City,Terry Coleman,14/04/2025,"a vote was called for on returning the Age Friendly City Strategy 2025 – 2029 to the Community, Culture & Placemaking Strategic Policy Committee for further consideration, where there appeared as follows:-",against,text,resolved
Cork City,G. O’Brien,14/04/2025,"a vote was called for on returning the Age Friendly City Strategy 2025 – 2029 to the Community, Culture & Placemaking Strategic Policy Committee for further consideration, where there appeared as follows:-",against,text,printed_form
Cork City,C. O’Connor,14/04/2025,"a vote was called for on returning the Age Friendly City Strategy 2025 – 2029 to the Community, Culture & Placemaking Strategic Policy Committee for further consideration, where there appeared as follows:-",against,text,printed_form
Cork City,H. Kamegni,14/04/2025,"a vote was called for on returning the Age Friendly City Strategy 2025 – 2029 to the Community, Culture & Placemaking Strategic Policy Committee for further consideration, where there appeared as follows:-",abstain,text,printed_form
Cork City,Shane O'Callaghan,14/04/2025,"a vote was called for on returning the Age Friendly City Strategy 2025 – 2029 to the Community, Culture & Placemaking Strategic Policy Committee for further consideration, where there appeared as follows:-",abstain,text,resolved
Cork City,Margaret McDonnell,14/04/2025,a vote was called for on the suspension of standing orders to continue the meeting to the end of the discussion on Comhairleoir J,for,text,resolved
Cork City,Ted Tynan,14/04/2025,a vote was called for on the suspension of standing orders to continue the meeting to the end of the discussion on Comhairleoir J,for,text,resolved
Cork City,N. O’Flynn,14/04/2025,a vote was called for on the suspension of standing orders to continue the meeting to the end of the discussion on Comhairleoir J,for,text,printed_form
Cork City,Tony Fitzgerald,14/04/2025,a vote was called for on the suspension of standing orders to continue the meeting to the end of the discussion on Comhairleoir J,for,text,resolved
Cork City,John Sheehan,14/04/2025,a vote was called for on the suspension of standing orders to continue the meeting to the end of the discussion on Comhairleoir J,for,text,resolved
Cork City,Kenneth Collins,14/04/2025,a vote was called for on the suspension of standing orders to continue the meeting to the end of the discussion on Comhairleoir J,for,text,resolved
Cork City,Terry Shannon,14/04/2025,a vote was called for on the suspension of standing orders to continue the meeting to the end of the discussion on Comhairleoir J,for,text,resolved
Cork City,Mary Rose Desmond,14/04/2025,a vote was called for on the suspension of standing orders to continue the meeting to the end of the discussion on Comhairleoir J,for,text,resolved
Cork City,Seán Martin,14/04/2025,a vote was called for on the suspension of standing orders to continue the meeting to the end of the discussion on Comhairleoir J,for,text,resolved
Cork City,Fergal Dennehy,14/04/2025,a vote was called for on the suspension of standing orders to continue the meeting to the end of the discussion on Comhairleoir J,for,text,resolved
Cork City,Colm Kelleher,14/04/2025,a vote was called for on the suspension of standing orders to continue the meeting to the end of the discussion on Comhairleoir J,for,text,resolved
Cork City,Terry Coleman,14/04/2025,a vote was called for on the suspension of standing orders to continue the meeting to the end of the discussion on Comhairleoir J,for,text,resolved
Cork City,John Maher,14/04/2025,a vote was called for on the suspension of standing orders to continue the meeting to the end of the discussion on Comhairleoir J,against,text,resolved
Cork City,Joe Kavanagh,14/04/2025,a vote was called for on the suspension of standing orders to continue the meeting to the end of the discussion on Comhairleoir J,against,text,resolved
Cork City,O. Moran,14/04/2025,a vote was called for on the suspension of standing orders to continue the meeting to the end of the discussion on Comhairleoir J,against,text,printed_form
Cork City,Damian Boylan,14/04/2025,a vote was called for on the suspension of standing orders to continue the meeting to the end of the discussion on Comhairleoir J,against,text,resolved
Cork City,Kieran McCarthy,14/04/2025,a vote was called for on the suspension of standing orders to continue the meeting to the end of the discussion on Comhairleoir J,against,text,resolved
Cork City,H. Kamegni,14/04/2025,a vote was called for on the suspension of standing orders to continue the meeting to the end of the discussion on Comhairleoir J,against,text,printed_form
Cork City,Peter Horgan,14/04/2025,a vote was called for on the suspension of standing orders to continue the meeting to the end of the discussion on Comhairleoir J,against,text,resolved
Cork City,Shane O'Callaghan,14/04/2025,a vote was called for on the suspension of standing orders to continue the meeting to the end of the discussion on Comhairleoir J,against,text,resolved
Cork City,Fiona Kerins,14/04/2025,a vote was called for on the suspension of standing orders to continue the meeting to the end of the discussion on Comhairleoir J,against,text,resolved
Cork City,N. O’Connor,14/04/2025,a vote was called for on the suspension of standing orders to continue the meeting to the end of the discussion on Comhairleoir J,against,text,printed_form
Cork City,G. O’Brien,14/04/2025,a vote was called for on the suspension of standing orders to continue the meeting to the end of the discussion on Comhairleoir J,against,text,printed_form
Cork City,C. O’Connor,14/04/2025,a vote was called for on the suspension of standing orders to continue the meeting to the end of the discussion on Comhairleoir J,against,text,printed_form
Cork City,D. Boyle,14/04/2025,a vote was called for on the suspension of standing orders to continue the meeting to the end of the discussion on Comhairleoir J,abstain,text,printed_form
Cork City,John Maher,14/04/2025,a vote was called for on the suspension of standing orders to continue the meeting to 9,for,text,resolved
Cork City,Joe Kavanagh,14/04/2025,a vote was called for on the suspension of standing orders to continue the meeting to 9,for,text,resolved
Cork City,Ted Tynan,14/04/2025,a vote was called for on the suspension of standing orders to continue the meeting to 9,for,text,resolved
Cork City,O. Moran,14/04/2025,a vote was called for on the suspension of standing orders to continue the meeting to 9,for,text,printed_form
Cork City,N. O’Flynn,14/04/2025,a vote was called for on the suspension of standing orders to continue the meeting to 9,for,text,printed_form
Cork City,Damian Boylan,14/04/2025,a vote was called for on the suspension of standing orders to continue the meeting to 9,for,text,resolved
Cork City,Kenneth Collins,14/04/2025,a vote was called for on the suspension of standing orders to continue the meeting to 9,for,text,resolved
Cork City,Kieran McCarthy,14/04/2025,a vote was called for on the suspension of standing orders to continue the meeting to 9,for,text,resolved
Cork City,H. Kamegni,14/04/2025,a vote was called for on the suspension of standing orders to continue the meeting to 9,for,text,printed_form
Cork City,Peter Horgan,14/04/2025,a vote was called for on the suspension of standing orders to continue the meeting to 9,for,text,resolved
Cork City,Shane O'Callaghan,14/04/2025,a vote was called for on the suspension of standing orders to continue the meeting to 9,for,text,resolved
Cork City,Fiona Kerins,14/04/2025,a vote was called for on the suspension of standing orders to continue the meeting to 9,for,text,resolved
Cork City,D. Boyle,14/04/2025,a vote was called for on the suspension of standing orders to continue the meeting to 9,for,text,printed_form
Cork City,N. O’Connor,14/04/2025,a vote was called for on the suspension of standing orders to continue the meeting to 9,for,text,printed_form
Cork City,Albert Deasy,14/04/2025,a vote was called for on the suspension of standing orders to continue the meeting to 9,for,text,resolved
Cork City,G. O’Brien,14/04/2025,a vote was called for on the suspension of standing orders to continue the meeting to 9,for,text,printed_form
Cork City,C. O’Connor,14/04/2025,a vote was called for on the suspension of standing orders to continue the meeting to 9,for,text,printed_form
Cork City,Margaret McDonnell,14/04/2025,a vote was called for on the suspension of standing orders to continue the meeting to 9,against,text,resolved
Cork City,Tony Fitzgerald,14/04/2025,a vote was called for on the suspension of standing orders to continue the meeting to 9,against,text,resolved
Cork City,John Sheehan,14/04/2025,a vote was called for on the suspension of standing orders to continue the meeting to 9,against,text,resolved
Cork City,Terry Shannon,14/04/2025,a vote was called for on the suspension of standing orders to continue the meeting to 9,against,text,resolved
Cork City,Mary Rose Desmond,14/04/2025,a vote was called for on the suspension of standing orders to continue the meeting to 9,against,text,resolved
Cork City,Seán Martin,14/04/2025,a vote was called for on the suspension of standing orders to continue the meeting to 9,against,text,resolved
Cork City,Fergal Dennehy,14/04/2025,a vote was called for on the suspension of standing orders to continue the meeting to 9,against,text,resolved
Cork City,Colm Kelleher,14/04/2025,a vote was called for on the suspension of standing orders to continue the meeting to 9,against,text,resolved
Cork City,Terry Coleman,14/04/2025,a vote was called for on the suspension of standing orders to continue the meeting to 9,against,text,resolved
Cork City,John Maher,14/07/2025,"a vote was called for on the suspension of standing orders to discuss motion 57 on Appendix 1, Conditions at Coppingers Acre, at the end of the meeting, where there appeared as follows:-",for,text,resolved
Cork City,Margaret McDonnell,14/07/2025,"a vote was called for on the suspension of standing orders to discuss motion 57 on Appendix 1, Conditions at Coppingers Acre, at the end of the meeting, where there appeared as follows:-",for,text,resolved
Cork City,Ted Tynan,14/07/2025,"a vote was called for on the suspension of standing orders to discuss motion 57 on Appendix 1, Conditions at Coppingers Acre, at the end of the meeting, where there appeared as follows:-",for,text,resolved
Cork City,O. Moran,14/07/2025,"a vote was called for on the suspension of standing orders to discuss motion 57 on Appendix 1, Conditions at Coppingers Acre, at the end of the meeting, where there appeared as follows:-",for,text,printed_form
Cork City,N. O’Flynn,14/07/2025,"a vote was called for on the suspension of standing orders to discuss motion 57 on Appendix 1, Conditions at Coppingers Acre, at the end of the meeting, where there appeared as follows:-",for,text,printed_form
Cork City,Tony Fitzgerald,14/07/2025,"a vote was called for on the suspension of standing orders to discuss motion 57 on Appendix 1, Conditions at Coppingers Acre, at the end of the meeting, where there appeared as follows:-",for,text,resolved
Cork City,Damian Boylan,14/07/2025,"a vote was called for on the suspension of standing orders to discuss motion 57 on Appendix 1, Conditions at Coppingers Acre, at the end of the meeting, where there appeared as follows:-",for,text,resolved
Cork City,John Sheehan,14/07/2025,"a vote was called for on the suspension of standing orders to discuss motion 57 on Appendix 1, Conditions at Coppingers Acre, at the end of the meeting, where there appeared as follows:-",for,text,resolved
Cork City,Michelle Gould,14/07/2025,"a vote was called for on the suspension of standing orders to discuss motion 57 on Appendix 1, Conditions at Coppingers Acre, at the end of the meeting, where there appeared as follows:-",for,text,resolved
Cork City,Kenneth Collins,14/07/2025,"a vote was called for on the suspension of standing orders to discuss motion 57 on Appendix 1, Conditions at Coppingers Acre, at the end of the meeting, where there appeared as follows:-",for,text,resolved
Cork City,Brian McCarthy,14/07/2025,"a vote was called for on the suspension of standing orders to discuss motion 57 on Appendix 1, Conditions at Coppingers Acre, at the end of the meeting, where there appeared as follows:-",for,text,resolved
Cork City,Kieran McCarthy,14/07/2025,"a vote was called for on the suspension of standing orders to discuss motion 57 on Appendix 1, Conditions at Coppingers Acre, at the end of the meeting, where there appeared as follows:-",for,text,resolved
Cork City,Mary Rose Desmond,14/07/2025,"a vote was called for on the suspension of standing orders to discuss motion 57 on Appendix 1, Conditions at Coppingers Acre, at the end of the meeting, where there appeared as follows:-",for,text,resolved
Cork City,Des Cahill,14/07/2025,"a vote was called for on the suspension of standing orders to discuss motion 57 on Appendix 1, Conditions at Coppingers Acre, at the end of the meeting, where there appeared as follows:-",for,text,resolved
Cork City,H. Kamegni,14/07/2025,"a vote was called for on the suspension of standing orders to discuss motion 57 on Appendix 1, Conditions at Coppingers Acre, at the end of the meeting, where there appeared as follows:-",for,text,printed_form
Cork City,Peter Horgan,14/07/2025,"a vote was called for on the suspension of standing orders to discuss motion 57 on Appendix 1, Conditions at Coppingers Acre, at the end of the meeting, where there appeared as follows:-",for,text,resolved
Cork City,Fiona Kerins,14/07/2025,"a vote was called for on the suspension of standing orders to discuss motion 57 on Appendix 1, Conditions at Coppingers Acre, at the end of the meeting, where there appeared as follows:-",for,text,resolved
Cork City,D. Boyle,14/07/2025,"a vote was called for on the suspension of standing orders to discuss motion 57 on Appendix 1, Conditions at Coppingers Acre, at the end of the meeting, where there appeared as follows:-",for,text,printed_form
Cork City,N. O’Connor,14/07/2025,"a vote was called for on the suspension of standing orders to discuss motion 57 on Appendix 1, Conditions at Coppingers Acre, at the end of the meeting, where there appeared as follows:-",for,text,printed_form
Cork City,Joe Lynch,14/07/2025,"a vote was called for on the suspension of standing orders to discuss motion 57 on Appendix 1, Conditions at Coppingers Acre, at the end of the meeting, where there appeared as follows:-",for,text,resolved
Cork City,G. O’Brien,14/07/2025,"a vote was called for on the suspension of standing orders to discuss motion 57 on Appendix 1, Conditions at Coppingers Acre, at the end of the meeting, where there appeared as follows:-",for,text,printed_form
Cork City,C. O’Connor,14/07/2025,"a vote was called for on the suspension of standing orders to discuss motion 57 on Appendix 1, Conditions at Coppingers Acre, at the end of the meeting, where there appeared as follows:-",for,text,printed_form
Cork City,Terry Shannon,14/07/2025,"a vote was called for on the suspension of standing orders to discuss motion 57 on Appendix 1, Conditions at Coppingers Acre, at the end of the meeting, where there appeared as follows:-",against,text,resolved
Cork City,Seán Martin,14/07/2025,"a vote was called for on the suspension of standing orders to discuss motion 57 on Appendix 1, Conditions at Coppingers Acre, at the end of the meeting, where there appeared as follows:-",against,text,resolved
Cork City,Fergal Dennehy,14/07/2025,"a vote was called for on the suspension of standing orders to discuss motion 57 on Appendix 1, Conditions at Coppingers Acre, at the end of the meeting, where there appeared as follows:-",against,text,resolved
Cork City,Colm Kelleher,14/07/2025,"a vote was called for on the suspension of standing orders to discuss motion 57 on Appendix 1, Conditions at Coppingers Acre, at the end of the meeting, where there appeared as follows:-",against,text,resolved
Cork City,Albert Deasy,14/07/2025,"a vote was called for on the suspension of standing orders to discuss motion 57 on Appendix 1, Conditions at Coppingers Acre, at the end of the meeting, where there appeared as follows:-",against,text,resolved
Cork City,Terry Coleman,14/07/2025,"a vote was called for on the suspension of standing orders to discuss motion 57 on Appendix 1, Conditions at Coppingers Acre, at the end of the meeting, where there appeared as follows:-",against,text,resolved
Cork City,John Maher,14/07/2025,"‘That as part of the redevelopment of Bishop Lucey Park, the Chief Executive shall undertake a process to explore the renaming of the park.’",for,text,resolved
Cork City,Ted Tynan,14/07/2025,"‘That as part of the redevelopment of Bishop Lucey Park, the Chief Executive shall undertake a process to explore the renaming of the park.’",for,text,resolved
Cork City,O. Moran,14/07/2025,"‘That as part of the redevelopment of Bishop Lucey Park, the Chief Executive shall undertake a process to explore the renaming of the park.’",for,text,printed_form
Cork City,Damian Boylan,14/07/2025,"‘That as part of the redevelopment of Bishop Lucey Park, the Chief Executive shall undertake a process to explore the renaming of the park.’",for,text,resolved
Cork City,Michelle Gould,14/07/2025,"‘That as part of the redevelopment of Bishop Lucey Park, the Chief Executive shall undertake a process to explore the renaming of the park.’",for,text,resolved
Cork City,Kenneth Collins,14/07/2025,"‘That as part of the redevelopment of Bishop Lucey Park, the Chief Executive shall undertake a process to explore the renaming of the park.’",for,text,resolved
Cork City,Brian McCarthy,14/07/2025,"‘That as part of the redevelopment of Bishop Lucey Park, the Chief Executive shall undertake a process to explore the renaming of the park.’",for,text,resolved
Cork City,Kieran McCarthy,14/07/2025,"‘That as part of the redevelopment of Bishop Lucey Park, the Chief Executive shall undertake a process to explore the renaming of the park.’",for,text,resolved
Cork City,Des Cahill,14/07/2025,"‘That as part of the redevelopment of Bishop Lucey Park, the Chief Executive shall undertake a process to explore the renaming of the park.’",for,text,resolved
Cork City,H. Kamegni,14/07/2025,"‘That as part of the redevelopment of Bishop Lucey Park, the Chief Executive shall undertake a process to explore the renaming of the park.’",for,text,printed_form
Cork City,Peter Horgan,14/07/2025,"‘That as part of the redevelopment of Bishop Lucey Park, the Chief Executive shall undertake a process to explore the renaming of the park.’",for,text,resolved
Cork City,Fiona Kerins,14/07/2025,"‘That as part of the redevelopment of Bishop Lucey Park, the Chief Executive shall undertake a process to explore the renaming of the park.’",for,text,resolved
Cork City,D. Boyle,14/07/2025,"‘That as part of the redevelopment of Bishop Lucey Park, the Chief Executive shall undertake a process to explore the renaming of the park.’",for,text,printed_form
Cork City,N. O’Connor,14/07/2025,"‘That as part of the redevelopment of Bishop Lucey Park, the Chief Executive shall undertake a process to explore the renaming of the park.’",for,text,printed_form
Cork City,Joe Lynch,14/07/2025,"‘That as part of the redevelopment of Bishop Lucey Park, the Chief Executive shall undertake a process to explore the renaming of the park.’",for,text,resolved
Cork City,G. O’Brien,14/07/2025,"‘That as part of the redevelopment of Bishop Lucey Park, the Chief Executive shall undertake a process to explore the renaming of the park.’",for,text,printed_form
Cork City,C. O’Connor,14/07/2025,"‘That as part of the redevelopment of Bishop Lucey Park, the Chief Executive shall undertake a process to explore the renaming of the park.’",for,text,printed_form
Cork City,Margaret McDonnell,14/07/2025,"‘That as part of the redevelopment of Bishop Lucey Park, the Chief Executive shall undertake a process to explore the renaming of the park.’",against,text,resolved
Cork City,N. O’Flynn,14/07/2025,"‘That as part of the redevelopment of Bishop Lucey Park, the Chief Executive shall undertake a process to explore the renaming of the park.’",against,text,printed_form
Cork City,Tony Fitzgerald,14/07/2025,"‘That as part of the redevelopment of Bishop Lucey Park, the Chief Executive shall undertake a process to explore the renaming of the park.’",against,text,resolved
Cork City,John Sheehan,14/07/2025,"‘That as part of the redevelopment of Bishop Lucey Park, the Chief Executive shall undertake a process to explore the renaming of the park.’",against,text,resolved
Cork City,Terry Shannon,14/07/2025,"‘That as part of the redevelopment of Bishop Lucey Park, the Chief Executive shall undertake a process to explore the renaming of the park.’",against,text,resolved
Cork City,Mary Rose Desmond,14/07/2025,"‘That as part of the redevelopment of Bishop Lucey Park, the Chief Executive shall undertake a process to explore the renaming of the park.’",against,text,resolved
Cork City,Seán Martin,14/07/2025,"‘That as part of the redevelopment of Bishop Lucey Park, the Chief Executive shall undertake a process to explore the renaming of the park.’",against,text,resolved
Cork City,Paudie Dineen,14/07/2025,"‘That as part of the redevelopment of Bishop Lucey Park, the Chief Executive shall undertake a process to explore the renaming of the park.’",against,text,resolved
Cork City,Colm Kelleher,14/07/2025,"‘That as part of the redevelopment of Bishop Lucey Park, the Chief Executive shall undertake a process to explore the renaming of the park.’",against,text,resolved
Cork City,Albert Deasy,14/07/2025,"‘That as part of the redevelopment of Bishop Lucey Park, the Chief Executive shall undertake a process to explore the renaming of the park.’",against,text,resolved
Cork City,Terry Coleman,14/07/2025,"‘That as part of the redevelopment of Bishop Lucey Park, the Chief Executive shall undertake a process to explore the renaming of the park.’",against,text,resolved
Cork City,Fergal Dennehy,14/07/2025,"‘That as part of the redevelopment of Bishop Lucey Park, the Chief Executive shall undertake a process to explore the renaming of the park.’",abstain,text,resolved
Cork City,Damian Boylan,14/07/2025,“That any and all references/mapping of the proposed Rail Bridge (Kent Station to Kennedy Quay) be removed from the proposed variation.”,for,text,resolved
Cork City,Kieran McCarthy,14/07/2025,“That any and all references/mapping of the proposed Rail Bridge (Kent Station to Kennedy Quay) be removed from the proposed variation.”,for,text,resolved
Cork City,Des Cahill,14/07/2025,“That any and all references/mapping of the proposed Rail Bridge (Kent Station to Kennedy Quay) be removed from the proposed variation.”,for,text,resolved
Cork City,Shane O'Callaghan,14/07/2025,“That any and all references/mapping of the proposed Rail Bridge (Kent Station to Kennedy Quay) be removed from the proposed variation.”,for,text,resolved
Cork City,Paudie Dineen,14/07/2025,“That any and all references/mapping of the proposed Rail Bridge (Kent Station to Kennedy Quay) be removed from the proposed variation.”,for,text,resolved
Cork City,Albert Deasy,14/07/2025,“That any and all references/mapping of the proposed Rail Bridge (Kent Station to Kennedy Quay) be removed from the proposed variation.”,for,text,resolved
Cork City,G. O’Brien,14/07/2025,“That any and all references/mapping of the proposed Rail Bridge (Kent Station to Kennedy Quay) be removed from the proposed variation.”,for,text,printed_form
Cork City,John Maher,14/07/2025,“That any and all references/mapping of the proposed Rail Bridge (Kent Station to Kennedy Quay) be removed from the proposed variation.”,against,text,resolved
Cork City,Margaret McDonnell,14/07/2025,“That any and all references/mapping of the proposed Rail Bridge (Kent Station to Kennedy Quay) be removed from the proposed variation.”,against,text,resolved
Cork City,Ted Tynan,14/07/2025,“That any and all references/mapping of the proposed Rail Bridge (Kent Station to Kennedy Quay) be removed from the proposed variation.”,against,text,resolved
Cork City,O. Moran,14/07/2025,“That any and all references/mapping of the proposed Rail Bridge (Kent Station to Kennedy Quay) be removed from the proposed variation.”,against,text,printed_form
Cork City,N. O’Flynn,14/07/2025,“That any and all references/mapping of the proposed Rail Bridge (Kent Station to Kennedy Quay) be removed from the proposed variation.”,against,text,printed_form
Cork City,Tony Fitzgerald,14/07/2025,“That any and all references/mapping of the proposed Rail Bridge (Kent Station to Kennedy Quay) be removed from the proposed variation.”,against,text,resolved
Cork City,John Sheehan,14/07/2025,“That any and all references/mapping of the proposed Rail Bridge (Kent Station to Kennedy Quay) be removed from the proposed variation.”,against,text,resolved
Cork City,Michelle Gould,14/07/2025,“That any and all references/mapping of the proposed Rail Bridge (Kent Station to Kennedy Quay) be removed from the proposed variation.”,against,text,resolved
Cork City,Kenneth Collins,14/07/2025,“That any and all references/mapping of the proposed Rail Bridge (Kent Station to Kennedy Quay) be removed from the proposed variation.”,against,text,resolved
Cork City,Terry Shannon,14/07/2025,“That any and all references/mapping of the proposed Rail Bridge (Kent Station to Kennedy Quay) be removed from the proposed variation.”,against,text,resolved
Cork City,Mary Rose Desmond,14/07/2025,“That any and all references/mapping of the proposed Rail Bridge (Kent Station to Kennedy Quay) be removed from the proposed variation.”,against,text,resolved
Cork City,H. Kamegni,14/07/2025,“That any and all references/mapping of the proposed Rail Bridge (Kent Station to Kennedy Quay) be removed from the proposed variation.”,against,text,printed_form
Cork City,Peter Horgan,14/07/2025,“That any and all references/mapping of the proposed Rail Bridge (Kent Station to Kennedy Quay) be removed from the proposed variation.”,against,text,resolved
Cork City,Seán Martin,14/07/2025,“That any and all references/mapping of the proposed Rail Bridge (Kent Station to Kennedy Quay) be removed from the proposed variation.”,against,text,resolved
Cork City,Fiona Kerins,14/07/2025,“That any and all references/mapping of the proposed Rail Bridge (Kent Station to Kennedy Quay) be removed from the proposed variation.”,against,text,resolved
Cork City,D. Boyle,14/07/2025,“That any and all references/mapping of the proposed Rail Bridge (Kent Station to Kennedy Quay) be removed from the proposed variation.”,against,text,printed_form
Cork City,N. O’Connor,14/07/2025,“That any and all references/mapping of the proposed Rail Bridge (Kent Station to Kennedy Quay) be removed from the proposed variation.”,against,text,printed_form
Cork City,Fergal Dennehy,14/07/2025,“That any and all references/mapping of the proposed Rail Bridge (Kent Station to Kennedy Quay) be removed from the proposed variation.”,against,text,resolved
Cork City,Colm Kelleher,14/07/2025,“That any and all references/mapping of the proposed Rail Bridge (Kent Station to Kennedy Quay) be removed from the proposed variation.”,against,text,resolved
Cork City,Joe Lynch,14/07/2025,“That any and all references/mapping of the proposed Rail Bridge (Kent Station to Kennedy Quay) be removed from the proposed variation.”,against,text,resolved
Cork City,Terry Coleman,14/07/2025,“That any and all references/mapping of the proposed Rail Bridge (Kent Station to Kennedy Quay) be removed from the proposed variation.”,against,text,resolved
Cork City,C. O’Connor,14/07/2025,“That any and all references/mapping of the proposed Rail Bridge (Kent Station to Kennedy Quay) be removed from the proposed variation.”,against,text,printed_form
Cork City,Brian McCarthy,14/07/2025,“That any and all references/mapping of the proposed Rail Bridge (Kent Station to Kennedy Quay) be removed from the proposed variation.”,abstain,text,resolved
Cork City,John Maher,14/07/2025,a vote was called for on the approval of the Proposed Variation No,for,text,resolved
Cork City,Margaret McDonnell,14/07/2025,a vote was called for on the approval of the Proposed Variation No,for,text,resolved
Cork City,O. Moran,14/07/2025,a vote was called for on the approval of the Proposed Variation No,for,text,printed_form
Cork City,N. O’Flynn,14/07/2025,a vote was called for on the approval of the Proposed Variation No,for,text,printed_form
Cork City,Tony Fitzgerald,14/07/2025,a vote was called for on the approval of the Proposed Variation No,for,text,resolved
Cork City,Damian Boylan,14/07/2025,a vote was called for on the approval of the Proposed Variation No,for,text,resolved
Cork City,John Sheehan,14/07/2025,a vote was called for on the approval of the Proposed Variation No,for,text,resolved
Cork City,Michelle Gould,14/07/2025,a vote was called for on the approval of the Proposed Variation No,for,text,resolved
Cork City,Kenneth Collins,14/07/2025,a vote was called for on the approval of the Proposed Variation No,for,text,resolved
Cork City,Brian McCarthy,14/07/2025,a vote was called for on the approval of the Proposed Variation No,for,text,resolved
Cork City,Terry Shannon,14/07/2025,a vote was called for on the approval of the Proposed Variation No,for,text,resolved
Cork City,Kieran McCarthy,14/07/2025,a vote was called for on the approval of the Proposed Variation No,for,text,resolved
Cork City,Mary Rose Desmond,14/07/2025,a vote was called for on the approval of the Proposed Variation No,for,text,resolved
Cork City,H. Kamegni,14/07/2025,a vote was called for on the approval of the Proposed Variation No,for,text,printed_form
Cork City,Peter Horgan,14/07/2025,a vote was called for on the approval of the Proposed Variation No,for,text,resolved
Cork City,Shane O'Callaghan,14/07/2025,a vote was called for on the approval of the Proposed Variation No,for,text,resolved
Cork City,Seán Martin,14/07/2025,a vote was called for on the approval of the Proposed Variation No,for,text,resolved
Cork City,Fiona Kerins,14/07/2025,a vote was called for on the approval of the Proposed Variation No,for,text,resolved
Cork City,Paudie Dineen,14/07/2025,a vote was called for on the approval of the Proposed Variation No,for,text,resolved
Cork City,D. Boyle,14/07/2025,a vote was called for on the approval of the Proposed Variation No,for,text,printed_form
Cork City,N. O’Connor,14/07/2025,a vote was called for on the approval of the Proposed Variation No,for,text,printed_form
Cork City,Fergal Dennehy,14/07/2025,a vote was called for on the approval of the Proposed Variation No,for,text,resolved
Cork City,Colm Kelleher,14/07/2025,a vote was called for on the approval of the Proposed Variation No,for,text,resolved
Cork City,Joe Lynch,14/07/2025,a vote was called for on the approval of the Proposed Variation No,for,text,resolved
Cork City,Albert Deasy,14/07/2025,a vote was called for on the approval of the Proposed Variation No,for,text,resolved
Cork City,Terry Coleman,14/07/2025,a vote was called for on the approval of the Proposed Variation No,for,text,resolved
Cork City,G. O’Brien,14/07/2025,a vote was called for on the approval of the Proposed Variation No,for,text,printed_form
Cork City,C. O’Connor,14/07/2025,a vote was called for on the approval of the Proposed Variation No,for,text,printed_form
Cork City,Des Cahill,14/07/2025,a vote was called for on the approval of the Proposed Variation No,against,text,resolved
Cork City,Ted Tynan,14/07/2025,a vote was called for on the approval of the Proposed Variation No,abstain,text,resolved
Cork City,John Maher,14/07/2025,"a vote was called for on the approval of the proposed development at Main Street, Ballincollig, where there appeared as follows:-",for,text,resolved
Cork City,Margaret McDonnell,14/07/2025,"a vote was called for on the approval of the proposed development at Main Street, Ballincollig, where there appeared as follows:-",for,text,resolved
Cork City,Ted Tynan,14/07/2025,"a vote was called for on the approval of the proposed development at Main Street, Ballincollig, where there appeared as follows:-",for,text,resolved
Cork City,O. Moran,14/07/2025,"a vote was called for on the approval of the proposed development at Main Street, Ballincollig, where there appeared as follows:-",for,text,printed_form
Cork City,Tony Fitzgerald,14/07/2025,"a vote was called for on the approval of the proposed development at Main Street, Ballincollig, where there appeared as follows:-",for,text,resolved
Cork City,Damian Boylan,14/07/2025,"a vote was called for on the approval of the proposed development at Main Street, Ballincollig, where there appeared as follows:-",for,text,resolved
Cork City,John Sheehan,14/07/2025,"a vote was called for on the approval of the proposed development at Main Street, Ballincollig, where there appeared as follows:-",for,text,resolved
Cork City,Michelle Gould,14/07/2025,"a vote was called for on the approval of the proposed development at Main Street, Ballincollig, where there appeared as follows:-",for,text,resolved
Cork City,Kenneth Collins,14/07/2025,"a vote was called for on the approval of the proposed development at Main Street, Ballincollig, where there appeared as follows:-",for,text,resolved
Cork City,Brian McCarthy,14/07/2025,"a vote was called for on the approval of the proposed development at Main Street, Ballincollig, where there appeared as follows:-",for,text,resolved
Cork City,Terry Shannon,14/07/2025,"a vote was called for on the approval of the proposed development at Main Street, Ballincollig, where there appeared as follows:-",for,text,resolved
Cork City,Mary Rose Desmond,14/07/2025,"a vote was called for on the approval of the proposed development at Main Street, Ballincollig, where there appeared as follows:-",for,text,resolved
Cork City,H. Kamegni,14/07/2025,"a vote was called for on the approval of the proposed development at Main Street, Ballincollig, where there appeared as follows:-",for,text,printed_form
Cork City,Peter Horgan,14/07/2025,"a vote was called for on the approval of the proposed development at Main Street, Ballincollig, where there appeared as follows:-",for,text,resolved
Cork City,Shane O'Callaghan,14/07/2025,"a vote was called for on the approval of the proposed development at Main Street, Ballincollig, where there appeared as follows:-",for,text,resolved
Cork City,Seán Martin,14/07/2025,"a vote was called for on the approval of the proposed development at Main Street, Ballincollig, where there appeared as follows:-",for,text,resolved
Cork City,Fiona Kerins,14/07/2025,"a vote was called for on the approval of the proposed development at Main Street, Ballincollig, where there appeared as follows:-",for,text,resolved
Cork City,Paudie Dineen,14/07/2025,"a vote was called for on the approval of the proposed development at Main Street, Ballincollig, where there appeared as follows:-",for,text,resolved
Cork City,D. Boyle,14/07/2025,"a vote was called for on the approval of the proposed development at Main Street, Ballincollig, where there appeared as follows:-",for,text,printed_form
Cork City,N. O’Connor,14/07/2025,"a vote was called for on the approval of the proposed development at Main Street, Ballincollig, where there appeared as follows:-",for,text,printed_form
Cork City,Fergal Dennehy,14/07/2025,"a vote was called for on the approval of the proposed development at Main Street, Ballincollig, where there appeared as follows:-",for,text,resolved
Cork City,Colm Kelleher,14/07/2025,"a vote was called for on the approval of the proposed development at Main Street, Ballincollig, where there appeared as follows:-",for,text,resolved
Cork City,Joe Lynch,14/07/2025,"a vote was called for on the approval of the proposed development at Main Street, Ballincollig, where there appeared as follows:-",for,text,resolved
Cork City,Terry Coleman,14/07/2025,"a vote was called for on the approval of the proposed development at Main Street, Ballincollig, where there appeared as follows:-",for,text,resolved
Cork City,G. O’Brien,14/07/2025,"a vote was called for on the approval of the proposed development at Main Street, Ballincollig, where there appeared as follows:-",for,text,printed_form
Cork City,C. O’Connor,14/07/2025,"a vote was called for on the approval of the proposed development at Main Street, Ballincollig, where there appeared as follows:-",for,text,printed_form
Cork City,N. O’Flynn,14/07/2025,"a vote was called for on the approval of the proposed development at Main Street, Ballincollig, where there appeared as follows:-",against,text,printed_form
Cork City,Kieran McCarthy,14/07/2025,"a vote was called for on the approval of the proposed development at Main Street, Ballincollig, where there appeared as follows:-",against,text,resolved
Cork City,Albert Deasy,14/07/2025,"a vote was called for on the approval of the proposed development at Main Street, Ballincollig, where there appeared as follows:-",against,text,resolved
Cork City,John Maher,14/07/2025,"a vote was called for on the approval of the proposed development at Glyntown, Glanmire, where there appeared as follows:-",for,text,resolved
Cork City,Margaret McDonnell,14/07/2025,"a vote was called for on the approval of the proposed development at Glyntown, Glanmire, where there appeared as follows:-",for,text,resolved
Cork City,Ted Tynan,14/07/2025,"a vote was called for on the approval of the proposed development at Glyntown, Glanmire, where there appeared as follows:-",for,text,resolved
Cork City,O. Moran,14/07/2025,"a vote was called for on the approval of the proposed development at Glyntown, Glanmire, where there appeared as follows:-",for,text,printed_form
Cork City,N. O’Flynn,14/07/2025,"a vote was called for on the approval of the proposed development at Glyntown, Glanmire, where there appeared as follows:-",for,text,printed_form
Cork City,Damian Boylan,14/07/2025,"a vote was called for on the approval of the proposed development at Glyntown, Glanmire, where there appeared as follows:-",for,text,resolved
Cork City,Michelle Gould,14/07/2025,"a vote was called for on the approval of the proposed development at Glyntown, Glanmire, where there appeared as follows:-",for,text,resolved
Cork City,Kenneth Collins,14/07/2025,"a vote was called for on the approval of the proposed development at Glyntown, Glanmire, where there appeared as follows:-",for,text,resolved
Cork City,Brian McCarthy,14/07/2025,"a vote was called for on the approval of the proposed development at Glyntown, Glanmire, where there appeared as follows:-",for,text,resolved
Cork City,Terry Shannon,14/07/2025,"a vote was called for on the approval of the proposed development at Glyntown, Glanmire, where there appeared as follows:-",for,text,resolved
Cork City,Kieran McCarthy,14/07/2025,"a vote was called for on the approval of the proposed development at Glyntown, Glanmire, where there appeared as follows:-",for,text,resolved
Cork City,Mary Rose Desmond,14/07/2025,"a vote was called for on the approval of the proposed development at Glyntown, Glanmire, where there appeared as follows:-",for,text,resolved
Cork City,H. Kamegni,14/07/2025,"a vote was called for on the approval of the proposed development at Glyntown, Glanmire, where there appeared as follows:-",for,text,printed_form
Cork City,Seán Martin,14/07/2025,"a vote was called for on the approval of the proposed development at Glyntown, Glanmire, where there appeared as follows:-",for,text,resolved
Cork City,Fiona Kerins,14/07/2025,"a vote was called for on the approval of the proposed development at Glyntown, Glanmire, where there appeared as follows:-",for,text,resolved
Cork City,Paudie Dineen,14/07/2025,"a vote was called for on the approval of the proposed development at Glyntown, Glanmire, where there appeared as follows:-",for,text,resolved
Cork City,D. Boyle,14/07/2025,"a vote was called for on the approval of the proposed development at Glyntown, Glanmire, where there appeared as follows:-",for,text,printed_form
Cork City,N. O’Connor,14/07/2025,"a vote was called for on the approval of the proposed development at Glyntown, Glanmire, where there appeared as follows:-",for,text,printed_form
Cork City,Fergal Dennehy,14/07/2025,"a vote was called for on the approval of the proposed development at Glyntown, Glanmire, where there appeared as follows:-",for,text,resolved
Cork City,Colm Kelleher,14/07/2025,"a vote was called for on the approval of the proposed development at Glyntown, Glanmire, where there appeared as follows:-",for,text,resolved
Cork City,Joe Lynch,14/07/2025,"a vote was called for on the approval of the proposed development at Glyntown, Glanmire, where there appeared as follows:-",for,text,resolved
Cork City,Terry Coleman,14/07/2025,"a vote was called for on the approval of the proposed development at Glyntown, Glanmire, where there appeared as follows:-",for,text,resolved
Cork City,G. O’Brien,14/07/2025,"a vote was called for on the approval of the proposed development at Glyntown, Glanmire, where there appeared as follows:-",for,text,printed_form
Cork City,C. O’Connor,14/07/2025,"a vote was called for on the approval of the proposed development at Glyntown, Glanmire, where there appeared as follows:-",for,text,printed_form
Cork City,Albert Deasy,14/07/2025,"a vote was called for on the approval of the proposed development at Glyntown, Glanmire, where there appeared as follows:-",against,text,resolved
Cork City,Ted Tynan,14/07/2025,a vote was called for on the approval of the motion where there appeared as follows:-,for,text,resolved
Cork City,Michelle Gould,14/07/2025,a vote was called for on the approval of the motion where there appeared as follows:-,for,text,resolved
Cork City,Kieran McCarthy,14/07/2025,a vote was called for on the approval of the motion where there appeared as follows:-,for,text,resolved
Cork City,Shane O'Callaghan,14/07/2025,a vote was called for on the approval of the motion where there appeared as follows:-,for,text,resolved
Cork City,Fiona Kerins,14/07/2025,a vote was called for on the approval of the motion where there appeared as follows:-,for,text,resolved
Cork City,Paudie Dineen,14/07/2025,a vote was called for on the approval of the motion where there appeared as follows:-,for,text,resolved
Cork City,D. Boyle,14/07/2025,a vote was called for on the approval of the motion where there appeared as follows:-,for,text,printed_form
Cork City,N. O’Connor,14/07/2025,a vote was called for on the approval of the motion where there appeared as follows:-,for,text,printed_form
Cork City,Joe Lynch,14/07/2025,a vote was called for on the approval of the motion where there appeared as follows:-,for,text,resolved
Cork City,G. O’Brien,14/07/2025,a vote was called for on the approval of the motion where there appeared as follows:-,for,text,printed_form
Cork City,Margaret McDonnell,14/07/2025,a vote was called for on the approval of the motion where there appeared as follows:-,against,text,resolved
Cork City,Tony Fitzgerald,14/07/2025,a vote was called for on the approval of the motion where there appeared as follows:-,against,text,resolved
Cork City,Damian Boylan,14/07/2025,a vote was called for on the approval of the motion where there appeared as follows:-,against,text,resolved
Cork City,John Sheehan,14/07/2025,a vote was called for on the approval of the motion where there appeared as follows:-,against,text,resolved
Cork City,Terry Shannon,14/07/2025,a vote was called for on the approval of the motion where there appeared as follows:-,against,text,resolved
Cork City,Mary Rose Desmond,14/07/2025,a vote was called for on the approval of the motion where there appeared as follows:-,against,text,resolved
Cork City,Seán Martin,14/07/2025,a vote was called for on the approval of the motion where there appeared as follows:-,against,text,resolved
Cork City,Colm Kelleher,14/07/2025,a vote was called for on the approval of the motion where there appeared as follows:-,against,text,resolved
Cork City,Terry Coleman,14/07/2025,a vote was called for on the approval of the motion where there appeared as follows:-,against,text,resolved
Cork City,John Maher,14/07/2025,a vote was called for on the approval of the motion where there appeared as follows:-,abstain,text,resolved
Cork City,O. Moran,14/07/2025,a vote was called for on the approval of the motion where there appeared as follows:-,abstain,text,printed_form
Cork City,Brian McCarthy,14/07/2025,a vote was called for on the approval of the motion where there appeared as follows:-,abstain,text,resolved
Cork City,Fergal Dennehy,14/07/2025,a vote was called for on the approval of the motion where there appeared as follows:-,abstain,text,resolved
Cork City,C. O’Connor,14/07/2025,a vote was called for on the approval of the motion where there appeared as follows:-,abstain,text,printed_form
Cork City,John Maher,14/10/2024,a vote was called for on the approval of the motion where there appeared as follows:-,for,text,resolved
Cork City,Ted Tynan,14/10/2024,a vote was called for on the approval of the motion where there appeared as follows:-,for,text,resolved
Cork City,O. Moran,14/10/2024,a vote was called for on the approval of the motion where there appeared as follows:-,for,text,printed_form
Cork City,Michelle Gould,14/10/2024,a vote was called for on the approval of the motion where there appeared as follows:-,for,text,resolved
Cork City,Kenneth Collins,14/10/2024,a vote was called for on the approval of the motion where there appeared as follows:-,for,text,resolved
Cork City,Brian McCarthy,14/10/2024,a vote was called for on the approval of the motion where there appeared as follows:-,for,text,resolved
Cork City,H. Kamegni,14/10/2024,a vote was called for on the approval of the motion where there appeared as follows:-,for,text,printed_form
Cork City,Peter Horgan,14/10/2024,a vote was called for on the approval of the motion where there appeared as follows:-,for,text,resolved
Cork City,Shane O'Callaghan,14/10/2024,a vote was called for on the approval of the motion where there appeared as follows:-,for,text,resolved
Cork City,Pádraig Rice,14/10/2024,a vote was called for on the approval of the motion where there appeared as follows:-,for,text,resolved
Cork City,Fiona Kerins,14/10/2024,a vote was called for on the approval of the motion where there appeared as follows:-,for,text,resolved
Cork City,D. Boyle,14/10/2024,a vote was called for on the approval of the motion where there appeared as follows:-,for,text,printed_form
Cork City,Joe Lynch,14/10/2024,a vote was called for on the approval of the motion where there appeared as follows:-,for,text,resolved
Cork City,Laura Harmon,14/10/2024,a vote was called for on the approval of the motion where there appeared as follows:-,for,text,resolved
Cork City,Margaret McDonnell,14/10/2024,a vote was called for on the approval of the motion where there appeared as follows:-,against,text,resolved
Cork City,Tony Fitzgerald,14/10/2024,a vote was called for on the approval of the motion where there appeared as follows:-,against,text,resolved
Cork City,John Sheehan,14/10/2024,a vote was called for on the approval of the motion where there appeared as follows:-,against,text,resolved
Cork City,Terry Shannon,14/10/2024,a vote was called for on the approval of the motion where there appeared as follows:-,against,text,resolved
Cork City,Mary Rose Desmond,14/10/2024,a vote was called for on the approval of the motion where there appeared as follows:-,against,text,resolved
Cork City,Seán Martin,14/10/2024,a vote was called for on the approval of the motion where there appeared as follows:-,against,text,resolved
Cork City,Albert Deasy,14/10/2024,a vote was called for on the approval of the motion where there appeared as follows:-,against,text,resolved
Cork City,Terry Coleman,14/10/2024,a vote was called for on the approval of the motion where there appeared as follows:-,against,text,resolved
Cork City,Joe Kavanagh,14/10/2024,a vote was called for on the approval of the motion where there appeared as follows:-,abstain,text,resolved
Cork City,Damian Boylan,14/10/2024,a vote was called for on the approval of the motion where there appeared as follows:-,abstain,text,resolved
Cork City,Ted Tynan,14/10/2024,‘That Cork City Council write to the Minister for Education urging her to scrap plans to spend €9 million on mobile phone pouches and to allocate this funding instead to special education provision.’,for,text,resolved
Cork City,O. Moran,14/10/2024,‘That Cork City Council write to the Minister for Education urging her to scrap plans to spend €9 million on mobile phone pouches and to allocate this funding instead to special education provision.’,for,text,printed_form
Cork City,Michelle Gould,14/10/2024,‘That Cork City Council write to the Minister for Education urging her to scrap plans to spend €9 million on mobile phone pouches and to allocate this funding instead to special education provision.’,for,text,resolved
Cork City,Kenneth Collins,14/10/2024,‘That Cork City Council write to the Minister for Education urging her to scrap plans to spend €9 million on mobile phone pouches and to allocate this funding instead to special education provision.’,for,text,resolved
Cork City,Brian McCarthy,14/10/2024,‘That Cork City Council write to the Minister for Education urging her to scrap plans to spend €9 million on mobile phone pouches and to allocate this funding instead to special education provision.’,for,text,resolved
Cork City,H. Kamegni,14/10/2024,‘That Cork City Council write to the Minister for Education urging her to scrap plans to spend €9 million on mobile phone pouches and to allocate this funding instead to special education provision.’,for,text,printed_form
Cork City,Peter Horgan,14/10/2024,‘That Cork City Council write to the Minister for Education urging her to scrap plans to spend €9 million on mobile phone pouches and to allocate this funding instead to special education provision.’,for,text,resolved
Cork City,Pádraig Rice,14/10/2024,‘That Cork City Council write to the Minister for Education urging her to scrap plans to spend €9 million on mobile phone pouches and to allocate this funding instead to special education provision.’,for,text,resolved
Cork City,Fiona Kerins,14/10/2024,‘That Cork City Council write to the Minister for Education urging her to scrap plans to spend €9 million on mobile phone pouches and to allocate this funding instead to special education provision.’,for,text,resolved
Cork City,Joe Lynch,14/10/2024,‘That Cork City Council write to the Minister for Education urging her to scrap plans to spend €9 million on mobile phone pouches and to allocate this funding instead to special education provision.’,for,text,resolved
Cork City,Laura Harmon,14/10/2024,‘That Cork City Council write to the Minister for Education urging her to scrap plans to spend €9 million on mobile phone pouches and to allocate this funding instead to special education provision.’,for,text,resolved
Cork City,Joe Kavanagh,14/10/2024,‘That Cork City Council write to the Minister for Education urging her to scrap plans to spend €9 million on mobile phone pouches and to allocate this funding instead to special education provision.’,against,text,resolved
Cork City,Margaret McDonnell,14/10/2024,‘That Cork City Council write to the Minister for Education urging her to scrap plans to spend €9 million on mobile phone pouches and to allocate this funding instead to special education provision.’,against,text,resolved
Cork City,Tony Fitzgerald,14/10/2024,‘That Cork City Council write to the Minister for Education urging her to scrap plans to spend €9 million on mobile phone pouches and to allocate this funding instead to special education provision.’,against,text,resolved
Cork City,John Sheehan,14/10/2024,‘That Cork City Council write to the Minister for Education urging her to scrap plans to spend €9 million on mobile phone pouches and to allocate this funding instead to special education provision.’,against,text,resolved
Cork City,Terry Shannon,14/10/2024,‘That Cork City Council write to the Minister for Education urging her to scrap plans to spend €9 million on mobile phone pouches and to allocate this funding instead to special education provision.’,against,text,resolved
Cork City,Mary Rose Desmond,14/10/2024,‘That Cork City Council write to the Minister for Education urging her to scrap plans to spend €9 million on mobile phone pouches and to allocate this funding instead to special education provision.’,against,text,resolved
Cork City,Seán Martin,14/10/2024,‘That Cork City Council write to the Minister for Education urging her to scrap plans to spend €9 million on mobile phone pouches and to allocate this funding instead to special education provision.’,against,text,resolved
Cork City,Albert Deasy,14/10/2024,‘That Cork City Council write to the Minister for Education urging her to scrap plans to spend €9 million on mobile phone pouches and to allocate this funding instead to special education provision.’,against,text,resolved
Cork City,Terry Coleman,14/10/2024,‘That Cork City Council write to the Minister for Education urging her to scrap plans to spend €9 million on mobile phone pouches and to allocate this funding instead to special education provision.’,against,text,resolved
Cork City,D. Boyle,14/10/2024,‘That Cork City Council write to the Minister for Education urging her to scrap plans to spend €9 million on mobile phone pouches and to allocate this funding instead to special education provision.’,abstain,text,printed_form
Cork City,Ken O'Flynn,24/06/2024,a vote was called for on the nomination to the Housing Strategic Policy Committee where there appeared as follows:- Comhairleoir T — Comhairleoir T. Fitzgerald,for,text,resolved
Cork City,John Maher,24/06/2024,a vote was called for on the nomination to the Housing Strategic Policy Committee where there appeared as follows:- Comhairleoir T — Comhairleoir T. Fitzgerald,for,text,resolved
Cork City,Joe Kavanagh,24/06/2024,a vote was called for on the nomination to the Housing Strategic Policy Committee where there appeared as follows:- Comhairleoir T — Comhairleoir T. Fitzgerald,for,text,resolved
Cork City,Margaret McDonnell,24/06/2024,a vote was called for on the nomination to the Housing Strategic Policy Committee where there appeared as follows:- Comhairleoir T — Comhairleoir T. Fitzgerald,for,text,resolved
Cork City,O. Moran,24/06/2024,a vote was called for on the nomination to the Housing Strategic Policy Committee where there appeared as follows:- Comhairleoir T — Comhairleoir T. Fitzgerald,for,text,printed_form
Cork City,Tony Fitzgerald,24/06/2024,a vote was called for on the nomination to the Housing Strategic Policy Committee where there appeared as follows:- Comhairleoir T — Comhairleoir T. Fitzgerald,for,text,resolved
Cork City,Damian Boylan,24/06/2024,a vote was called for on the nomination to the Housing Strategic Policy Committee where there appeared as follows:- Comhairleoir T — Comhairleoir T. Fitzgerald,for,text,resolved
Cork City,John Sheehan,24/06/2024,a vote was called for on the nomination to the Housing Strategic Policy Committee where there appeared as follows:- Comhairleoir T — Comhairleoir T. Fitzgerald,for,text,resolved
Cork City,Terry Shannon,24/06/2024,a vote was called for on the nomination to the Housing Strategic Policy Committee where there appeared as follows:- Comhairleoir T — Comhairleoir T. Fitzgerald,for,text,resolved
Cork City,Kieran McCarthy,24/06/2024,a vote was called for on the nomination to the Housing Strategic Policy Committee where there appeared as follows:- Comhairleoir T — Comhairleoir T. Fitzgerald,for,text,resolved
Cork City,Mary Rose Desmond,24/06/2024,a vote was called for on the nomination to the Housing Strategic Policy Committee where there appeared as follows:- Comhairleoir T — Comhairleoir T. Fitzgerald,for,text,resolved
Cork City,Des Cahill,24/06/2024,a vote was called for on the nomination to the Housing Strategic Policy Committee where there appeared as follows:- Comhairleoir T — Comhairleoir T. Fitzgerald,for,text,resolved
Cork City,H. Kamegni,24/06/2024,a vote was called for on the nomination to the Housing Strategic Policy Committee where there appeared as follows:- Comhairleoir T — Comhairleoir T. Fitzgerald,for,text,printed_form
Cork City,Peter Horgan,24/06/2024,a vote was called for on the nomination to the Housing Strategic Policy Committee where there appeared as follows:- Comhairleoir T — Comhairleoir T. Fitzgerald,for,text,resolved
Cork City,Shane O'Callaghan,24/06/2024,a vote was called for on the nomination to the Housing Strategic Policy Committee where there appeared as follows:- Comhairleoir T — Comhairleoir T. Fitzgerald,for,text,resolved
Cork City,Seán Martin,24/06/2024,a vote was called for on the nomination to the Housing Strategic Policy Committee where there appeared as follows:- Comhairleoir T — Comhairleoir T. Fitzgerald,for,text,resolved
Cork City,D. Boyle,24/06/2024,a vote was called for on the nomination to the Housing Strategic Policy Committee where there appeared as follows:- Comhairleoir T — Comhairleoir T. Fitzgerald,for,text,printed_form
Cork City,Fergal Dennehy,24/06/2024,a vote was called for on the nomination to the Housing Strategic Policy Committee where there appeared as follows:- Comhairleoir T — Comhairleoir T. Fitzgerald,for,text,resolved
Cork City,Garret Kelleher,24/06/2024,a vote was called for on the nomination to the Housing Strategic Policy Committee where there appeared as follows:- Comhairleoir T — Comhairleoir T. Fitzgerald,for,text,resolved
Cork City,Colm Kelleher,24/06/2024,a vote was called for on the nomination to the Housing Strategic Policy Committee where there appeared as follows:- Comhairleoir T — Comhairleoir T. Fitzgerald,for,text,resolved
Cork City,Laura Harmon,24/06/2024,a vote was called for on the nomination to the Housing Strategic Policy Committee where there appeared as follows:- Comhairleoir T — Comhairleoir T. Fitzgerald,for,text,resolved
Cork City,Terry Coleman,24/06/2024,a vote was called for on the nomination to the Housing Strategic Policy Committee where there appeared as follows:- Comhairleoir T — Comhairleoir T. Fitzgerald,for,text,resolved
Cork City,Michelle Gould,24/06/2024,a vote was called for on the nomination to the Housing Strategic Policy Committee where there appeared as follows:- Comhairleoir T — Comhairleoir T. Fitzgerald,against,text,resolved
Cork City,Kenneth Collins,24/06/2024,a vote was called for on the nomination to the Housing Strategic Policy Committee where there appeared as follows:- Comhairleoir T — Comhairleoir T. Fitzgerald,against,text,resolved
Cork City,Fiona Kerins,24/06/2024,a vote was called for on the nomination to the Housing Strategic Policy Committee where there appeared as follows:- Comhairleoir T — Comhairleoir T. Fitzgerald,against,text,resolved
Cork City,Joe Lynch,24/06/2024,a vote was called for on the nomination to the Housing Strategic Policy Committee where there appeared as follows:- Comhairleoir T — Comhairleoir T. Fitzgerald,against,text,resolved
Cork City,Pádraig Rice,24/06/2024,a vote was called for on the nomination to the Housing Strategic Policy Committee where there appeared as follows:- Comhairleoir T — Comhairleoir T. Fitzgerald,abstain,text,resolved
Cork City,Paudie Dineen,24/06/2024,a vote was called for on the nomination to the Housing Strategic Policy Committee where there appeared as follows:- Comhairleoir T — Comhairleoir T. Fitzgerald,abstain,text,resolved
Cork City,Albert Deasy,24/06/2024,a vote was called for on the nomination to the Housing Strategic Policy Committee where there appeared as follows:- Comhairleoir T — Comhairleoir T. Fitzgerald,abstain,text,resolved
Cork City,Ken O'Flynn,24/06/2024,a vote was called for on the nomination to the Housing Strategic Policy Committee where there appeared as follows:- Comhairleoir T — Comhairleoir T. Shannon,for,text,resolved
Cork City,John Maher,24/06/2024,a vote was called for on the nomination to the Housing Strategic Policy Committee where there appeared as follows:- Comhairleoir T — Comhairleoir T. Shannon,for,text,resolved
Cork City,Joe Kavanagh,24/06/2024,a vote was called for on the nomination to the Housing Strategic Policy Committee where there appeared as follows:- Comhairleoir T — Comhairleoir T. Shannon,for,text,resolved
Cork City,Margaret McDonnell,24/06/2024,a vote was called for on the nomination to the Housing Strategic Policy Committee where there appeared as follows:- Comhairleoir T — Comhairleoir T. Shannon,for,text,resolved
Cork City,O. Moran,24/06/2024,a vote was called for on the nomination to the Housing Strategic Policy Committee where there appeared as follows:- Comhairleoir T — Comhairleoir T. Shannon,for,text,printed_form
Cork City,Tony Fitzgerald,24/06/2024,a vote was called for on the nomination to the Housing Strategic Policy Committee where there appeared as follows:- Comhairleoir T — Comhairleoir T. Shannon,for,text,resolved
Cork City,Damian Boylan,24/06/2024,a vote was called for on the nomination to the Housing Strategic Policy Committee where there appeared as follows:- Comhairleoir T — Comhairleoir T. Shannon,for,text,resolved
Cork City,John Sheehan,24/06/2024,a vote was called for on the nomination to the Housing Strategic Policy Committee where there appeared as follows:- Comhairleoir T — Comhairleoir T. Shannon,for,text,resolved
Cork City,Terry Shannon,24/06/2024,a vote was called for on the nomination to the Housing Strategic Policy Committee where there appeared as follows:- Comhairleoir T — Comhairleoir T. Shannon,for,text,resolved
Cork City,Kieran McCarthy,24/06/2024,a vote was called for on the nomination to the Housing Strategic Policy Committee where there appeared as follows:- Comhairleoir T — Comhairleoir T. Shannon,for,text,resolved
Cork City,Mary Rose Desmond,24/06/2024,a vote was called for on the nomination to the Housing Strategic Policy Committee where there appeared as follows:- Comhairleoir T — Comhairleoir T. Shannon,for,text,resolved
Cork City,Des Cahill,24/06/2024,a vote was called for on the nomination to the Housing Strategic Policy Committee where there appeared as follows:- Comhairleoir T — Comhairleoir T. Shannon,for,text,resolved
Cork City,H. Kamegni,24/06/2024,a vote was called for on the nomination to the Housing Strategic Policy Committee where there appeared as follows:- Comhairleoir T — Comhairleoir T. Shannon,for,text,printed_form
Cork City,Peter Horgan,24/06/2024,a vote was called for on the nomination to the Housing Strategic Policy Committee where there appeared as follows:- Comhairleoir T — Comhairleoir T. Shannon,for,text,resolved
Cork City,Shane O'Callaghan,24/06/2024,a vote was called for on the nomination to the Housing Strategic Policy Committee where there appeared as follows:- Comhairleoir T — Comhairleoir T. Shannon,for,text,resolved
Cork City,Seán Martin,24/06/2024,a vote was called for on the nomination to the Housing Strategic Policy Committee where there appeared as follows:- Comhairleoir T — Comhairleoir T. Shannon,for,text,resolved
Cork City,D. Boyle,24/06/2024,a vote was called for on the nomination to the Housing Strategic Policy Committee where there appeared as follows:- Comhairleoir T — Comhairleoir T. Shannon,for,text,printed_form
Cork City,Fergal Dennehy,24/06/2024,a vote was called for on the nomination to the Housing Strategic Policy Committee where there appeared as follows:- Comhairleoir T — Comhairleoir T. Shannon,for,text,resolved
Cork City,Garret Kelleher,24/06/2024,a vote was called for on the nomination to the Housing Strategic Policy Committee where there appeared as follows:- Comhairleoir T — Comhairleoir T. Shannon,for,text,resolved
Cork City,Colm Kelleher,24/06/2024,a vote was called for on the nomination to the Housing Strategic Policy Committee where there appeared as follows:- Comhairleoir T — Comhairleoir T. Shannon,for,text,resolved
Cork City,Laura Harmon,24/06/2024,a vote was called for on the nomination to the Housing Strategic Policy Committee where there appeared as follows:- Comhairleoir T — Comhairleoir T. Shannon,for,text,resolved
Cork City,Terry Coleman,24/06/2024,a vote was called for on the nomination to the Housing Strategic Policy Committee where there appeared as follows:- Comhairleoir T — Comhairleoir T. Shannon,for,text,resolved
Cork City,Michelle Gould,24/06/2024,a vote was called for on the nomination to the Housing Strategic Policy Committee where there appeared as follows:- Comhairleoir T — Comhairleoir T. Shannon,against,text,resolved
Cork City,Kenneth Collins,24/06/2024,a vote was called for on the nomination to the Housing Strategic Policy Committee where there appeared as follows:- Comhairleoir T — Comhairleoir T. Shannon,against,text,resolved
Cork City,Fiona Kerins,24/06/2024,a vote was called for on the nomination to the Housing Strategic Policy Committee where there appeared as follows:- Comhairleoir T — Comhairleoir T. Shannon,against,text,resolved
Cork City,Joe Lynch,24/06/2024,a vote was called for on the nomination to the Housing Strategic Policy Committee where there appeared as follows:- Comhairleoir T — Comhairleoir T. Shannon,against,text,resolved
Cork City,Pádraig Rice,24/06/2024,a vote was called for on the nomination to the Housing Strategic Policy Committee where there appeared as follows:- Comhairleoir T — Comhairleoir T. Shannon,abstain,text,resolved
Cork City,Paudie Dineen,24/06/2024,a vote was called for on the nomination to the Housing Strategic Policy Committee where there appeared as follows:- Comhairleoir T — Comhairleoir T. Shannon,abstain,text,resolved
Cork City,Albert Deasy,24/06/2024,a vote was called for on the nomination to the Housing Strategic Policy Committee where there appeared as follows:- Comhairleoir T — Comhairleoir T. Shannon,abstain,text,resolved
Cork City,John Maher,24/06/2024,Comhairleoir J. Sheehan,for,text,resolved
Cork City,Joe Kavanagh,24/06/2024,Comhairleoir J. Sheehan,for,text,resolved
Cork City,Margaret McDonnell,24/06/2024,Comhairleoir J. Sheehan,for,text,resolved
Cork City,O. Moran,24/06/2024,Comhairleoir J. Sheehan,for,text,printed_form
Cork City,Tony Fitzgerald,24/06/2024,Comhairleoir J. Sheehan,for,text,resolved
Cork City,Damian Boylan,24/06/2024,Comhairleoir J. Sheehan,for,text,resolved
Cork City,John Sheehan,24/06/2024,Comhairleoir J. Sheehan,for,text,resolved
Cork City,Terry Shannon,24/06/2024,Comhairleoir J. Sheehan,for,text,resolved
Cork City,Kieran McCarthy,24/06/2024,Comhairleoir J. Sheehan,for,text,resolved
Cork City,Mary Rose Desmond,24/06/2024,Comhairleoir J. Sheehan,for,text,resolved
Cork City,Des Cahill,24/06/2024,Comhairleoir J. Sheehan,for,text,resolved
Cork City,H. Kamegni,24/06/2024,Comhairleoir J. Sheehan,for,text,printed_form
Cork City,Peter Horgan,24/06/2024,Comhairleoir J. Sheehan,for,text,resolved
Cork City,Shane O'Callaghan,24/06/2024,Comhairleoir J. Sheehan,for,text,resolved
Cork City,Seán Martin,24/06/2024,Comhairleoir J. Sheehan,for,text,resolved
Cork City,D. Boyle,24/06/2024,Comhairleoir J. Sheehan,for,text,printed_form
Cork City,Fergal Dennehy,24/06/2024,Comhairleoir J. Sheehan,for,text,resolved
Cork City,Garret Kelleher,24/06/2024,Comhairleoir J. Sheehan,for,text,resolved
Cork City,Colm Kelleher,24/06/2024,Comhairleoir J. Sheehan,for,text,resolved
Cork City,Laura Harmon,24/06/2024,Comhairleoir J. Sheehan,for,text,resolved
Cork City,Terry Coleman,24/06/2024,Comhairleoir J. Sheehan,for,text,resolved
Cork City,Ken O'Flynn,24/06/2024,Comhairleoir J. Sheehan,against,text,resolved
Cork City,Michelle Gould,24/06/2024,Comhairleoir J. Sheehan,against,text,resolved
Cork City,Kenneth Collins,24/06/2024,Comhairleoir J. Sheehan,against,text,resolved
Cork City,Fiona Kerins,24/06/2024,Comhairleoir J. Sheehan,against,text,resolved
Cork City,Joe Lynch,24/06/2024,Comhairleoir J. Sheehan,against,text,resolved
Cork City,Pádraig Rice,24/06/2024,Comhairleoir J. Sheehan,abstain,text,resolved
Cork City,Paudie Dineen,24/06/2024,Comhairleoir J. Sheehan,abstain,text,resolved
Cork City,Albert Deasy,24/06/2024,Comhairleoir J. Sheehan,abstain,text,resolved
Cork City,John Maher,24/06/2024,Comhairleoir T. Coleman,for,text,resolved
Cork City,Joe Kavanagh,24/06/2024,Comhairleoir T. Coleman,for,text,resolved
Cork City,Margaret McDonnell,24/06/2024,Comhairleoir T. Coleman,for,text,resolved
Cork City,O. Moran,24/06/2024,Comhairleoir T. Coleman,for,text,printed_form
Cork City,Tony Fitzgerald,24/06/2024,Comhairleoir T. Coleman,for,text,resolved
Cork City,Damian Boylan,24/06/2024,Comhairleoir T. Coleman,for,text,resolved
Cork City,John Sheehan,24/06/2024,Comhairleoir T. Coleman,for,text,resolved
Cork City,Terry Shannon,24/06/2024,Comhairleoir T. Coleman,for,text,resolved
Cork City,Kieran McCarthy,24/06/2024,Comhairleoir T. Coleman,for,text,resolved
Cork City,Mary Rose Desmond,24/06/2024,Comhairleoir T. Coleman,for,text,resolved
Cork City,Des Cahill,24/06/2024,Comhairleoir T. Coleman,for,text,resolved
Cork City,H. Kamegni,24/06/2024,Comhairleoir T. Coleman,for,text,printed_form
Cork City,Peter Horgan,24/06/2024,Comhairleoir T. Coleman,for,text,resolved
Cork City,Shane O'Callaghan,24/06/2024,Comhairleoir T. Coleman,for,text,resolved
Cork City,Seán Martin,24/06/2024,Comhairleoir T. Coleman,for,text,resolved
Cork City,D. Boyle,24/06/2024,Comhairleoir T. Coleman,for,text,printed_form
Cork City,Fergal Dennehy,24/06/2024,Comhairleoir T. Coleman,for,text,resolved
Cork City,Garret Kelleher,24/06/2024,Comhairleoir T. Coleman,for,text,resolved
Cork City,Colm Kelleher,24/06/2024,Comhairleoir T. Coleman,for,text,resolved
Cork City,Laura Harmon,24/06/2024,Comhairleoir T. Coleman,for,text,resolved
Cork City,Terry Coleman,24/06/2024,Comhairleoir T. Coleman,for,text,resolved
Cork City,Ken O'Flynn,24/06/2024,Comhairleoir T. Coleman,against,text,resolved
Cork City,Michelle Gould,24/06/2024,Comhairleoir T. Coleman,against,text,resolved
Cork City,Kenneth Collins,24/06/2024,Comhairleoir T. Coleman,against,text,resolved
Cork City,Fiona Kerins,24/06/2024,Comhairleoir T. Coleman,against,text,resolved
Cork City,Joe Lynch,24/06/2024,Comhairleoir T. Coleman,against,text,resolved
Cork City,Pádraig Rice,24/06/2024,Comhairleoir T. Coleman,abstain,text,resolved
Cork City,Paudie Dineen,24/06/2024,Comhairleoir T. Coleman,abstain,text,resolved
Cork City,Albert Deasy,24/06/2024,Comhairleoir T. Coleman,abstain,text,resolved
Cork City,Ken O'Flynn,24/06/2024,Comhairleoir K. McCarthy,for,text,resolved
Cork City,John Maher,24/06/2024,Comhairleoir K. McCarthy,for,text,resolved
Cork City,Joe Kavanagh,24/06/2024,Comhairleoir K. McCarthy,for,text,resolved
Cork City,Margaret McDonnell,24/06/2024,Comhairleoir K. McCarthy,for,text,resolved
Cork City,O. Moran,24/06/2024,Comhairleoir K. McCarthy,for,text,printed_form
Cork City,Tony Fitzgerald,24/06/2024,Comhairleoir K. McCarthy,for,text,resolved
Cork City,Damian Boylan,24/06/2024,Comhairleoir K. McCarthy,for,text,resolved
Cork City,John Sheehan,24/06/2024,Comhairleoir K. McCarthy,for,text,resolved
Cork City,Michelle Gould,24/06/2024,Comhairleoir K. McCarthy,for,text,resolved
Cork City,Kenneth Collins,24/06/2024,Comhairleoir K. McCarthy,for,text,resolved
Cork City,Terry Shannon,24/06/2024,Comhairleoir K. McCarthy,for,text,resolved
Cork City,Kieran McCarthy,24/06/2024,Comhairleoir K. McCarthy,for,text,resolved
Cork City,Mary Rose Desmond,24/06/2024,Comhairleoir K. McCarthy,for,text,resolved
Cork City,Des Cahill,24/06/2024,Comhairleoir K. McCarthy,for,text,resolved
Cork City,H. Kamegni,24/06/2024,Comhairleoir K. McCarthy,for,text,printed_form
Cork City,Peter Horgan,24/06/2024,Comhairleoir K. McCarthy,for,text,resolved
Cork City,Shane O'Callaghan,24/06/2024,Comhairleoir K. McCarthy,for,text,resolved
Cork City,Seán Martin,24/06/2024,Comhairleoir K. McCarthy,for,text,resolved
Cork City,Pádraig Rice,24/06/2024,Comhairleoir K. McCarthy,for,text,resolved
Cork City,Fiona Kerins,24/06/2024,Comhairleoir K. McCarthy,for,text,resolved
Cork City,Paudie Dineen,24/06/2024,Comhairleoir K. McCarthy,for,text,resolved
Cork City,D. Boyle,24/06/2024,Comhairleoir K. McCarthy,for,text,printed_form
Cork City,Fergal Dennehy,24/06/2024,Comhairleoir K. McCarthy,for,text,resolved
Cork City,Garret Kelleher,24/06/2024,Comhairleoir K. McCarthy,for,text,resolved
Cork City,Colm Kelleher,24/06/2024,Comhairleoir K. McCarthy,for,text,resolved
Cork City,Joe Lynch,24/06/2024,Comhairleoir K. McCarthy,for,text,resolved
Cork City,Laura Harmon,24/06/2024,Comhairleoir K. McCarthy,for,text,resolved
Cork City,Terry Coleman,24/06/2024,Comhairleoir K. McCarthy,for,text,resolved
Cork City,Albert Deasy,24/06/2024,Comhairleoir K. McCarthy,abstain,text,resolved
Cork City,Ken O'Flynn,24/06/2024,Comhairleoir D. Cahill (vote 1 of 3),for,text,resolved
Cork City,John Maher,24/06/2024,Comhairleoir D. Cahill (vote 1 of 3),for,text,resolved
Cork City,Joe Kavanagh,24/06/2024,Comhairleoir D. Cahill (vote 1 of 3),for,text,resolved
Cork City,Margaret McDonnell,24/06/2024,Comhairleoir D. Cahill (vote 1 of 3),for,text,resolved
Cork City,O. Moran,24/06/2024,Comhairleoir D. Cahill (vote 1 of 3),for,text,printed_form
Cork City,Tony Fitzgerald,24/06/2024,Comhairleoir D. Cahill (vote 1 of 3),for,text,resolved
Cork City,Damian Boylan,24/06/2024,Comhairleoir D. Cahill (vote 1 of 3),for,text,resolved
Cork City,John Sheehan,24/06/2024,Comhairleoir D. Cahill (vote 1 of 3),for,text,resolved
Cork City,Michelle Gould,24/06/2024,Comhairleoir D. Cahill (vote 1 of 3),for,text,resolved
Cork City,Kenneth Collins,24/06/2024,Comhairleoir D. Cahill (vote 1 of 3),for,text,resolved
Cork City,Terry Shannon,24/06/2024,Comhairleoir D. Cahill (vote 1 of 3),for,text,resolved
Cork City,Kieran McCarthy,24/06/2024,Comhairleoir D. Cahill (vote 1 of 3),for,text,resolved
Cork City,Mary Rose Desmond,24/06/2024,Comhairleoir D. Cahill (vote 1 of 3),for,text,resolved
Cork City,Des Cahill,24/06/2024,Comhairleoir D. Cahill (vote 1 of 3),for,text,resolved
Cork City,H. Kamegni,24/06/2024,Comhairleoir D. Cahill (vote 1 of 3),for,text,printed_form
Cork City,Peter Horgan,24/06/2024,Comhairleoir D. Cahill (vote 1 of 3),for,text,resolved
Cork City,Shane O'Callaghan,24/06/2024,Comhairleoir D. Cahill (vote 1 of 3),for,text,resolved
Cork City,Seán Martin,24/06/2024,Comhairleoir D. Cahill (vote 1 of 3),for,text,resolved
Cork City,Fiona Kerins,24/06/2024,Comhairleoir D. Cahill (vote 1 of 3),for,text,resolved
Cork City,D. Boyle,24/06/2024,Comhairleoir D. Cahill (vote 1 of 3),for,text,printed_form
Cork City,Fergal Dennehy,24/06/2024,Comhairleoir D. Cahill (vote 1 of 3),for,text,resolved
Cork City,Garret Kelleher,24/06/2024,Comhairleoir D. Cahill (vote 1 of 3),for,text,resolved
Cork City,Colm Kelleher,24/06/2024,Comhairleoir D. Cahill (vote 1 of 3),for,text,resolved
Cork City,Joe Lynch,24/06/2024,Comhairleoir D. Cahill (vote 1 of 3),for,text,resolved
Cork City,Laura Harmon,24/06/2024,Comhairleoir D. Cahill (vote 1 of 3),for,text,resolved
Cork City,Terry Coleman,24/06/2024,Comhairleoir D. Cahill (vote 1 of 3),for,text,resolved
Cork City,Pádraig Rice,24/06/2024,Comhairleoir D. Cahill (vote 1 of 3),abstain,text,resolved
Cork City,Paudie Dineen,24/06/2024,Comhairleoir D. Cahill (vote 1 of 3),abstain,text,resolved
Cork City,Albert Deasy,24/06/2024,Comhairleoir D. Cahill (vote 1 of 3),abstain,text,resolved
Cork City,John Maher,24/06/2024,Comhairleoir H. Kamegni (vote 1 of 2),for,text,resolved
Cork City,Joe Kavanagh,24/06/2024,Comhairleoir H. Kamegni (vote 1 of 2),for,text,resolved
Cork City,Margaret McDonnell,24/06/2024,Comhairleoir H. Kamegni (vote 1 of 2),for,text,resolved
Cork City,O. Moran,24/06/2024,Comhairleoir H. Kamegni (vote 1 of 2),for,text,printed_form
Cork City,Tony Fitzgerald,24/06/2024,Comhairleoir H. Kamegni (vote 1 of 2),for,text,resolved
Cork City,Damian Boylan,24/06/2024,Comhairleoir H. Kamegni (vote 1 of 2),for,text,resolved
Cork City,John Sheehan,24/06/2024,Comhairleoir H. Kamegni (vote 1 of 2),for,text,resolved
Cork City,Michelle Gould,24/06/2024,Comhairleoir H. Kamegni (vote 1 of 2),for,text,resolved
Cork City,Kenneth Collins,24/06/2024,Comhairleoir H. Kamegni (vote 1 of 2),for,text,resolved
Cork City,Terry Shannon,24/06/2024,Comhairleoir H. Kamegni (vote 1 of 2),for,text,resolved
Cork City,Kieran McCarthy,24/06/2024,Comhairleoir H. Kamegni (vote 1 of 2),for,text,resolved
Cork City,Mary Rose Desmond,24/06/2024,Comhairleoir H. Kamegni (vote 1 of 2),for,text,resolved
Cork City,Des Cahill,24/06/2024,Comhairleoir H. Kamegni (vote 1 of 2),for,text,resolved
Cork City,H. Kamegni,24/06/2024,Comhairleoir H. Kamegni (vote 1 of 2),for,text,printed_form
Cork City,Peter Horgan,24/06/2024,Comhairleoir H. Kamegni (vote 1 of 2),for,text,resolved
Cork City,Shane O'Callaghan,24/06/2024,Comhairleoir H. Kamegni (vote 1 of 2),for,text,resolved
Cork City,Seán Martin,24/06/2024,Comhairleoir H. Kamegni (vote 1 of 2),for,text,resolved
Cork City,Pádraig Rice,24/06/2024,Comhairleoir H. Kamegni (vote 1 of 2),for,text,resolved
Cork City,Fiona Kerins,24/06/2024,Comhairleoir H. Kamegni (vote 1 of 2),for,text,resolved
Cork City,D. Boyle,24/06/2024,Comhairleoir H. Kamegni (vote 1 of 2),for,text,printed_form
Cork City,Fergal Dennehy,24/06/2024,Comhairleoir H. Kamegni (vote 1 of 2),for,text,resolved
Cork City,Garret Kelleher,24/06/2024,Comhairleoir H. Kamegni (vote 1 of 2),for,text,resolved
Cork City,Colm Kelleher,24/06/2024,Comhairleoir H. Kamegni (vote 1 of 2),for,text,resolved
Cork City,Joe Lynch,24/06/2024,Comhairleoir H. Kamegni (vote 1 of 2),for,text,resolved
Cork City,Laura Harmon,24/06/2024,Comhairleoir H. Kamegni (vote 1 of 2),for,text,resolved
Cork City,Terry Coleman,24/06/2024,Comhairleoir H. Kamegni (vote 1 of 2),for,text,resolved
Cork City,Ken O'Flynn,24/06/2024,Comhairleoir H. Kamegni (vote 1 of 2),against,text,resolved
Cork City,Paudie Dineen,24/06/2024,Comhairleoir H. Kamegni (vote 1 of 2),abstain,text,resolved
Cork City,Albert Deasy,24/06/2024,Comhairleoir H. Kamegni (vote 1 of 2),abstain,text,resolved
Cork City,John Maher,24/06/2024,Comhairleoir L. Harmon,for,text,resolved
Cork City,Joe Kavanagh,24/06/2024,Comhairleoir L. Harmon,for,text,resolved
Cork City,Margaret McDonnell,24/06/2024,Comhairleoir L. Harmon,for,text,resolved
Cork City,O. Moran,24/06/2024,Comhairleoir L. Harmon,for,text,printed_form
Cork City,Tony Fitzgerald,24/06/2024,Comhairleoir L. Harmon,for,text,resolved
Cork City,Damian Boylan,24/06/2024,Comhairleoir L. Harmon,for,text,resolved
Cork City,John Sheehan,24/06/2024,Comhairleoir L. Harmon,for,text,resolved
Cork City,Michelle Gould,24/06/2024,Comhairleoir L. Harmon,for,text,resolved
Cork City,Kenneth Collins,24/06/2024,Comhairleoir L. Harmon,for,text,resolved
Cork City,Terry Shannon,24/06/2024,Comhairleoir L. Harmon,for,text,resolved
Cork City,Kieran McCarthy,24/06/2024,Comhairleoir L. Harmon,for,text,resolved
Cork City,Mary Rose Desmond,24/06/2024,Comhairleoir L. Harmon,for,text,resolved
Cork City,Des Cahill,24/06/2024,Comhairleoir L. Harmon,for,text,resolved
Cork City,H. Kamegni,24/06/2024,Comhairleoir L. Harmon,for,text,printed_form
Cork City,Peter Horgan,24/06/2024,Comhairleoir L. Harmon,for,text,resolved
Cork City,Shane O'Callaghan,24/06/2024,Comhairleoir L. Harmon,for,text,resolved
Cork City,Seán Martin,24/06/2024,Comhairleoir L. Harmon,for,text,resolved
Cork City,Pádraig Rice,24/06/2024,Comhairleoir L. Harmon,for,text,resolved
Cork City,Fiona Kerins,24/06/2024,Comhairleoir L. Harmon,for,text,resolved
Cork City,D. Boyle,24/06/2024,Comhairleoir L. Harmon,for,text,printed_form
Cork City,Fergal Dennehy,24/06/2024,Comhairleoir L. Harmon,for,text,resolved
Cork City,Garret Kelleher,24/06/2024,Comhairleoir L. Harmon,for,text,resolved
Cork City,Colm Kelleher,24/06/2024,Comhairleoir L. Harmon,for,text,resolved
Cork City,Joe Lynch,24/06/2024,Comhairleoir L. Harmon,for,text,resolved
Cork City,Laura Harmon,24/06/2024,Comhairleoir L. Harmon,for,text,resolved
Cork City,Terry Coleman,24/06/2024,Comhairleoir L. Harmon,for,text,resolved
Cork City,Ken O'Flynn,24/06/2024,Comhairleoir L. Harmon,against,text,resolved
Cork City,Paudie Dineen,24/06/2024,Comhairleoir L. Harmon,abstain,text,resolved
Cork City,Albert Deasy,24/06/2024,Comhairleoir L. Harmon,abstain,text,resolved
Cork City,Ken O'Flynn,24/06/2024,Comhairleoir F. Kerins (vote 1 of 3),for,text,resolved
Cork City,John Maher,24/06/2024,Comhairleoir F. Kerins (vote 1 of 3),for,text,resolved
Cork City,Joe Kavanagh,24/06/2024,Comhairleoir F. Kerins (vote 1 of 3),for,text,resolved
Cork City,Margaret McDonnell,24/06/2024,Comhairleoir F. Kerins (vote 1 of 3),for,text,resolved
Cork City,O. Moran,24/06/2024,Comhairleoir F. Kerins (vote 1 of 3),for,text,printed_form
Cork City,Tony Fitzgerald,24/06/2024,Comhairleoir F. Kerins (vote 1 of 3),for,text,resolved
Cork City,Damian Boylan,24/06/2024,Comhairleoir F. Kerins (vote 1 of 3),for,text,resolved
Cork City,John Sheehan,24/06/2024,Comhairleoir F. Kerins (vote 1 of 3),for,text,resolved
Cork City,Michelle Gould,24/06/2024,Comhairleoir F. Kerins (vote 1 of 3),for,text,resolved
Cork City,Kenneth Collins,24/06/2024,Comhairleoir F. Kerins (vote 1 of 3),for,text,resolved
Cork City,Terry Shannon,24/06/2024,Comhairleoir F. Kerins (vote 1 of 3),for,text,resolved
Cork City,Kieran McCarthy,24/06/2024,Comhairleoir F. Kerins (vote 1 of 3),for,text,resolved
Cork City,Mary Rose Desmond,24/06/2024,Comhairleoir F. Kerins (vote 1 of 3),for,text,resolved
Cork City,Des Cahill,24/06/2024,Comhairleoir F. Kerins (vote 1 of 3),for,text,resolved
Cork City,H. Kamegni,24/06/2024,Comhairleoir F. Kerins (vote 1 of 3),for,text,printed_form
Cork City,Peter Horgan,24/06/2024,Comhairleoir F. Kerins (vote 1 of 3),for,text,resolved
Cork City,Shane O'Callaghan,24/06/2024,Comhairleoir F. Kerins (vote 1 of 3),for,text,resolved
Cork City,Seán Martin,24/06/2024,Comhairleoir F. Kerins (vote 1 of 3),for,text,resolved
Cork City,Pádraig Rice,24/06/2024,Comhairleoir F. Kerins (vote 1 of 3),for,text,resolved
Cork City,Fiona Kerins,24/06/2024,Comhairleoir F. Kerins (vote 1 of 3),for,text,resolved
Cork City,Paudie Dineen,24/06/2024,Comhairleoir F. Kerins (vote 1 of 3),for,text,resolved
Cork City,D. Boyle,24/06/2024,Comhairleoir F. Kerins (vote 1 of 3),for,text,printed_form
Cork City,Fergal Dennehy,24/06/2024,Comhairleoir F. Kerins (vote 1 of 3),for,text,resolved
Cork City,Garret Kelleher,24/06/2024,Comhairleoir F. Kerins (vote 1 of 3),for,text,resolved
Cork City,Colm Kelleher,24/06/2024,Comhairleoir F. Kerins (vote 1 of 3),for,text,resolved
Cork City,Joe Lynch,24/06/2024,Comhairleoir F. Kerins (vote 1 of 3),for,text,resolved
Cork City,Laura Harmon,24/06/2024,Comhairleoir F. Kerins (vote 1 of 3),for,text,resolved
Cork City,Terry Coleman,24/06/2024,Comhairleoir F. Kerins (vote 1 of 3),for,text,resolved
Cork City,Albert Deasy,24/06/2024,Comhairleoir F. Kerins (vote 1 of 3),for,text,resolved
Cork City,Ken O'Flynn,24/06/2024,Comhairleoir A. Deasy (vote 1 of 2),for,text,resolved
Cork City,Paudie Dineen,24/06/2024,Comhairleoir A. Deasy (vote 1 of 2),for,text,resolved
Cork City,Albert Deasy,24/06/2024,Comhairleoir A. Deasy (vote 1 of 2),for,text,resolved
Cork City,Joe Kavanagh,24/06/2024,Comhairleoir A. Deasy (vote 1 of 2),against,text,resolved
Cork City,Margaret McDonnell,24/06/2024,Comhairleoir A. Deasy (vote 1 of 2),against,text,resolved
Cork City,O. Moran,24/06/2024,Comhairleoir A. Deasy (vote 1 of 2),against,text,printed_form
Cork City,Tony Fitzgerald,24/06/2024,Comhairleoir A. Deasy (vote 1 of 2),against,text,resolved
Cork City,Damian Boylan,24/06/2024,Comhairleoir A. Deasy (vote 1 of 2),against,text,resolved
Cork City,John Sheehan,24/06/2024,Comhairleoir A. Deasy (vote 1 of 2),against,text,resolved
Cork City,Michelle Gould,24/06/2024,Comhairleoir A. Deasy (vote 1 of 2),against,text,resolved
Cork City,Kenneth Collins,24/06/2024,Comhairleoir A. Deasy (vote 1 of 2),against,text,resolved
Cork City,Terry Shannon,24/06/2024,Comhairleoir A. Deasy (vote 1 of 2),against,text,resolved
Cork City,Mary Rose Desmond,24/06/2024,Comhairleoir A. Deasy (vote 1 of 2),against,text,resolved
Cork City,Des Cahill,24/06/2024,Comhairleoir A. Deasy (vote 1 of 2),against,text,resolved
Cork City,Kamegni,24/06/2024,Comhairleoir A. Deasy (vote 1 of 2),against,text,printed_form
Cork City,Shane O'Callaghan,24/06/2024,Comhairleoir A. Deasy (vote 1 of 2),against,text,resolved
Cork City,Seán Martin,24/06/2024,Comhairleoir A. Deasy (vote 1 of 2),against,text,resolved
Cork City,Fiona Kerins,24/06/2024,Comhairleoir A. Deasy (vote 1 of 2),against,text,resolved
Cork City,Fergal Dennehy,24/06/2024,Comhairleoir A. Deasy (vote 1 of 2),against,text,resolved
Cork City,Garret Kelleher,24/06/2024,Comhairleoir A. Deasy (vote 1 of 2),against,text,resolved
Cork City,Colm Kelleher,24/06/2024,Comhairleoir A. Deasy (vote 1 of 2),against,text,resolved
Cork City,Joe Lynch,24/06/2024,Comhairleoir A. Deasy (vote 1 of 2),against,text,resolved
Cork City,Terry Coleman,24/06/2024,Comhairleoir A. Deasy (vote 1 of 2),against,text,resolved
Cork City,John Maher,24/06/2024,Comhairleoir A. Deasy (vote 1 of 2),abstain,text,resolved
Cork City,Kieran McCarthy,24/06/2024,Comhairleoir A. Deasy (vote 1 of 2),abstain,text,resolved
Cork City,Peter Horgan,24/06/2024,Comhairleoir A. Deasy (vote 1 of 2),abstain,text,resolved
Cork City,Pádraig Rice,24/06/2024,Comhairleoir A. Deasy (vote 1 of 2),abstain,text,resolved
Cork City,D. Boyle,24/06/2024,Comhairleoir A. Deasy (vote 1 of 2),abstain,text,printed_form
Cork City,Laura Harmon,24/06/2024,Comhairleoir A. Deasy (vote 1 of 2),abstain,text,resolved
Cork City,John Maher,24/06/2024,a vote was called for on the nomination to the Southern Regional Assembly where there appeared as follows:- Comhairleoir T — Comhairleoir T. Shannon,for,text,resolved
Cork City,Joe Kavanagh,24/06/2024,a vote was called for on the nomination to the Southern Regional Assembly where there appeared as follows:- Comhairleoir T — Comhairleoir T. Shannon,for,text,resolved
Cork City,Margaret McDonnell,24/06/2024,a vote was called for on the nomination to the Southern Regional Assembly where there appeared as follows:- Comhairleoir T — Comhairleoir T. Shannon,for,text,resolved
Cork City,O. Moran,24/06/2024,a vote was called for on the nomination to the Southern Regional Assembly where there appeared as follows:- Comhairleoir T — Comhairleoir T. Shannon,for,text,printed_form
Cork City,Tony Fitzgerald,24/06/2024,a vote was called for on the nomination to the Southern Regional Assembly where there appeared as follows:- Comhairleoir T — Comhairleoir T. Shannon,for,text,resolved
Cork City,Damian Boylan,24/06/2024,a vote was called for on the nomination to the Southern Regional Assembly where there appeared as follows:- Comhairleoir T — Comhairleoir T. Shannon,for,text,resolved
Cork City,John Sheehan,24/06/2024,a vote was called for on the nomination to the Southern Regional Assembly where there appeared as follows:- Comhairleoir T — Comhairleoir T. Shannon,for,text,resolved
Cork City,Terry Shannon,24/06/2024,a vote was called for on the nomination to the Southern Regional Assembly where there appeared as follows:- Comhairleoir T — Comhairleoir T. Shannon,for,text,resolved
Cork City,Kieran McCarthy,24/06/2024,a vote was called for on the nomination to the Southern Regional Assembly where there appeared as follows:- Comhairleoir T — Comhairleoir T. Shannon,for,text,resolved
Cork City,Mary Rose Desmond,24/06/2024,a vote was called for on the nomination to the Southern Regional Assembly where there appeared as follows:- Comhairleoir T — Comhairleoir T. Shannon,for,text,resolved
Cork City,Des Cahill,24/06/2024,a vote was called for on the nomination to the Southern Regional Assembly where there appeared as follows:- Comhairleoir T — Comhairleoir T. Shannon,for,text,resolved
Cork City,H. Kamegni,24/06/2024,a vote was called for on the nomination to the Southern Regional Assembly where there appeared as follows:- Comhairleoir T — Comhairleoir T. Shannon,for,text,printed_form
Cork City,Peter Horgan,24/06/2024,a vote was called for on the nomination to the Southern Regional Assembly where there appeared as follows:- Comhairleoir T — Comhairleoir T. Shannon,for,text,resolved
Cork City,Shane O'Callaghan,24/06/2024,a vote was called for on the nomination to the Southern Regional Assembly where there appeared as follows:- Comhairleoir T — Comhairleoir T. Shannon,for,text,resolved
Cork City,Seán Martin,24/06/2024,a vote was called for on the nomination to the Southern Regional Assembly where there appeared as follows:- Comhairleoir T — Comhairleoir T. Shannon,for,text,resolved
Cork City,D. Boyle,24/06/2024,a vote was called for on the nomination to the Southern Regional Assembly where there appeared as follows:- Comhairleoir T — Comhairleoir T. Shannon,for,text,printed_form
Cork City,Fergal Dennehy,24/06/2024,a vote was called for on the nomination to the Southern Regional Assembly where there appeared as follows:- Comhairleoir T — Comhairleoir T. Shannon,for,text,resolved
Cork City,Garret Kelleher,24/06/2024,a vote was called for on the nomination to the Southern Regional Assembly where there appeared as follows:- Comhairleoir T — Comhairleoir T. Shannon,for,text,resolved
Cork City,Colm Kelleher,24/06/2024,a vote was called for on the nomination to the Southern Regional Assembly where there appeared as follows:- Comhairleoir T — Comhairleoir T. Shannon,for,text,resolved
Cork City,Laura Harmon,24/06/2024,a vote was called for on the nomination to the Southern Regional Assembly where there appeared as follows:- Comhairleoir T — Comhairleoir T. Shannon,for,text,resolved
Cork City,Terry Coleman,24/06/2024,a vote was called for on the nomination to the Southern Regional Assembly where there appeared as follows:- Comhairleoir T — Comhairleoir T. Shannon,for,text,resolved
Cork City,Ken O'Flynn,24/06/2024,a vote was called for on the nomination to the Southern Regional Assembly where there appeared as follows:- Comhairleoir T — Comhairleoir T. Shannon,against,text,resolved
Cork City,Michelle Gould,24/06/2024,a vote was called for on the nomination to the Southern Regional Assembly where there appeared as follows:- Comhairleoir T — Comhairleoir T. Shannon,against,text,resolved
Cork City,Kenneth Collins,24/06/2024,a vote was called for on the nomination to the Southern Regional Assembly where there appeared as follows:- Comhairleoir T — Comhairleoir T. Shannon,against,text,resolved
Cork City,Fiona Kerins,24/06/2024,a vote was called for on the nomination to the Southern Regional Assembly where there appeared as follows:- Comhairleoir T — Comhairleoir T. Shannon,against,text,resolved
Cork City,Joe Lynch,24/06/2024,a vote was called for on the nomination to the Southern Regional Assembly where there appeared as follows:- Comhairleoir T — Comhairleoir T. Shannon,against,text,resolved
Cork City,Pádraig Rice,24/06/2024,a vote was called for on the nomination to the Southern Regional Assembly where there appeared as follows:- Comhairleoir T — Comhairleoir T. Shannon,abstain,text,resolved
Cork City,Paudie Dineen,24/06/2024,a vote was called for on the nomination to the Southern Regional Assembly where there appeared as follows:- Comhairleoir T — Comhairleoir T. Shannon,abstain,text,resolved
Cork City,Albert Deasy,24/06/2024,a vote was called for on the nomination to the Southern Regional Assembly where there appeared as follows:- Comhairleoir T — Comhairleoir T. Shannon,abstain,text,resolved
Cork City,John Maher,24/06/2024,a vote was called for on the nomination to the Southern Regional Assembly where there appeared as follows:- Comhairleoir T — Comhairleoir G. Kelleher,for,text,resolved
Cork City,Joe Kavanagh,24/06/2024,a vote was called for on the nomination to the Southern Regional Assembly where there appeared as follows:- Comhairleoir T — Comhairleoir G. Kelleher,for,text,resolved
Cork City,Margaret McDonnell,24/06/2024,a vote was called for on the nomination to the Southern Regional Assembly where there appeared as follows:- Comhairleoir T — Comhairleoir G. Kelleher,for,text,resolved
Cork City,O. Moran,24/06/2024,a vote was called for on the nomination to the Southern Regional Assembly where there appeared as follows:- Comhairleoir T — Comhairleoir G. Kelleher,for,text,printed_form
Cork City,Tony Fitzgerald,24/06/2024,a vote was called for on the nomination to the Southern Regional Assembly where there appeared as follows:- Comhairleoir T — Comhairleoir G. Kelleher,for,text,resolved
Cork City,Damian Boylan,24/06/2024,a vote was called for on the nomination to the Southern Regional Assembly where there appeared as follows:- Comhairleoir T — Comhairleoir G. Kelleher,for,text,resolved
Cork City,John Sheehan,24/06/2024,a vote was called for on the nomination to the Southern Regional Assembly where there appeared as follows:- Comhairleoir T — Comhairleoir G. Kelleher,for,text,resolved
Cork City,Terry Shannon,24/06/2024,a vote was called for on the nomination to the Southern Regional Assembly where there appeared as follows:- Comhairleoir T — Comhairleoir G. Kelleher,for,text,resolved
Cork City,Kieran McCarthy,24/06/2024,a vote was called for on the nomination to the Southern Regional Assembly where there appeared as follows:- Comhairleoir T — Comhairleoir G. Kelleher,for,text,resolved
Cork City,Mary Rose Desmond,24/06/2024,a vote was called for on the nomination to the Southern Regional Assembly where there appeared as follows:- Comhairleoir T — Comhairleoir G. Kelleher,for,text,resolved
Cork City,Des Cahill,24/06/2024,a vote was called for on the nomination to the Southern Regional Assembly where there appeared as follows:- Comhairleoir T — Comhairleoir G. Kelleher,for,text,resolved
Cork City,H. Kamegni,24/06/2024,a vote was called for on the nomination to the Southern Regional Assembly where there appeared as follows:- Comhairleoir T — Comhairleoir G. Kelleher,for,text,printed_form
Cork City,Peter Horgan,24/06/2024,a vote was called for on the nomination to the Southern Regional Assembly where there appeared as follows:- Comhairleoir T — Comhairleoir G. Kelleher,for,text,resolved
Cork City,Shane O'Callaghan,24/06/2024,a vote was called for on the nomination to the Southern Regional Assembly where there appeared as follows:- Comhairleoir T — Comhairleoir G. Kelleher,for,text,resolved
Cork City,Seán Martin,24/06/2024,a vote was called for on the nomination to the Southern Regional Assembly where there appeared as follows:- Comhairleoir T — Comhairleoir G. Kelleher,for,text,resolved
Cork City,D. Boyle,24/06/2024,a vote was called for on the nomination to the Southern Regional Assembly where there appeared as follows:- Comhairleoir T — Comhairleoir G. Kelleher,for,text,printed_form
Cork City,Fergal Dennehy,24/06/2024,a vote was called for on the nomination to the Southern Regional Assembly where there appeared as follows:- Comhairleoir T — Comhairleoir G. Kelleher,for,text,resolved
Cork City,Garret Kelleher,24/06/2024,a vote was called for on the nomination to the Southern Regional Assembly where there appeared as follows:- Comhairleoir T — Comhairleoir G. Kelleher,for,text,resolved
Cork City,Colm Kelleher,24/06/2024,a vote was called for on the nomination to the Southern Regional Assembly where there appeared as follows:- Comhairleoir T — Comhairleoir G. Kelleher,for,text,resolved
Cork City,Laura Harmon,24/06/2024,a vote was called for on the nomination to the Southern Regional Assembly where there appeared as follows:- Comhairleoir T — Comhairleoir G. Kelleher,for,text,resolved
Cork City,Terry Coleman,24/06/2024,a vote was called for on the nomination to the Southern Regional Assembly where there appeared as follows:- Comhairleoir T — Comhairleoir G. Kelleher,for,text,resolved
Cork City,Albert Deasy,24/06/2024,a vote was called for on the nomination to the Southern Regional Assembly where there appeared as follows:- Comhairleoir T — Comhairleoir G. Kelleher,for,text,resolved
Cork City,Ken O'Flynn,24/06/2024,a vote was called for on the nomination to the Southern Regional Assembly where there appeared as follows:- Comhairleoir T — Comhairleoir G. Kelleher,against,text,resolved
Cork City,Michelle Gould,24/06/2024,a vote was called for on the nomination to the Southern Regional Assembly where there appeared as follows:- Comhairleoir T — Comhairleoir G. Kelleher,against,text,resolved
Cork City,Kenneth Collins,24/06/2024,a vote was called for on the nomination to the Southern Regional Assembly where there appeared as follows:- Comhairleoir T — Comhairleoir G. Kelleher,against,text,resolved
Cork City,Fiona Kerins,24/06/2024,a vote was called for on the nomination to the Southern Regional Assembly where there appeared as follows:- Comhairleoir T — Comhairleoir G. Kelleher,against,text,resolved
Cork City,Joe Lynch,24/06/2024,a vote was called for on the nomination to the Southern Regional Assembly where there appeared as follows:- Comhairleoir T — Comhairleoir G. Kelleher,against,text,resolved
Cork City,Pádraig Rice,24/06/2024,a vote was called for on the nomination to the Southern Regional Assembly where there appeared as follows:- Comhairleoir T — Comhairleoir G. Kelleher,abstain,text,resolved
Cork City,Paudie Dineen,24/06/2024,a vote was called for on the nomination to the Southern Regional Assembly where there appeared as follows:- Comhairleoir T — Comhairleoir G. Kelleher,abstain,text,resolved
Cork City,Ken O'Flynn,24/06/2024,Comhairleoir M. Gould (vote 1 of 3),for,text,resolved
Cork City,Michelle Gould,24/06/2024,Comhairleoir M. Gould (vote 1 of 3),for,text,resolved
Cork City,Kenneth Collins,24/06/2024,Comhairleoir M. Gould (vote 1 of 3),for,text,resolved
Cork City,Pádraig Rice,24/06/2024,Comhairleoir M. Gould (vote 1 of 3),for,text,resolved
Cork City,Fiona Kerins,24/06/2024,Comhairleoir M. Gould (vote 1 of 3),for,text,resolved
Cork City,Paudie Dineen,24/06/2024,Comhairleoir M. Gould (vote 1 of 3),for,text,resolved
Cork City,Joe Lynch,24/06/2024,Comhairleoir M. Gould (vote 1 of 3),for,text,resolved
Cork City,Albert Deasy,24/06/2024,Comhairleoir M. Gould (vote 1 of 3),for,text,resolved
Cork City,John Maher,24/06/2024,Comhairleoir M. Gould (vote 1 of 3),against,text,resolved
Cork City,Joe Kavanagh,24/06/2024,Comhairleoir M. Gould (vote 1 of 3),against,text,resolved
Cork City,Margaret McDonnell,24/06/2024,Comhairleoir M. Gould (vote 1 of 3),against,text,resolved
Cork City,O. Moran,24/06/2024,Comhairleoir M. Gould (vote 1 of 3),against,text,printed_form
Cork City,Tony Fitzgerald,24/06/2024,Comhairleoir M. Gould (vote 1 of 3),against,text,resolved
Cork City,Damian Boylan,24/06/2024,Comhairleoir M. Gould (vote 1 of 3),against,text,resolved
Cork City,John Sheehan,24/06/2024,Comhairleoir M. Gould (vote 1 of 3),against,text,resolved
Cork City,Terry Shannon,24/06/2024,Comhairleoir M. Gould (vote 1 of 3),against,text,resolved
Cork City,Mary Rose Desmond,24/06/2024,Comhairleoir M. Gould (vote 1 of 3),against,text,resolved
Cork City,Des Cahill,24/06/2024,Comhairleoir M. Gould (vote 1 of 3),against,text,resolved
Cork City,H. Kamegni,24/06/2024,Comhairleoir M. Gould (vote 1 of 3),against,text,printed_form
Cork City,Peter Horgan,24/06/2024,Comhairleoir M. Gould (vote 1 of 3),against,text,resolved
Cork City,Shane O'Callaghan,24/06/2024,Comhairleoir M. Gould (vote 1 of 3),against,text,resolved
Cork City,Seán Martin,24/06/2024,Comhairleoir M. Gould (vote 1 of 3),against,text,resolved
Cork City,Fergal Dennehy,24/06/2024,Comhairleoir M. Gould (vote 1 of 3),against,text,resolved
Cork City,Garret Kelleher,24/06/2024,Comhairleoir M. Gould (vote 1 of 3),against,text,resolved
Cork City,Colm Kelleher,24/06/2024,Comhairleoir M. Gould (vote 1 of 3),against,text,resolved
Cork City,Terry Coleman,24/06/2024,Comhairleoir M. Gould (vote 1 of 3),against,text,resolved
Cork City,Kieran McCarthy,24/06/2024,Comhairleoir M. Gould (vote 1 of 3),abstain,text,resolved
Cork City,D. Boyle,24/06/2024,Comhairleoir M. Gould (vote 1 of 3),abstain,text,printed_form
Cork City,Laura Harmon,24/06/2024,Comhairleoir M. Gould (vote 1 of 3),abstain,text,resolved
Cork City,John Maher,24/06/2024,a vote was called for on the nominations to the Association of Irish Local Government where there appeared as follows:- Comhairleoir S — Comhairleoir S. Martin,for,text,resolved
Cork City,Joe Kavanagh,24/06/2024,a vote was called for on the nominations to the Association of Irish Local Government where there appeared as follows:- Comhairleoir S — Comhairleoir S. Martin,for,text,resolved
Cork City,Margaret McDonnell,24/06/2024,a vote was called for on the nominations to the Association of Irish Local Government where there appeared as follows:- Comhairleoir S — Comhairleoir S. Martin,for,text,resolved
Cork City,O. Moran,24/06/2024,a vote was called for on the nominations to the Association of Irish Local Government where there appeared as follows:- Comhairleoir S — Comhairleoir S. Martin,for,text,printed_form
Cork City,Tony Fitzgerald,24/06/2024,a vote was called for on the nominations to the Association of Irish Local Government where there appeared as follows:- Comhairleoir S — Comhairleoir S. Martin,for,text,resolved
Cork City,Damian Boylan,24/06/2024,a vote was called for on the nominations to the Association of Irish Local Government where there appeared as follows:- Comhairleoir S — Comhairleoir S. Martin,for,text,resolved
Cork City,John Sheehan,24/06/2024,a vote was called for on the nominations to the Association of Irish Local Government where there appeared as follows:- Comhairleoir S — Comhairleoir S. Martin,for,text,resolved
Cork City,Terry Shannon,24/06/2024,a vote was called for on the nominations to the Association of Irish Local Government where there appeared as follows:- Comhairleoir S — Comhairleoir S. Martin,for,text,resolved
Cork City,Kieran McCarthy,24/06/2024,a vote was called for on the nominations to the Association of Irish Local Government where there appeared as follows:- Comhairleoir S — Comhairleoir S. Martin,for,text,resolved
Cork City,Mary Rose Desmond,24/06/2024,a vote was called for on the nominations to the Association of Irish Local Government where there appeared as follows:- Comhairleoir S — Comhairleoir S. Martin,for,text,resolved
Cork City,Des Cahill,24/06/2024,a vote was called for on the nominations to the Association of Irish Local Government where there appeared as follows:- Comhairleoir S — Comhairleoir S. Martin,for,text,resolved
Cork City,H. Kamegni,24/06/2024,a vote was called for on the nominations to the Association of Irish Local Government where there appeared as follows:- Comhairleoir S — Comhairleoir S. Martin,for,text,printed_form
Cork City,Peter Horgan,24/06/2024,a vote was called for on the nominations to the Association of Irish Local Government where there appeared as follows:- Comhairleoir S — Comhairleoir S. Martin,for,text,resolved
Cork City,Shane O'Callaghan,24/06/2024,a vote was called for on the nominations to the Association of Irish Local Government where there appeared as follows:- Comhairleoir S — Comhairleoir S. Martin,for,text,resolved
Cork City,Seán Martin,24/06/2024,a vote was called for on the nominations to the Association of Irish Local Government where there appeared as follows:- Comhairleoir S — Comhairleoir S. Martin,for,text,resolved
Cork City,D. Boyle,24/06/2024,a vote was called for on the nominations to the Association of Irish Local Government where there appeared as follows:- Comhairleoir S — Comhairleoir S. Martin,for,text,printed_form
Cork City,Fergal Dennehy,24/06/2024,a vote was called for on the nominations to the Association of Irish Local Government where there appeared as follows:- Comhairleoir S — Comhairleoir S. Martin,for,text,resolved
Cork City,Garret Kelleher,24/06/2024,a vote was called for on the nominations to the Association of Irish Local Government where there appeared as follows:- Comhairleoir S — Comhairleoir S. Martin,for,text,resolved
Cork City,Colm Kelleher,24/06/2024,a vote was called for on the nominations to the Association of Irish Local Government where there appeared as follows:- Comhairleoir S — Comhairleoir S. Martin,for,text,resolved
Cork City,Laura Harmon,24/06/2024,a vote was called for on the nominations to the Association of Irish Local Government where there appeared as follows:- Comhairleoir S — Comhairleoir S. Martin,for,text,resolved
Cork City,Terry Coleman,24/06/2024,a vote was called for on the nominations to the Association of Irish Local Government where there appeared as follows:- Comhairleoir S — Comhairleoir S. Martin,for,text,resolved
Cork City,Ken O'Flynn,24/06/2024,a vote was called for on the nominations to the Association of Irish Local Government where there appeared as follows:- Comhairleoir S — Comhairleoir S. Martin,against,text,resolved
Cork City,Michelle Gould,24/06/2024,a vote was called for on the nominations to the Association of Irish Local Government where there appeared as follows:- Comhairleoir S — Comhairleoir S. Martin,against,text,resolved
Cork City,Kenneth Collins,24/06/2024,a vote was called for on the nominations to the Association of Irish Local Government where there appeared as follows:- Comhairleoir S — Comhairleoir S. Martin,against,text,resolved
Cork City,Fiona Kerins,24/06/2024,a vote was called for on the nominations to the Association of Irish Local Government where there appeared as follows:- Comhairleoir S — Comhairleoir S. Martin,against,text,resolved
Cork City,Paudie Dineen,24/06/2024,a vote was called for on the nominations to the Association of Irish Local Government where there appeared as follows:- Comhairleoir S — Comhairleoir S. Martin,against,text,resolved
Cork City,Joe Lynch,24/06/2024,a vote was called for on the nominations to the Association of Irish Local Government where there appeared as follows:- Comhairleoir S — Comhairleoir S. Martin,against,text,resolved
Cork City,Albert Deasy,24/06/2024,a vote was called for on the nominations to the Association of Irish Local Government where there appeared as follows:- Comhairleoir S — Comhairleoir S. Martin,against,text,resolved
Cork City,Pádraig Rice,24/06/2024,a vote was called for on the nominations to the Association of Irish Local Government where there appeared as follows:- Comhairleoir S — Comhairleoir S. Martin,abstain,text,resolved
Cork City,John Maher,24/06/2024,a vote was called for on the nominations to the Association of Irish Local Government where there appeared as follows:- Comhairleoir S — Comhairleoir T. Shannon,for,text,resolved
Cork City,Joe Kavanagh,24/06/2024,a vote was called for on the nominations to the Association of Irish Local Government where there appeared as follows:- Comhairleoir S — Comhairleoir T. Shannon,for,text,resolved
Cork City,Margaret McDonnell,24/06/2024,a vote was called for on the nominations to the Association of Irish Local Government where there appeared as follows:- Comhairleoir S — Comhairleoir T. Shannon,for,text,resolved
Cork City,O. Moran,24/06/2024,a vote was called for on the nominations to the Association of Irish Local Government where there appeared as follows:- Comhairleoir S — Comhairleoir T. Shannon,for,text,printed_form
Cork City,Tony Fitzgerald,24/06/2024,a vote was called for on the nominations to the Association of Irish Local Government where there appeared as follows:- Comhairleoir S — Comhairleoir T. Shannon,for,text,resolved
Cork City,Damian Boylan,24/06/2024,a vote was called for on the nominations to the Association of Irish Local Government where there appeared as follows:- Comhairleoir S — Comhairleoir T. Shannon,for,text,resolved
Cork City,John Sheehan,24/06/2024,a vote was called for on the nominations to the Association of Irish Local Government where there appeared as follows:- Comhairleoir S — Comhairleoir T. Shannon,for,text,resolved
Cork City,Terry Shannon,24/06/2024,a vote was called for on the nominations to the Association of Irish Local Government where there appeared as follows:- Comhairleoir S — Comhairleoir T. Shannon,for,text,resolved
Cork City,Kieran McCarthy,24/06/2024,a vote was called for on the nominations to the Association of Irish Local Government where there appeared as follows:- Comhairleoir S — Comhairleoir T. Shannon,for,text,resolved
Cork City,Mary Rose Desmond,24/06/2024,a vote was called for on the nominations to the Association of Irish Local Government where there appeared as follows:- Comhairleoir S — Comhairleoir T. Shannon,for,text,resolved
Cork City,Des Cahill,24/06/2024,a vote was called for on the nominations to the Association of Irish Local Government where there appeared as follows:- Comhairleoir S — Comhairleoir T. Shannon,for,text,resolved
Cork City,H. Kamegni,24/06/2024,a vote was called for on the nominations to the Association of Irish Local Government where there appeared as follows:- Comhairleoir S — Comhairleoir T. Shannon,for,text,printed_form
Cork City,Peter Horgan,24/06/2024,a vote was called for on the nominations to the Association of Irish Local Government where there appeared as follows:- Comhairleoir S — Comhairleoir T. Shannon,for,text,resolved
Cork City,Shane O'Callaghan,24/06/2024,a vote was called for on the nominations to the Association of Irish Local Government where there appeared as follows:- Comhairleoir S — Comhairleoir T. Shannon,for,text,resolved
Cork City,Seán Martin,24/06/2024,a vote was called for on the nominations to the Association of Irish Local Government where there appeared as follows:- Comhairleoir S — Comhairleoir T. Shannon,for,text,resolved
Cork City,D. Boyle,24/06/2024,a vote was called for on the nominations to the Association of Irish Local Government where there appeared as follows:- Comhairleoir S — Comhairleoir T. Shannon,for,text,printed_form
Cork City,Fergal Dennehy,24/06/2024,a vote was called for on the nominations to the Association of Irish Local Government where there appeared as follows:- Comhairleoir S — Comhairleoir T. Shannon,for,text,resolved
Cork City,Garret Kelleher,24/06/2024,a vote was called for on the nominations to the Association of Irish Local Government where there appeared as follows:- Comhairleoir S — Comhairleoir T. Shannon,for,text,resolved
Cork City,Colm Kelleher,24/06/2024,a vote was called for on the nominations to the Association of Irish Local Government where there appeared as follows:- Comhairleoir S — Comhairleoir T. Shannon,for,text,resolved
Cork City,Laura Harmon,24/06/2024,a vote was called for on the nominations to the Association of Irish Local Government where there appeared as follows:- Comhairleoir S — Comhairleoir T. Shannon,for,text,resolved
Cork City,Terry Coleman,24/06/2024,a vote was called for on the nominations to the Association of Irish Local Government where there appeared as follows:- Comhairleoir S — Comhairleoir T. Shannon,for,text,resolved
Cork City,Ken O'Flynn,24/06/2024,a vote was called for on the nominations to the Association of Irish Local Government where there appeared as follows:- Comhairleoir S — Comhairleoir T. Shannon,against,text,resolved
Cork City,Michelle Gould,24/06/2024,a vote was called for on the nominations to the Association of Irish Local Government where there appeared as follows:- Comhairleoir S — Comhairleoir T. Shannon,against,text,resolved
Cork City,Kenneth Collins,24/06/2024,a vote was called for on the nominations to the Association of Irish Local Government where there appeared as follows:- Comhairleoir S — Comhairleoir T. Shannon,against,text,resolved
Cork City,Fiona Kerins,24/06/2024,a vote was called for on the nominations to the Association of Irish Local Government where there appeared as follows:- Comhairleoir S — Comhairleoir T. Shannon,against,text,resolved
Cork City,Paudie Dineen,24/06/2024,a vote was called for on the nominations to the Association of Irish Local Government where there appeared as follows:- Comhairleoir S — Comhairleoir T. Shannon,against,text,resolved
Cork City,Joe Lynch,24/06/2024,a vote was called for on the nominations to the Association of Irish Local Government where there appeared as follows:- Comhairleoir S — Comhairleoir T. Shannon,against,text,resolved
Cork City,Albert Deasy,24/06/2024,a vote was called for on the nominations to the Association of Irish Local Government where there appeared as follows:- Comhairleoir S — Comhairleoir T. Shannon,against,text,resolved
Cork City,Pádraig Rice,24/06/2024,a vote was called for on the nominations to the Association of Irish Local Government where there appeared as follows:- Comhairleoir S — Comhairleoir T. Shannon,abstain,text,resolved
Cork City,John Maher,24/06/2024,Comhairleoir G. Kelleher (vote 1 of 2),for,text,resolved
Cork City,Joe Kavanagh,24/06/2024,Comhairleoir G. Kelleher (vote 1 of 2),for,text,resolved
Cork City,Margaret McDonnell,24/06/2024,Comhairleoir G. Kelleher (vote 1 of 2),for,text,resolved
Cork City,O. Moran,24/06/2024,Comhairleoir G. Kelleher (vote 1 of 2),for,text,printed_form
Cork City,Tony Fitzgerald,24/06/2024,Comhairleoir G. Kelleher (vote 1 of 2),for,text,resolved
Cork City,Damian Boylan,24/06/2024,Comhairleoir G. Kelleher (vote 1 of 2),for,text,resolved
Cork City,John Sheehan,24/06/2024,Comhairleoir G. Kelleher (vote 1 of 2),for,text,resolved
Cork City,Terry Shannon,24/06/2024,Comhairleoir G. Kelleher (vote 1 of 2),for,text,resolved
Cork City,Kieran McCarthy,24/06/2024,Comhairleoir G. Kelleher (vote 1 of 2),for,text,resolved
Cork City,Mary Rose Desmond,24/06/2024,Comhairleoir G. Kelleher (vote 1 of 2),for,text,resolved
Cork City,Des Cahill,24/06/2024,Comhairleoir G. Kelleher (vote 1 of 2),for,text,resolved
Cork City,H. Kamegni,24/06/2024,Comhairleoir G. Kelleher (vote 1 of 2),for,text,printed_form
Cork City,Peter Horgan,24/06/2024,Comhairleoir G. Kelleher (vote 1 of 2),for,text,resolved
Cork City,Shane O'Callaghan,24/06/2024,Comhairleoir G. Kelleher (vote 1 of 2),for,text,resolved
Cork City,Seán Martin,24/06/2024,Comhairleoir G. Kelleher (vote 1 of 2),for,text,resolved
Cork City,D. Boyle,24/06/2024,Comhairleoir G. Kelleher (vote 1 of 2),for,text,printed_form
Cork City,Fergal Dennehy,24/06/2024,Comhairleoir G. Kelleher (vote 1 of 2),for,text,resolved
Cork City,Garret Kelleher,24/06/2024,Comhairleoir G. Kelleher (vote 1 of 2),for,text,resolved
Cork City,Colm Kelleher,24/06/2024,Comhairleoir G. Kelleher (vote 1 of 2),for,text,resolved
Cork City,Laura Harmon,24/06/2024,Comhairleoir G. Kelleher (vote 1 of 2),for,text,resolved
Cork City,Terry Coleman,24/06/2024,Comhairleoir G. Kelleher (vote 1 of 2),for,text,resolved
Cork City,Ken O'Flynn,24/06/2024,Comhairleoir G. Kelleher (vote 1 of 2),against,text,resolved
Cork City,Michelle Gould,24/06/2024,Comhairleoir G. Kelleher (vote 1 of 2),against,text,resolved
Cork City,Kenneth Collins,24/06/2024,Comhairleoir G. Kelleher (vote 1 of 2),against,text,resolved
Cork City,Fiona Kerins,24/06/2024,Comhairleoir G. Kelleher (vote 1 of 2),against,text,resolved
Cork City,Paudie Dineen,24/06/2024,Comhairleoir G. Kelleher (vote 1 of 2),against,text,resolved
Cork City,Joe Lynch,24/06/2024,Comhairleoir G. Kelleher (vote 1 of 2),against,text,resolved
Cork City,Albert Deasy,24/06/2024,Comhairleoir G. Kelleher (vote 1 of 2),against,text,resolved
Cork City,Pádraig Rice,24/06/2024,Comhairleoir G. Kelleher (vote 1 of 2),abstain,text,resolved
Cork City,John Maher,24/06/2024,a vote was called for on the nominations to the Local Community Development Committee where there appeared as follows:- Comhairleoir S — Comhairleoir S. O’Callaghan,for,text,resolved
Cork City,Joe Kavanagh,24/06/2024,a vote was called for on the nominations to the Local Community Development Committee where there appeared as follows:- Comhairleoir S — Comhairleoir S. O’Callaghan,for,text,resolved
Cork City,Margaret McDonnell,24/06/2024,a vote was called for on the nominations to the Local Community Development Committee where there appeared as follows:- Comhairleoir S — Comhairleoir S. O’Callaghan,for,text,resolved
Cork City,O. Moran,24/06/2024,a vote was called for on the nominations to the Local Community Development Committee where there appeared as follows:- Comhairleoir S — Comhairleoir S. O’Callaghan,for,text,printed_form
Cork City,Tony Fitzgerald,24/06/2024,a vote was called for on the nominations to the Local Community Development Committee where there appeared as follows:- Comhairleoir S — Comhairleoir S. O’Callaghan,for,text,resolved
Cork City,Damian Boylan,24/06/2024,a vote was called for on the nominations to the Local Community Development Committee where there appeared as follows:- Comhairleoir S — Comhairleoir S. O’Callaghan,for,text,resolved
Cork City,John Sheehan,24/06/2024,a vote was called for on the nominations to the Local Community Development Committee where there appeared as follows:- Comhairleoir S — Comhairleoir S. O’Callaghan,for,text,resolved
Cork City,Terry Shannon,24/06/2024,a vote was called for on the nominations to the Local Community Development Committee where there appeared as follows:- Comhairleoir S — Comhairleoir S. O’Callaghan,for,text,resolved
Cork City,Kieran McCarthy,24/06/2024,a vote was called for on the nominations to the Local Community Development Committee where there appeared as follows:- Comhairleoir S — Comhairleoir S. O’Callaghan,for,text,resolved
Cork City,Mary Rose Desmond,24/06/2024,a vote was called for on the nominations to the Local Community Development Committee where there appeared as follows:- Comhairleoir S — Comhairleoir S. O’Callaghan,for,text,resolved
Cork City,Des Cahill,24/06/2024,a vote was called for on the nominations to the Local Community Development Committee where there appeared as follows:- Comhairleoir S — Comhairleoir S. O’Callaghan,for,text,resolved
Cork City,H. Kamegni,24/06/2024,a vote was called for on the nominations to the Local Community Development Committee where there appeared as follows:- Comhairleoir S — Comhairleoir S. O’Callaghan,for,text,printed_form
Cork City,Peter Horgan,24/06/2024,a vote was called for on the nominations to the Local Community Development Committee where there appeared as follows:- Comhairleoir S — Comhairleoir S. O’Callaghan,for,text,resolved
Cork City,Shane O'Callaghan,24/06/2024,a vote was called for on the nominations to the Local Community Development Committee where there appeared as follows:- Comhairleoir S — Comhairleoir S. O’Callaghan,for,text,resolved
Cork City,Seán Martin,24/06/2024,a vote was called for on the nominations to the Local Community Development Committee where there appeared as follows:- Comhairleoir S — Comhairleoir S. O’Callaghan,for,text,resolved
Cork City,D. Boyle,24/06/2024,a vote was called for on the nominations to the Local Community Development Committee where there appeared as follows:- Comhairleoir S — Comhairleoir S. O’Callaghan,for,text,printed_form
Cork City,Fergal Dennehy,24/06/2024,a vote was called for on the nominations to the Local Community Development Committee where there appeared as follows:- Comhairleoir S — Comhairleoir S. O’Callaghan,for,text,resolved
Cork City,Garret Kelleher,24/06/2024,a vote was called for on the nominations to the Local Community Development Committee where there appeared as follows:- Comhairleoir S — Comhairleoir S. O’Callaghan,for,text,resolved
Cork City,Colm Kelleher,24/06/2024,a vote was called for on the nominations to the Local Community Development Committee where there appeared as follows:- Comhairleoir S — Comhairleoir S. O’Callaghan,for,text,resolved
Cork City,Laura Harmon,24/06/2024,a vote was called for on the nominations to the Local Community Development Committee where there appeared as follows:- Comhairleoir S — Comhairleoir S. O’Callaghan,for,text,resolved
Cork City,Terry Coleman,24/06/2024,a vote was called for on the nominations to the Local Community Development Committee where there appeared as follows:- Comhairleoir S — Comhairleoir S. O’Callaghan,for,text,resolved
Cork City,Albert Deasy,24/06/2024,a vote was called for on the nominations to the Local Community Development Committee where there appeared as follows:- Comhairleoir S — Comhairleoir S. O’Callaghan,for,text,resolved
Cork City,Ken O'Flynn,24/06/2024,a vote was called for on the nominations to the Local Community Development Committee where there appeared as follows:- Comhairleoir S — Comhairleoir S. O’Callaghan,against,text,resolved
Cork City,Michelle Gould,24/06/2024,a vote was called for on the nominations to the Local Community Development Committee where there appeared as follows:- Comhairleoir S — Comhairleoir S. O’Callaghan,against,text,resolved
Cork City,Kenneth Collins,24/06/2024,a vote was called for on the nominations to the Local Community Development Committee where there appeared as follows:- Comhairleoir S — Comhairleoir S. O’Callaghan,against,text,resolved
Cork City,Fiona Kerins,24/06/2024,a vote was called for on the nominations to the Local Community Development Committee where there appeared as follows:- Comhairleoir S — Comhairleoir S. O’Callaghan,against,text,resolved
Cork City,Paudie Dineen,24/06/2024,a vote was called for on the nominations to the Local Community Development Committee where there appeared as follows:- Comhairleoir S — Comhairleoir S. O’Callaghan,against,text,resolved
Cork City,Joe Lynch,24/06/2024,a vote was called for on the nominations to the Local Community Development Committee where there appeared as follows:- Comhairleoir S — Comhairleoir S. O’Callaghan,against,text,resolved
Cork City,Pádraig Rice,24/06/2024,a vote was called for on the nominations to the Local Community Development Committee where there appeared as follows:- Comhairleoir S — Comhairleoir S. O’Callaghan,abstain,text,resolved
Cork City,John Maher,24/06/2024,a vote was called for on the nominations to the Local Community Development Committee where there appeared as follows:- Comhairleoir S — Comhairleoir J. Maher,for,text,resolved
Cork City,Joe Kavanagh,24/06/2024,a vote was called for on the nominations to the Local Community Development Committee where there appeared as follows:- Comhairleoir S — Comhairleoir J. Maher,for,text,resolved
Cork City,Margaret McDonnell,24/06/2024,a vote was called for on the nominations to the Local Community Development Committee where there appeared as follows:- Comhairleoir S — Comhairleoir J. Maher,for,text,resolved
Cork City,O. Moran,24/06/2024,a vote was called for on the nominations to the Local Community Development Committee where there appeared as follows:- Comhairleoir S — Comhairleoir J. Maher,for,text,printed_form
Cork City,Tony Fitzgerald,24/06/2024,a vote was called for on the nominations to the Local Community Development Committee where there appeared as follows:- Comhairleoir S — Comhairleoir J. Maher,for,text,resolved
Cork City,Damian Boylan,24/06/2024,a vote was called for on the nominations to the Local Community Development Committee where there appeared as follows:- Comhairleoir S — Comhairleoir J. Maher,for,text,resolved
Cork City,John Sheehan,24/06/2024,a vote was called for on the nominations to the Local Community Development Committee where there appeared as follows:- Comhairleoir S — Comhairleoir J. Maher,for,text,resolved
Cork City,Terry Shannon,24/06/2024,a vote was called for on the nominations to the Local Community Development Committee where there appeared as follows:- Comhairleoir S — Comhairleoir J. Maher,for,text,resolved
Cork City,Kieran McCarthy,24/06/2024,a vote was called for on the nominations to the Local Community Development Committee where there appeared as follows:- Comhairleoir S — Comhairleoir J. Maher,for,text,resolved
Cork City,Mary Rose Desmond,24/06/2024,a vote was called for on the nominations to the Local Community Development Committee where there appeared as follows:- Comhairleoir S — Comhairleoir J. Maher,for,text,resolved
Cork City,Des Cahill,24/06/2024,a vote was called for on the nominations to the Local Community Development Committee where there appeared as follows:- Comhairleoir S — Comhairleoir J. Maher,for,text,resolved
Cork City,H. Kamegni,24/06/2024,a vote was called for on the nominations to the Local Community Development Committee where there appeared as follows:- Comhairleoir S — Comhairleoir J. Maher,for,text,printed_form
Cork City,Peter Horgan,24/06/2024,a vote was called for on the nominations to the Local Community Development Committee where there appeared as follows:- Comhairleoir S — Comhairleoir J. Maher,for,text,resolved
Cork City,Shane O'Callaghan,24/06/2024,a vote was called for on the nominations to the Local Community Development Committee where there appeared as follows:- Comhairleoir S — Comhairleoir J. Maher,for,text,resolved
Cork City,Seán Martin,24/06/2024,a vote was called for on the nominations to the Local Community Development Committee where there appeared as follows:- Comhairleoir S — Comhairleoir J. Maher,for,text,resolved
Cork City,Pádraig Rice,24/06/2024,a vote was called for on the nominations to the Local Community Development Committee where there appeared as follows:- Comhairleoir S — Comhairleoir J. Maher,for,text,resolved
Cork City,D. Boyle,24/06/2024,a vote was called for on the nominations to the Local Community Development Committee where there appeared as follows:- Comhairleoir S — Comhairleoir J. Maher,for,text,printed_form
Cork City,Fergal Dennehy,24/06/2024,a vote was called for on the nominations to the Local Community Development Committee where there appeared as follows:- Comhairleoir S — Comhairleoir J. Maher,for,text,resolved
Cork City,Garret Kelleher,24/06/2024,a vote was called for on the nominations to the Local Community Development Committee where there appeared as follows:- Comhairleoir S — Comhairleoir J. Maher,for,text,resolved
Cork City,Colm Kelleher,24/06/2024,a vote was called for on the nominations to the Local Community Development Committee where there appeared as follows:- Comhairleoir S — Comhairleoir J. Maher,for,text,resolved
Cork City,Laura Harmon,24/06/2024,a vote was called for on the nominations to the Local Community Development Committee where there appeared as follows:- Comhairleoir S — Comhairleoir J. Maher,for,text,resolved
Cork City,Terry Coleman,24/06/2024,a vote was called for on the nominations to the Local Community Development Committee where there appeared as follows:- Comhairleoir S — Comhairleoir J. Maher,for,text,resolved
Cork City,Ken O'Flynn,24/06/2024,a vote was called for on the nominations to the Local Community Development Committee where there appeared as follows:- Comhairleoir S — Comhairleoir J. Maher,against,text,resolved
Cork City,Michelle Gould,24/06/2024,a vote was called for on the nominations to the Local Community Development Committee where there appeared as follows:- Comhairleoir S — Comhairleoir J. Maher,against,text,resolved
Cork City,Kenneth Collins,24/06/2024,a vote was called for on the nominations to the Local Community Development Committee where there appeared as follows:- Comhairleoir S — Comhairleoir J. Maher,against,text,resolved
Cork City,Fiona Kerins,24/06/2024,a vote was called for on the nominations to the Local Community Development Committee where there appeared as follows:- Comhairleoir S — Comhairleoir J. Maher,against,text,resolved
Cork City,Paudie Dineen,24/06/2024,a vote was called for on the nominations to the Local Community Development Committee where there appeared as follows:- Comhairleoir S — Comhairleoir J. Maher,against,text,resolved
Cork City,Joe Lynch,24/06/2024,a vote was called for on the nominations to the Local Community Development Committee where there appeared as follows:- Comhairleoir S — Comhairleoir J. Maher,against,text,resolved
Cork City,Albert Deasy,24/06/2024,a vote was called for on the nominations to the Local Community Development Committee where there appeared as follows:- Comhairleoir S — Comhairleoir J. Maher,against,text,resolved
Cork City,John Maher,24/06/2024,Comhairleoir T. Fitzgerald,for,text,resolved
Cork City,Joe Kavanagh,24/06/2024,Comhairleoir T. Fitzgerald,for,text,resolved
Cork City,Margaret McDonnell,24/06/2024,Comhairleoir T. Fitzgerald,for,text,resolved
Cork City,O. Moran,24/06/2024,Comhairleoir T. Fitzgerald,for,text,printed_form
Cork City,Tony Fitzgerald,24/06/2024,Comhairleoir T. Fitzgerald,for,text,resolved
Cork City,Damian Boylan,24/06/2024,Comhairleoir T. Fitzgerald,for,text,resolved
Cork City,John Sheehan,24/06/2024,Comhairleoir T. Fitzgerald,for,text,resolved
Cork City,Terry Shannon,24/06/2024,Comhairleoir T. Fitzgerald,for,text,resolved
Cork City,Kieran McCarthy,24/06/2024,Comhairleoir T. Fitzgerald,for,text,resolved
Cork City,Mary Rose Desmond,24/06/2024,Comhairleoir T. Fitzgerald,for,text,resolved
Cork City,Des Cahill,24/06/2024,Comhairleoir T. Fitzgerald,for,text,resolved
Cork City,H. Kamegni,24/06/2024,Comhairleoir T. Fitzgerald,for,text,printed_form
Cork City,Peter Horgan,24/06/2024,Comhairleoir T. Fitzgerald,for,text,resolved
Cork City,Shane O'Callaghan,24/06/2024,Comhairleoir T. Fitzgerald,for,text,resolved
Cork City,Seán Martin,24/06/2024,Comhairleoir T. Fitzgerald,for,text,resolved
Cork City,D. Boyle,24/06/2024,Comhairleoir T. Fitzgerald,for,text,printed_form
Cork City,Fergal Dennehy,24/06/2024,Comhairleoir T. Fitzgerald,for,text,resolved
Cork City,Garret Kelleher,24/06/2024,Comhairleoir T. Fitzgerald,for,text,resolved
Cork City,Colm Kelleher,24/06/2024,Comhairleoir T. Fitzgerald,for,text,resolved
Cork City,Laura Harmon,24/06/2024,Comhairleoir T. Fitzgerald,for,text,resolved
Cork City,Terry Coleman,24/06/2024,Comhairleoir T. Fitzgerald,for,text,resolved
Cork City,Ken O'Flynn,24/06/2024,Comhairleoir T. Fitzgerald,against,text,resolved
Cork City,Michelle Gould,24/06/2024,Comhairleoir T. Fitzgerald,against,text,resolved
Cork City,Kenneth Collins,24/06/2024,Comhairleoir T. Fitzgerald,against,text,resolved
Cork City,Fiona Kerins,24/06/2024,Comhairleoir T. Fitzgerald,against,text,resolved
Cork City,Paudie Dineen,24/06/2024,Comhairleoir T. Fitzgerald,against,text,resolved
Cork City,Joe Lynch,24/06/2024,Comhairleoir T. Fitzgerald,against,text,resolved
Cork City,Albert Deasy,24/06/2024,Comhairleoir T. Fitzgerald,against,text,resolved
Cork City,Pádraig Rice,24/06/2024,Comhairleoir T. Fitzgerald,abstain,text,resolved
Cork City,Ken O'Flynn,24/06/2024,Comhairleoir M. Gould (vote 2 of 3),for,text,resolved
Cork City,Michelle Gould,24/06/2024,Comhairleoir M. Gould (vote 2 of 3),for,text,resolved
Cork City,Kenneth Collins,24/06/2024,Comhairleoir M. Gould (vote 2 of 3),for,text,resolved
Cork City,Pádraig Rice,24/06/2024,Comhairleoir M. Gould (vote 2 of 3),for,text,resolved
Cork City,Fiona Kerins,24/06/2024,Comhairleoir M. Gould (vote 2 of 3),for,text,resolved
Cork City,Paudie Dineen,24/06/2024,Comhairleoir M. Gould (vote 2 of 3),for,text,resolved
Cork City,Joe Lynch,24/06/2024,Comhairleoir M. Gould (vote 2 of 3),for,text,resolved
Cork City,Albert Deasy,24/06/2024,Comhairleoir M. Gould (vote 2 of 3),for,text,resolved
Cork City,Joe Kavanagh,24/06/2024,Comhairleoir M. Gould (vote 2 of 3),against,text,resolved
Cork City,Margaret McDonnell,24/06/2024,Comhairleoir M. Gould (vote 2 of 3),against,text,resolved
Cork City,O. Moran,24/06/2024,Comhairleoir M. Gould (vote 2 of 3),against,text,printed_form
Cork City,Tony Fitzgerald,24/06/2024,Comhairleoir M. Gould (vote 2 of 3),against,text,resolved
Cork City,Damian Boylan,24/06/2024,Comhairleoir M. Gould (vote 2 of 3),against,text,resolved
Cork City,John Sheehan,24/06/2024,Comhairleoir M. Gould (vote 2 of 3),against,text,resolved
Cork City,Terry Shannon,24/06/2024,Comhairleoir M. Gould (vote 2 of 3),against,text,resolved
Cork City,Mary Rose Desmond,24/06/2024,Comhairleoir M. Gould (vote 2 of 3),against,text,resolved
Cork City,Des Cahill,24/06/2024,Comhairleoir M. Gould (vote 2 of 3),against,text,resolved
Cork City,H. Kamegni,24/06/2024,Comhairleoir M. Gould (vote 2 of 3),against,text,printed_form
Cork City,Shane O'Callaghan,24/06/2024,Comhairleoir M. Gould (vote 2 of 3),against,text,resolved
Cork City,Seán Martin,24/06/2024,Comhairleoir M. Gould (vote 2 of 3),against,text,resolved
Cork City,Fergal Dennehy,24/06/2024,Comhairleoir M. Gould (vote 2 of 3),against,text,resolved
Cork City,Garret Kelleher,24/06/2024,Comhairleoir M. Gould (vote 2 of 3),against,text,resolved
Cork City,Colm Kelleher,24/06/2024,Comhairleoir M. Gould (vote 2 of 3),against,text,resolved
Cork City,Terry Coleman,24/06/2024,Comhairleoir M. Gould (vote 2 of 3),against,text,resolved
Cork City,John Maher,24/06/2024,Comhairleoir M. Gould (vote 2 of 3),abstain,text,resolved
Cork City,Kieran McCarthy,24/06/2024,Comhairleoir M. Gould (vote 2 of 3),abstain,text,resolved
Cork City,Peter Horgan,24/06/2024,Comhairleoir M. Gould (vote 2 of 3),abstain,text,resolved
Cork City,D. Boyle,24/06/2024,Comhairleoir M. Gould (vote 2 of 3),abstain,text,printed_form
Cork City,Laura Harmon,24/06/2024,Comhairleoir M. Gould (vote 2 of 3),abstain,text,resolved
Cork City,John Maher,24/06/2024,a vote was called for on the nominations to the Board of Leisureworld where there appeared as follows:- Comhairleoir F — Comhairleoir F. Dennehy,for,text,resolved
Cork City,Joe Kavanagh,24/06/2024,a vote was called for on the nominations to the Board of Leisureworld where there appeared as follows:- Comhairleoir F — Comhairleoir F. Dennehy,for,text,resolved
Cork City,Margaret McDonnell,24/06/2024,a vote was called for on the nominations to the Board of Leisureworld where there appeared as follows:- Comhairleoir F — Comhairleoir F. Dennehy,for,text,resolved
Cork City,O. Moran,24/06/2024,a vote was called for on the nominations to the Board of Leisureworld where there appeared as follows:- Comhairleoir F — Comhairleoir F. Dennehy,for,text,printed_form
Cork City,Tony Fitzgerald,24/06/2024,a vote was called for on the nominations to the Board of Leisureworld where there appeared as follows:- Comhairleoir F — Comhairleoir F. Dennehy,for,text,resolved
Cork City,Damian Boylan,24/06/2024,a vote was called for on the nominations to the Board of Leisureworld where there appeared as follows:- Comhairleoir F — Comhairleoir F. Dennehy,for,text,resolved
Cork City,John Sheehan,24/06/2024,a vote was called for on the nominations to the Board of Leisureworld where there appeared as follows:- Comhairleoir F — Comhairleoir F. Dennehy,for,text,resolved
Cork City,Terry Shannon,24/06/2024,a vote was called for on the nominations to the Board of Leisureworld where there appeared as follows:- Comhairleoir F — Comhairleoir F. Dennehy,for,text,resolved
Cork City,Kieran McCarthy,24/06/2024,a vote was called for on the nominations to the Board of Leisureworld where there appeared as follows:- Comhairleoir F — Comhairleoir F. Dennehy,for,text,resolved
Cork City,Mary Rose Desmond,24/06/2024,a vote was called for on the nominations to the Board of Leisureworld where there appeared as follows:- Comhairleoir F — Comhairleoir F. Dennehy,for,text,resolved
Cork City,Des Cahill,24/06/2024,a vote was called for on the nominations to the Board of Leisureworld where there appeared as follows:- Comhairleoir F — Comhairleoir F. Dennehy,for,text,resolved
Cork City,H. Kamegni,24/06/2024,a vote was called for on the nominations to the Board of Leisureworld where there appeared as follows:- Comhairleoir F — Comhairleoir F. Dennehy,for,text,printed_form
Cork City,Peter Horgan,24/06/2024,a vote was called for on the nominations to the Board of Leisureworld where there appeared as follows:- Comhairleoir F — Comhairleoir F. Dennehy,for,text,resolved
Cork City,Shane O'Callaghan,24/06/2024,a vote was called for on the nominations to the Board of Leisureworld where there appeared as follows:- Comhairleoir F — Comhairleoir F. Dennehy,for,text,resolved
Cork City,Seán Martin,24/06/2024,a vote was called for on the nominations to the Board of Leisureworld where there appeared as follows:- Comhairleoir F — Comhairleoir F. Dennehy,for,text,resolved
Cork City,D. Boyle,24/06/2024,a vote was called for on the nominations to the Board of Leisureworld where there appeared as follows:- Comhairleoir F — Comhairleoir F. Dennehy,for,text,printed_form
Cork City,Fergal Dennehy,24/06/2024,a vote was called for on the nominations to the Board of Leisureworld where there appeared as follows:- Comhairleoir F — Comhairleoir F. Dennehy,for,text,resolved
Cork City,Garret Kelleher,24/06/2024,a vote was called for on the nominations to the Board of Leisureworld where there appeared as follows:- Comhairleoir F — Comhairleoir F. Dennehy,for,text,resolved
Cork City,Colm Kelleher,24/06/2024,a vote was called for on the nominations to the Board of Leisureworld where there appeared as follows:- Comhairleoir F — Comhairleoir F. Dennehy,for,text,resolved
Cork City,Laura Harmon,24/06/2024,a vote was called for on the nominations to the Board of Leisureworld where there appeared as follows:- Comhairleoir F — Comhairleoir F. Dennehy,for,text,resolved
Cork City,Terry Coleman,24/06/2024,a vote was called for on the nominations to the Board of Leisureworld where there appeared as follows:- Comhairleoir F — Comhairleoir F. Dennehy,for,text,resolved
Cork City,Ken O'Flynn,24/06/2024,a vote was called for on the nominations to the Board of Leisureworld where there appeared as follows:- Comhairleoir F — Comhairleoir F. Dennehy,against,text,resolved
Cork City,Michelle Gould,24/06/2024,a vote was called for on the nominations to the Board of Leisureworld where there appeared as follows:- Comhairleoir F — Comhairleoir F. Dennehy,against,text,resolved
Cork City,Kenneth Collins,24/06/2024,a vote was called for on the nominations to the Board of Leisureworld where there appeared as follows:- Comhairleoir F — Comhairleoir F. Dennehy,against,text,resolved
Cork City,Fiona Kerins,24/06/2024,a vote was called for on the nominations to the Board of Leisureworld where there appeared as follows:- Comhairleoir F — Comhairleoir F. Dennehy,against,text,resolved
Cork City,Paudie Dineen,24/06/2024,a vote was called for on the nominations to the Board of Leisureworld where there appeared as follows:- Comhairleoir F — Comhairleoir F. Dennehy,against,text,resolved
Cork City,Joe Lynch,24/06/2024,a vote was called for on the nominations to the Board of Leisureworld where there appeared as follows:- Comhairleoir F — Comhairleoir F. Dennehy,against,text,resolved
Cork City,Albert Deasy,24/06/2024,a vote was called for on the nominations to the Board of Leisureworld where there appeared as follows:- Comhairleoir F — Comhairleoir F. Dennehy,against,text,resolved
Cork City,Pádraig Rice,24/06/2024,a vote was called for on the nominations to the Board of Leisureworld where there appeared as follows:- Comhairleoir F — Comhairleoir F. Dennehy,abstain,text,resolved
Cork City,John Maher,24/06/2024,a vote was called for on the nominations to the Board of Leisureworld where there appeared as follows:- Comhairleoir F — Comhairleoir T. Shannon,for,text,resolved
Cork City,Joe Kavanagh,24/06/2024,a vote was called for on the nominations to the Board of Leisureworld where there appeared as follows:- Comhairleoir F — Comhairleoir T. Shannon,for,text,resolved
Cork City,Margaret McDonnell,24/06/2024,a vote was called for on the nominations to the Board of Leisureworld where there appeared as follows:- Comhairleoir F — Comhairleoir T. Shannon,for,text,resolved
Cork City,O. Moran,24/06/2024,a vote was called for on the nominations to the Board of Leisureworld where there appeared as follows:- Comhairleoir F — Comhairleoir T. Shannon,for,text,printed_form
Cork City,Tony Fitzgerald,24/06/2024,a vote was called for on the nominations to the Board of Leisureworld where there appeared as follows:- Comhairleoir F — Comhairleoir T. Shannon,for,text,resolved
Cork City,Damian Boylan,24/06/2024,a vote was called for on the nominations to the Board of Leisureworld where there appeared as follows:- Comhairleoir F — Comhairleoir T. Shannon,for,text,resolved
Cork City,John Sheehan,24/06/2024,a vote was called for on the nominations to the Board of Leisureworld where there appeared as follows:- Comhairleoir F — Comhairleoir T. Shannon,for,text,resolved
Cork City,Terry Shannon,24/06/2024,a vote was called for on the nominations to the Board of Leisureworld where there appeared as follows:- Comhairleoir F — Comhairleoir T. Shannon,for,text,resolved
Cork City,Kieran McCarthy,24/06/2024,a vote was called for on the nominations to the Board of Leisureworld where there appeared as follows:- Comhairleoir F — Comhairleoir T. Shannon,for,text,resolved
Cork City,Mary Rose Desmond,24/06/2024,a vote was called for on the nominations to the Board of Leisureworld where there appeared as follows:- Comhairleoir F — Comhairleoir T. Shannon,for,text,resolved
Cork City,Des Cahill,24/06/2024,a vote was called for on the nominations to the Board of Leisureworld where there appeared as follows:- Comhairleoir F — Comhairleoir T. Shannon,for,text,resolved
Cork City,H. Kamegni,24/06/2024,a vote was called for on the nominations to the Board of Leisureworld where there appeared as follows:- Comhairleoir F — Comhairleoir T. Shannon,for,text,printed_form
Cork City,Peter Horgan,24/06/2024,a vote was called for on the nominations to the Board of Leisureworld where there appeared as follows:- Comhairleoir F — Comhairleoir T. Shannon,for,text,resolved
Cork City,Shane O'Callaghan,24/06/2024,a vote was called for on the nominations to the Board of Leisureworld where there appeared as follows:- Comhairleoir F — Comhairleoir T. Shannon,for,text,resolved
Cork City,Seán Martin,24/06/2024,a vote was called for on the nominations to the Board of Leisureworld where there appeared as follows:- Comhairleoir F — Comhairleoir T. Shannon,for,text,resolved
Cork City,D. Boyle,24/06/2024,a vote was called for on the nominations to the Board of Leisureworld where there appeared as follows:- Comhairleoir F — Comhairleoir T. Shannon,for,text,printed_form
Cork City,Fergal Dennehy,24/06/2024,a vote was called for on the nominations to the Board of Leisureworld where there appeared as follows:- Comhairleoir F — Comhairleoir T. Shannon,for,text,resolved
Cork City,Garret Kelleher,24/06/2024,a vote was called for on the nominations to the Board of Leisureworld where there appeared as follows:- Comhairleoir F — Comhairleoir T. Shannon,for,text,resolved
Cork City,Colm Kelleher,24/06/2024,a vote was called for on the nominations to the Board of Leisureworld where there appeared as follows:- Comhairleoir F — Comhairleoir T. Shannon,for,text,resolved
Cork City,Laura Harmon,24/06/2024,a vote was called for on the nominations to the Board of Leisureworld where there appeared as follows:- Comhairleoir F — Comhairleoir T. Shannon,for,text,resolved
Cork City,Terry Coleman,24/06/2024,a vote was called for on the nominations to the Board of Leisureworld where there appeared as follows:- Comhairleoir F — Comhairleoir T. Shannon,for,text,resolved
Cork City,Ken O'Flynn,24/06/2024,a vote was called for on the nominations to the Board of Leisureworld where there appeared as follows:- Comhairleoir F — Comhairleoir T. Shannon,against,text,resolved
Cork City,Michelle Gould,24/06/2024,a vote was called for on the nominations to the Board of Leisureworld where there appeared as follows:- Comhairleoir F — Comhairleoir T. Shannon,against,text,resolved
Cork City,Kenneth Collins,24/06/2024,a vote was called for on the nominations to the Board of Leisureworld where there appeared as follows:- Comhairleoir F — Comhairleoir T. Shannon,against,text,resolved
Cork City,Fiona Kerins,24/06/2024,a vote was called for on the nominations to the Board of Leisureworld where there appeared as follows:- Comhairleoir F — Comhairleoir T. Shannon,against,text,resolved
Cork City,Paudie Dineen,24/06/2024,a vote was called for on the nominations to the Board of Leisureworld where there appeared as follows:- Comhairleoir F — Comhairleoir T. Shannon,against,text,resolved
Cork City,Joe Lynch,24/06/2024,a vote was called for on the nominations to the Board of Leisureworld where there appeared as follows:- Comhairleoir F — Comhairleoir T. Shannon,against,text,resolved
Cork City,Albert Deasy,24/06/2024,a vote was called for on the nominations to the Board of Leisureworld where there appeared as follows:- Comhairleoir F — Comhairleoir T. Shannon,against,text,resolved
Cork City,Pádraig Rice,24/06/2024,a vote was called for on the nominations to the Board of Leisureworld where there appeared as follows:- Comhairleoir F — Comhairleoir T. Shannon,abstain,text,resolved
Cork City,John Maher,24/06/2024,Comhairleoir S. Martin,for,text,resolved
Cork City,Joe Kavanagh,24/06/2024,Comhairleoir S. Martin,for,text,resolved
Cork City,Margaret McDonnell,24/06/2024,Comhairleoir S. Martin,for,text,resolved
Cork City,O. Moran,24/06/2024,Comhairleoir S. Martin,for,text,printed_form
Cork City,Tony Fitzgerald,24/06/2024,Comhairleoir S. Martin,for,text,resolved
Cork City,Damian Boylan,24/06/2024,Comhairleoir S. Martin,for,text,resolved
Cork City,John Sheehan,24/06/2024,Comhairleoir S. Martin,for,text,resolved
Cork City,Terry Shannon,24/06/2024,Comhairleoir S. Martin,for,text,resolved
Cork City,Kieran McCarthy,24/06/2024,Comhairleoir S. Martin,for,text,resolved
Cork City,Mary Rose Desmond,24/06/2024,Comhairleoir S. Martin,for,text,resolved
Cork City,Des Cahill,24/06/2024,Comhairleoir S. Martin,for,text,resolved
Cork City,H. Kamegni,24/06/2024,Comhairleoir S. Martin,for,text,printed_form
Cork City,Peter Horgan,24/06/2024,Comhairleoir S. Martin,for,text,resolved
Cork City,Shane O'Callaghan,24/06/2024,Comhairleoir S. Martin,for,text,resolved
Cork City,Seán Martin,24/06/2024,Comhairleoir S. Martin,for,text,resolved
Cork City,D. Boyle,24/06/2024,Comhairleoir S. Martin,for,text,printed_form
Cork City,Fergal Dennehy,24/06/2024,Comhairleoir S. Martin,for,text,resolved
Cork City,Garret Kelleher,24/06/2024,Comhairleoir S. Martin,for,text,resolved
Cork City,Colm Kelleher,24/06/2024,Comhairleoir S. Martin,for,text,resolved
Cork City,Laura Harmon,24/06/2024,Comhairleoir S. Martin,for,text,resolved
Cork City,Terry Coleman,24/06/2024,Comhairleoir S. Martin,for,text,resolved
Cork City,Ken O'Flynn,24/06/2024,Comhairleoir S. Martin,against,text,resolved
Cork City,Michelle Gould,24/06/2024,Comhairleoir S. Martin,against,text,resolved
Cork City,Kenneth Collins,24/06/2024,Comhairleoir S. Martin,against,text,resolved
Cork City,Fiona Kerins,24/06/2024,Comhairleoir S. Martin,against,text,resolved
Cork City,Paudie Dineen,24/06/2024,Comhairleoir S. Martin,against,text,resolved
Cork City,Joe Lynch,24/06/2024,Comhairleoir S. Martin,against,text,resolved
Cork City,Albert Deasy,24/06/2024,Comhairleoir S. Martin,against,text,resolved
Cork City,Pádraig Rice,24/06/2024,Comhairleoir S. Martin,abstain,text,resolved
Cork City,John Maher,24/06/2024,Comhairleoir H. Kamegni (vote 2 of 2),for,text,resolved
Cork City,Joe Kavanagh,24/06/2024,Comhairleoir H. Kamegni (vote 2 of 2),for,text,resolved
Cork City,Margaret McDonnell,24/06/2024,Comhairleoir H. Kamegni (vote 2 of 2),for,text,resolved
Cork City,O. Moran,24/06/2024,Comhairleoir H. Kamegni (vote 2 of 2),for,text,printed_form
Cork City,Tony Fitzgerald,24/06/2024,Comhairleoir H. Kamegni (vote 2 of 2),for,text,resolved
Cork City,Damian Boylan,24/06/2024,Comhairleoir H. Kamegni (vote 2 of 2),for,text,resolved
Cork City,John Sheehan,24/06/2024,Comhairleoir H. Kamegni (vote 2 of 2),for,text,resolved
Cork City,Terry Shannon,24/06/2024,Comhairleoir H. Kamegni (vote 2 of 2),for,text,resolved
Cork City,Kieran McCarthy,24/06/2024,Comhairleoir H. Kamegni (vote 2 of 2),for,text,resolved
Cork City,Mary Rose Desmond,24/06/2024,Comhairleoir H. Kamegni (vote 2 of 2),for,text,resolved
Cork City,Des Cahill,24/06/2024,Comhairleoir H. Kamegni (vote 2 of 2),for,text,resolved
Cork City,H. Kamegni,24/06/2024,Comhairleoir H. Kamegni (vote 2 of 2),for,text,printed_form
Cork City,Peter Horgan,24/06/2024,Comhairleoir H. Kamegni (vote 2 of 2),for,text,resolved
Cork City,Shane O'Callaghan,24/06/2024,Comhairleoir H. Kamegni (vote 2 of 2),for,text,resolved
Cork City,Seán Martin,24/06/2024,Comhairleoir H. Kamegni (vote 2 of 2),for,text,resolved
Cork City,Pádraig Rice,24/06/2024,Comhairleoir H. Kamegni (vote 2 of 2),for,text,resolved
Cork City,D. Boyle,24/06/2024,Comhairleoir H. Kamegni (vote 2 of 2),for,text,printed_form
Cork City,Fergal Dennehy,24/06/2024,Comhairleoir H. Kamegni (vote 2 of 2),for,text,resolved
Cork City,Garret Kelleher,24/06/2024,Comhairleoir H. Kamegni (vote 2 of 2),for,text,resolved
Cork City,Colm Kelleher,24/06/2024,Comhairleoir H. Kamegni (vote 2 of 2),for,text,resolved
Cork City,Laura Harmon,24/06/2024,Comhairleoir H. Kamegni (vote 2 of 2),for,text,resolved
Cork City,Terry Coleman,24/06/2024,Comhairleoir H. Kamegni (vote 2 of 2),for,text,resolved
Cork City,Ken O'Flynn,24/06/2024,Comhairleoir H. Kamegni (vote 2 of 2),against,text,resolved
Cork City,Michelle Gould,24/06/2024,Comhairleoir H. Kamegni (vote 2 of 2),against,text,resolved
Cork City,Kenneth Collins,24/06/2024,Comhairleoir H. Kamegni (vote 2 of 2),against,text,resolved
Cork City,Fiona Kerins,24/06/2024,Comhairleoir H. Kamegni (vote 2 of 2),against,text,resolved
Cork City,Paudie Dineen,24/06/2024,Comhairleoir H. Kamegni (vote 2 of 2),against,text,resolved
Cork City,Joe Lynch,24/06/2024,Comhairleoir H. Kamegni (vote 2 of 2),against,text,resolved
Cork City,Albert Deasy,24/06/2024,Comhairleoir H. Kamegni (vote 2 of 2),against,text,resolved
Cork City,Ken O'Flynn,24/06/2024,Comhairleoir M. Gould (vote 3 of 3),for,text,resolved
Cork City,Michelle Gould,24/06/2024,Comhairleoir M. Gould (vote 3 of 3),for,text,resolved
Cork City,Kenneth Collins,24/06/2024,Comhairleoir M. Gould (vote 3 of 3),for,text,resolved
Cork City,Pádraig Rice,24/06/2024,Comhairleoir M. Gould (vote 3 of 3),for,text,resolved
Cork City,Fiona Kerins,24/06/2024,Comhairleoir M. Gould (vote 3 of 3),for,text,resolved
Cork City,Paudie Dineen,24/06/2024,Comhairleoir M. Gould (vote 3 of 3),for,text,resolved
Cork City,Joe Lynch,24/06/2024,Comhairleoir M. Gould (vote 3 of 3),for,text,resolved
Cork City,Albert Deasy,24/06/2024,Comhairleoir M. Gould (vote 3 of 3),for,text,resolved
Cork City,Joe Kavanagh,24/06/2024,Comhairleoir M. Gould (vote 3 of 3),against,text,resolved
Cork City,Margaret McDonnell,24/06/2024,Comhairleoir M. Gould (vote 3 of 3),against,text,resolved
Cork City,Tony Fitzgerald,24/06/2024,Comhairleoir M. Gould (vote 3 of 3),against,text,resolved
Cork City,Damian Boylan,24/06/2024,Comhairleoir M. Gould (vote 3 of 3),against,text,resolved
Cork City,John Sheehan,24/06/2024,Comhairleoir M. Gould (vote 3 of 3),against,text,resolved
Cork City,Terry Shannon,24/06/2024,Comhairleoir M. Gould (vote 3 of 3),against,text,resolved
Cork City,Mary Rose Desmond,24/06/2024,Comhairleoir M. Gould (vote 3 of 3),against,text,resolved
Cork City,Des Cahill,24/06/2024,Comhairleoir M. Gould (vote 3 of 3),against,text,resolved
Cork City,H. Kamegni,24/06/2024,Comhairleoir M. Gould (vote 3 of 3),against,text,printed_form
Cork City,Shane O'Callaghan,24/06/2024,Comhairleoir M. Gould (vote 3 of 3),against,text,resolved
Cork City,Seán Martin,24/06/2024,Comhairleoir M. Gould (vote 3 of 3),against,text,resolved
Cork City,Fergal Dennehy,24/06/2024,Comhairleoir M. Gould (vote 3 of 3),against,text,resolved
Cork City,Garret Kelleher,24/06/2024,Comhairleoir M. Gould (vote 3 of 3),against,text,resolved
Cork City,Colm Kelleher,24/06/2024,Comhairleoir M. Gould (vote 3 of 3),against,text,resolved
Cork City,Terry Coleman,24/06/2024,Comhairleoir M. Gould (vote 3 of 3),against,text,resolved
Cork City,John Maher,24/06/2024,Comhairleoir M. Gould (vote 3 of 3),abstain,text,resolved
Cork City,O. Moran,24/06/2024,Comhairleoir M. Gould (vote 3 of 3),abstain,text,printed_form
Cork City,Kieran McCarthy,24/06/2024,Comhairleoir M. Gould (vote 3 of 3),abstain,text,resolved
Cork City,Peter Horgan,24/06/2024,Comhairleoir M. Gould (vote 3 of 3),abstain,text,resolved
Cork City,D. Boyle,24/06/2024,Comhairleoir M. Gould (vote 3 of 3),abstain,text,printed_form
Cork City,Laura Harmon,24/06/2024,Comhairleoir M. Gould (vote 3 of 3),abstain,text,resolved
Cork City,Ken O'Flynn,24/06/2024,Comhairleoir J. Lynch (vote 1 of 2),for,text,resolved
Cork City,Michelle Gould,24/06/2024,Comhairleoir J. Lynch (vote 1 of 2),for,text,resolved
Cork City,Kenneth Collins,24/06/2024,Comhairleoir J. Lynch (vote 1 of 2),for,text,resolved
Cork City,Pádraig Rice,24/06/2024,Comhairleoir J. Lynch (vote 1 of 2),for,text,resolved
Cork City,Fiona Kerins,24/06/2024,Comhairleoir J. Lynch (vote 1 of 2),for,text,resolved
Cork City,Paudie Dineen,24/06/2024,Comhairleoir J. Lynch (vote 1 of 2),for,text,resolved
Cork City,Joe Lynch,24/06/2024,Comhairleoir J. Lynch (vote 1 of 2),for,text,resolved
Cork City,Albert Deasy,24/06/2024,Comhairleoir J. Lynch (vote 1 of 2),for,text,resolved
Cork City,Joe Kavanagh,24/06/2024,Comhairleoir J. Lynch (vote 1 of 2),against,text,resolved
Cork City,Margaret McDonnell,24/06/2024,Comhairleoir J. Lynch (vote 1 of 2),against,text,resolved
Cork City,Tony Fitzgerald,24/06/2024,Comhairleoir J. Lynch (vote 1 of 2),against,text,resolved
Cork City,Damian Boylan,24/06/2024,Comhairleoir J. Lynch (vote 1 of 2),against,text,resolved
Cork City,John Sheehan,24/06/2024,Comhairleoir J. Lynch (vote 1 of 2),against,text,resolved
Cork City,Terry Shannon,24/06/2024,Comhairleoir J. Lynch (vote 1 of 2),against,text,resolved
Cork City,Mary Rose Desmond,24/06/2024,Comhairleoir J. Lynch (vote 1 of 2),against,text,resolved
Cork City,Des Cahill,24/06/2024,Comhairleoir J. Lynch (vote 1 of 2),against,text,resolved
Cork City,H. Kamegni,24/06/2024,Comhairleoir J. Lynch (vote 1 of 2),against,text,printed_form
Cork City,Shane O'Callaghan,24/06/2024,Comhairleoir J. Lynch (vote 1 of 2),against,text,resolved
Cork City,Seán Martin,24/06/2024,Comhairleoir J. Lynch (vote 1 of 2),against,text,resolved
Cork City,Fergal Dennehy,24/06/2024,Comhairleoir J. Lynch (vote 1 of 2),against,text,resolved
Cork City,Garret Kelleher,24/06/2024,Comhairleoir J. Lynch (vote 1 of 2),against,text,resolved
Cork City,Colm Kelleher,24/06/2024,Comhairleoir J. Lynch (vote 1 of 2),against,text,resolved
Cork City,Terry Coleman,24/06/2024,Comhairleoir J. Lynch (vote 1 of 2),against,text,resolved
Cork City,John Maher,24/06/2024,Comhairleoir J. Lynch (vote 1 of 2),abstain,text,resolved
Cork City,O. Moran,24/06/2024,Comhairleoir J. Lynch (vote 1 of 2),abstain,text,printed_form
Cork City,Kieran McCarthy,24/06/2024,Comhairleoir J. Lynch (vote 1 of 2),abstain,text,resolved
Cork City,Peter Horgan,24/06/2024,Comhairleoir J. Lynch (vote 1 of 2),abstain,text,resolved
Cork City,D. Boyle,24/06/2024,Comhairleoir J. Lynch (vote 1 of 2),abstain,text,printed_form
Cork City,Laura Harmon,24/06/2024,Comhairleoir J. Lynch (vote 1 of 2),abstain,text,resolved
Cork City,John Maher,24/06/2024,Comhairleoir J. Kavanagh (vote 1 of 3),for,text,resolved
Cork City,Joe Kavanagh,24/06/2024,Comhairleoir J. Kavanagh (vote 1 of 3),for,text,resolved
Cork City,Margaret McDonnell,24/06/2024,Comhairleoir J. Kavanagh (vote 1 of 3),for,text,resolved
Cork City,O. Moran,24/06/2024,Comhairleoir J. Kavanagh (vote 1 of 3),for,text,printed_form
Cork City,Tony Fitzgerald,24/06/2024,Comhairleoir J. Kavanagh (vote 1 of 3),for,text,resolved
Cork City,Damian Boylan,24/06/2024,Comhairleoir J. Kavanagh (vote 1 of 3),for,text,resolved
Cork City,John Sheehan,24/06/2024,Comhairleoir J. Kavanagh (vote 1 of 3),for,text,resolved
Cork City,Terry Shannon,24/06/2024,Comhairleoir J. Kavanagh (vote 1 of 3),for,text,resolved
Cork City,Kieran McCarthy,24/06/2024,Comhairleoir J. Kavanagh (vote 1 of 3),for,text,resolved
Cork City,Mary Rose Desmond,24/06/2024,Comhairleoir J. Kavanagh (vote 1 of 3),for,text,resolved
Cork City,Des Cahill,24/06/2024,Comhairleoir J. Kavanagh (vote 1 of 3),for,text,resolved
Cork City,H. Kamegni,24/06/2024,Comhairleoir J. Kavanagh (vote 1 of 3),for,text,printed_form
Cork City,Peter Horgan,24/06/2024,Comhairleoir J. Kavanagh (vote 1 of 3),for,text,resolved
Cork City,Shane O'Callaghan,24/06/2024,Comhairleoir J. Kavanagh (vote 1 of 3),for,text,resolved
Cork City,Seán Martin,24/06/2024,Comhairleoir J. Kavanagh (vote 1 of 3),for,text,resolved
Cork City,D. Boyle,24/06/2024,Comhairleoir J. Kavanagh (vote 1 of 3),for,text,printed_form
Cork City,Fergal Dennehy,24/06/2024,Comhairleoir J. Kavanagh (vote 1 of 3),for,text,resolved
Cork City,Garret Kelleher,24/06/2024,Comhairleoir J. Kavanagh (vote 1 of 3),for,text,resolved
Cork City,Colm Kelleher,24/06/2024,Comhairleoir J. Kavanagh (vote 1 of 3),for,text,resolved
Cork City,Laura Harmon,24/06/2024,Comhairleoir J. Kavanagh (vote 1 of 3),for,text,resolved
Cork City,Terry Coleman,24/06/2024,Comhairleoir J. Kavanagh (vote 1 of 3),for,text,resolved
Cork City,Ken O'Flynn,24/06/2024,Comhairleoir J. Kavanagh (vote 1 of 3),against,text,resolved
Cork City,Michelle Gould,24/06/2024,Comhairleoir J. Kavanagh (vote 1 of 3),against,text,resolved
Cork City,Kenneth Collins,24/06/2024,Comhairleoir J. Kavanagh (vote 1 of 3),against,text,resolved
Cork City,Fiona Kerins,24/06/2024,Comhairleoir J. Kavanagh (vote 1 of 3),against,text,resolved
Cork City,Paudie Dineen,24/06/2024,Comhairleoir J. Kavanagh (vote 1 of 3),against,text,resolved
Cork City,Joe Lynch,24/06/2024,Comhairleoir J. Kavanagh (vote 1 of 3),against,text,resolved
Cork City,Albert Deasy,24/06/2024,Comhairleoir J. Kavanagh (vote 1 of 3),against,text,resolved
Cork City,Pádraig Rice,24/06/2024,Comhairleoir J. Kavanagh (vote 1 of 3),abstain,text,resolved
Cork City,John Maher,24/06/2024,Comhairleoir G. Kelleher (vote 2 of 2),for,text,resolved
Cork City,Joe Kavanagh,24/06/2024,Comhairleoir G. Kelleher (vote 2 of 2),for,text,resolved
Cork City,Margaret McDonnell,24/06/2024,Comhairleoir G. Kelleher (vote 2 of 2),for,text,resolved
Cork City,O. Moran,24/06/2024,Comhairleoir G. Kelleher (vote 2 of 2),for,text,printed_form
Cork City,Tony Fitzgerald,24/06/2024,Comhairleoir G. Kelleher (vote 2 of 2),for,text,resolved
Cork City,Damian Boylan,24/06/2024,Comhairleoir G. Kelleher (vote 2 of 2),for,text,resolved
Cork City,John Sheehan,24/06/2024,Comhairleoir G. Kelleher (vote 2 of 2),for,text,resolved
Cork City,Terry Shannon,24/06/2024,Comhairleoir G. Kelleher (vote 2 of 2),for,text,resolved
Cork City,Kieran McCarthy,24/06/2024,Comhairleoir G. Kelleher (vote 2 of 2),for,text,resolved
Cork City,Mary Rose Desmond,24/06/2024,Comhairleoir G. Kelleher (vote 2 of 2),for,text,resolved
Cork City,Des Cahill,24/06/2024,Comhairleoir G. Kelleher (vote 2 of 2),for,text,resolved
Cork City,H. Kamegni,24/06/2024,Comhairleoir G. Kelleher (vote 2 of 2),for,text,printed_form
Cork City,Peter Horgan,24/06/2024,Comhairleoir G. Kelleher (vote 2 of 2),for,text,resolved
Cork City,Shane O'Callaghan,24/06/2024,Comhairleoir G. Kelleher (vote 2 of 2),for,text,resolved
Cork City,Seán Martin,24/06/2024,Comhairleoir G. Kelleher (vote 2 of 2),for,text,resolved
Cork City,D. Boyle,24/06/2024,Comhairleoir G. Kelleher (vote 2 of 2),for,text,printed_form
Cork City,Fergal Dennehy,24/06/2024,Comhairleoir G. Kelleher (vote 2 of 2),for,text,resolved
Cork City,Garret Kelleher,24/06/2024,Comhairleoir G. Kelleher (vote 2 of 2),for,text,resolved
Cork City,Colm Kelleher,24/06/2024,Comhairleoir G. Kelleher (vote 2 of 2),for,text,resolved
Cork City,Laura Harmon,24/06/2024,Comhairleoir G. Kelleher (vote 2 of 2),for,text,resolved
Cork City,Terry Coleman,24/06/2024,Comhairleoir G. Kelleher (vote 2 of 2),for,text,resolved
Cork City,Albert Deasy,24/06/2024,Comhairleoir G. Kelleher (vote 2 of 2),for,text,resolved
Cork City,Ken O'Flynn,24/06/2024,Comhairleoir G. Kelleher (vote 2 of 2),against,text,resolved
Cork City,Michelle Gould,24/06/2024,Comhairleoir G. Kelleher (vote 2 of 2),against,text,resolved
Cork City,Kenneth Collins,24/06/2024,Comhairleoir G. Kelleher (vote 2 of 2),against,text,resolved
Cork City,Fiona Kerins,24/06/2024,Comhairleoir G. Kelleher (vote 2 of 2),against,text,resolved
Cork City,Paudie Dineen,24/06/2024,Comhairleoir G. Kelleher (vote 2 of 2),against,text,resolved
Cork City,Joe Lynch,24/06/2024,Comhairleoir G. Kelleher (vote 2 of 2),against,text,resolved
Cork City,Pádraig Rice,24/06/2024,Comhairleoir G. Kelleher (vote 2 of 2),abstain,text,resolved
Cork City,John Maher,24/06/2024,a vote was called for on the nomination to the Audit Committee where there appeared as follows:- Comhairleoir S — Comhairleoir S. Martin,for,text,resolved
Cork City,Joe Kavanagh,24/06/2024,a vote was called for on the nomination to the Audit Committee where there appeared as follows:- Comhairleoir S — Comhairleoir S. Martin,for,text,resolved
Cork City,Margaret McDonnell,24/06/2024,a vote was called for on the nomination to the Audit Committee where there appeared as follows:- Comhairleoir S — Comhairleoir S. Martin,for,text,resolved
Cork City,O. Moran,24/06/2024,a vote was called for on the nomination to the Audit Committee where there appeared as follows:- Comhairleoir S — Comhairleoir S. Martin,for,text,printed_form
Cork City,Tony Fitzgerald,24/06/2024,a vote was called for on the nomination to the Audit Committee where there appeared as follows:- Comhairleoir S — Comhairleoir S. Martin,for,text,resolved
Cork City,Damian Boylan,24/06/2024,a vote was called for on the nomination to the Audit Committee where there appeared as follows:- Comhairleoir S — Comhairleoir S. Martin,for,text,resolved
Cork City,John Sheehan,24/06/2024,a vote was called for on the nomination to the Audit Committee where there appeared as follows:- Comhairleoir S — Comhairleoir S. Martin,for,text,resolved
Cork City,Terry Shannon,24/06/2024,a vote was called for on the nomination to the Audit Committee where there appeared as follows:- Comhairleoir S — Comhairleoir S. Martin,for,text,resolved
Cork City,Kieran McCarthy,24/06/2024,a vote was called for on the nomination to the Audit Committee where there appeared as follows:- Comhairleoir S — Comhairleoir S. Martin,for,text,resolved
Cork City,Mary Rose Desmond,24/06/2024,a vote was called for on the nomination to the Audit Committee where there appeared as follows:- Comhairleoir S — Comhairleoir S. Martin,for,text,resolved
Cork City,Des Cahill,24/06/2024,a vote was called for on the nomination to the Audit Committee where there appeared as follows:- Comhairleoir S — Comhairleoir S. Martin,for,text,resolved
Cork City,H. Kamegni,24/06/2024,a vote was called for on the nomination to the Audit Committee where there appeared as follows:- Comhairleoir S — Comhairleoir S. Martin,for,text,printed_form
Cork City,Peter Horgan,24/06/2024,a vote was called for on the nomination to the Audit Committee where there appeared as follows:- Comhairleoir S — Comhairleoir S. Martin,for,text,resolved
Cork City,Shane O'Callaghan,24/06/2024,a vote was called for on the nomination to the Audit Committee where there appeared as follows:- Comhairleoir S — Comhairleoir S. Martin,for,text,resolved
Cork City,Seán Martin,24/06/2024,a vote was called for on the nomination to the Audit Committee where there appeared as follows:- Comhairleoir S — Comhairleoir S. Martin,for,text,resolved
Cork City,D. Boyle,24/06/2024,a vote was called for on the nomination to the Audit Committee where there appeared as follows:- Comhairleoir S — Comhairleoir S. Martin,for,text,printed_form
Cork City,Fergal Dennehy,24/06/2024,a vote was called for on the nomination to the Audit Committee where there appeared as follows:- Comhairleoir S — Comhairleoir S. Martin,for,text,resolved
Cork City,Garret Kelleher,24/06/2024,a vote was called for on the nomination to the Audit Committee where there appeared as follows:- Comhairleoir S — Comhairleoir S. Martin,for,text,resolved
Cork City,Colm Kelleher,24/06/2024,a vote was called for on the nomination to the Audit Committee where there appeared as follows:- Comhairleoir S — Comhairleoir S. Martin,for,text,resolved
Cork City,Laura Harmon,24/06/2024,a vote was called for on the nomination to the Audit Committee where there appeared as follows:- Comhairleoir S — Comhairleoir S. Martin,for,text,resolved
Cork City,Terry Coleman,24/06/2024,a vote was called for on the nomination to the Audit Committee where there appeared as follows:- Comhairleoir S — Comhairleoir S. Martin,for,text,resolved
Cork City,Ken O'Flynn,24/06/2024,a vote was called for on the nomination to the Audit Committee where there appeared as follows:- Comhairleoir S — Comhairleoir S. Martin,against,text,resolved
Cork City,Michelle Gould,24/06/2024,a vote was called for on the nomination to the Audit Committee where there appeared as follows:- Comhairleoir S — Comhairleoir S. Martin,against,text,resolved
Cork City,Kenneth Collins,24/06/2024,a vote was called for on the nomination to the Audit Committee where there appeared as follows:- Comhairleoir S — Comhairleoir S. Martin,against,text,resolved
Cork City,Fiona Kerins,24/06/2024,a vote was called for on the nomination to the Audit Committee where there appeared as follows:- Comhairleoir S — Comhairleoir S. Martin,against,text,resolved
Cork City,Paudie Dineen,24/06/2024,a vote was called for on the nomination to the Audit Committee where there appeared as follows:- Comhairleoir S — Comhairleoir S. Martin,against,text,resolved
Cork City,Joe Lynch,24/06/2024,a vote was called for on the nomination to the Audit Committee where there appeared as follows:- Comhairleoir S — Comhairleoir S. Martin,against,text,resolved
Cork City,Albert Deasy,24/06/2024,a vote was called for on the nomination to the Audit Committee where there appeared as follows:- Comhairleoir S — Comhairleoir S. Martin,against,text,resolved
Cork City,Pádraig Rice,24/06/2024,a vote was called for on the nomination to the Audit Committee where there appeared as follows:- Comhairleoir S — Comhairleoir S. Martin,abstain,text,resolved
Cork City,John Maher,24/06/2024,a vote was called for on the nomination to the Audit Committee where there appeared as follows:- Comhairleoir S — Comhairleoir J. Kavanagh,for,text,resolved
Cork City,Joe Kavanagh,24/06/2024,a vote was called for on the nomination to the Audit Committee where there appeared as follows:- Comhairleoir S — Comhairleoir J. Kavanagh,for,text,resolved
Cork City,Margaret McDonnell,24/06/2024,a vote was called for on the nomination to the Audit Committee where there appeared as follows:- Comhairleoir S — Comhairleoir J. Kavanagh,for,text,resolved
Cork City,O. Moran,24/06/2024,a vote was called for on the nomination to the Audit Committee where there appeared as follows:- Comhairleoir S — Comhairleoir J. Kavanagh,for,text,printed_form
Cork City,Tony Fitzgerald,24/06/2024,a vote was called for on the nomination to the Audit Committee where there appeared as follows:- Comhairleoir S — Comhairleoir J. Kavanagh,for,text,resolved
Cork City,Damian Boylan,24/06/2024,a vote was called for on the nomination to the Audit Committee where there appeared as follows:- Comhairleoir S — Comhairleoir J. Kavanagh,for,text,resolved
Cork City,John Sheehan,24/06/2024,a vote was called for on the nomination to the Audit Committee where there appeared as follows:- Comhairleoir S — Comhairleoir J. Kavanagh,for,text,resolved
Cork City,Terry Shannon,24/06/2024,a vote was called for on the nomination to the Audit Committee where there appeared as follows:- Comhairleoir S — Comhairleoir J. Kavanagh,for,text,resolved
Cork City,Kieran McCarthy,24/06/2024,a vote was called for on the nomination to the Audit Committee where there appeared as follows:- Comhairleoir S — Comhairleoir J. Kavanagh,for,text,resolved
Cork City,Mary Rose Desmond,24/06/2024,a vote was called for on the nomination to the Audit Committee where there appeared as follows:- Comhairleoir S — Comhairleoir J. Kavanagh,for,text,resolved
Cork City,Des Cahill,24/06/2024,a vote was called for on the nomination to the Audit Committee where there appeared as follows:- Comhairleoir S — Comhairleoir J. Kavanagh,for,text,resolved
Cork City,H. Kamegni,24/06/2024,a vote was called for on the nomination to the Audit Committee where there appeared as follows:- Comhairleoir S — Comhairleoir J. Kavanagh,for,text,printed_form
Cork City,Peter Horgan,24/06/2024,a vote was called for on the nomination to the Audit Committee where there appeared as follows:- Comhairleoir S — Comhairleoir J. Kavanagh,for,text,resolved
Cork City,Shane O'Callaghan,24/06/2024,a vote was called for on the nomination to the Audit Committee where there appeared as follows:- Comhairleoir S — Comhairleoir J. Kavanagh,for,text,resolved
Cork City,Seán Martin,24/06/2024,a vote was called for on the nomination to the Audit Committee where there appeared as follows:- Comhairleoir S — Comhairleoir J. Kavanagh,for,text,resolved
Cork City,D. Boyle,24/06/2024,a vote was called for on the nomination to the Audit Committee where there appeared as follows:- Comhairleoir S — Comhairleoir J. Kavanagh,for,text,printed_form
Cork City,Fergal Dennehy,24/06/2024,a vote was called for on the nomination to the Audit Committee where there appeared as follows:- Comhairleoir S — Comhairleoir J. Kavanagh,for,text,resolved
Cork City,Garret Kelleher,24/06/2024,a vote was called for on the nomination to the Audit Committee where there appeared as follows:- Comhairleoir S — Comhairleoir J. Kavanagh,for,text,resolved
Cork City,Colm Kelleher,24/06/2024,a vote was called for on the nomination to the Audit Committee where there appeared as follows:- Comhairleoir S — Comhairleoir J. Kavanagh,for,text,resolved
Cork City,Laura Harmon,24/06/2024,a vote was called for on the nomination to the Audit Committee where there appeared as follows:- Comhairleoir S — Comhairleoir J. Kavanagh,for,text,resolved
Cork City,Terry Coleman,24/06/2024,a vote was called for on the nomination to the Audit Committee where there appeared as follows:- Comhairleoir S — Comhairleoir J. Kavanagh,for,text,resolved
Cork City,Ken O'Flynn,24/06/2024,a vote was called for on the nomination to the Audit Committee where there appeared as follows:- Comhairleoir S — Comhairleoir J. Kavanagh,against,text,resolved
Cork City,Michelle Gould,24/06/2024,a vote was called for on the nomination to the Audit Committee where there appeared as follows:- Comhairleoir S — Comhairleoir J. Kavanagh,against,text,resolved
Cork City,Kenneth Collins,24/06/2024,a vote was called for on the nomination to the Audit Committee where there appeared as follows:- Comhairleoir S — Comhairleoir J. Kavanagh,against,text,resolved
Cork City,Fiona Kerins,24/06/2024,a vote was called for on the nomination to the Audit Committee where there appeared as follows:- Comhairleoir S — Comhairleoir J. Kavanagh,against,text,resolved
Cork City,Paudie Dineen,24/06/2024,a vote was called for on the nomination to the Audit Committee where there appeared as follows:- Comhairleoir S — Comhairleoir J. Kavanagh,against,text,resolved
Cork City,Joe Lynch,24/06/2024,a vote was called for on the nomination to the Audit Committee where there appeared as follows:- Comhairleoir S — Comhairleoir J. Kavanagh,against,text,resolved
Cork City,Albert Deasy,24/06/2024,a vote was called for on the nomination to the Audit Committee where there appeared as follows:- Comhairleoir S — Comhairleoir J. Kavanagh,against,text,resolved
Cork City,Pádraig Rice,24/06/2024,a vote was called for on the nomination to the Audit Committee where there appeared as follows:- Comhairleoir S — Comhairleoir J. Kavanagh,abstain,text,resolved
Cork City,John Maher,24/06/2024,Comhairleoir O. Moran (vote 1 of 2),for,text,resolved
Cork City,Joe Kavanagh,24/06/2024,Comhairleoir O. Moran (vote 1 of 2),for,text,resolved
Cork City,Margaret McDonnell,24/06/2024,Comhairleoir O. Moran (vote 1 of 2),for,text,resolved
Cork City,O. Moran,24/06/2024,Comhairleoir O. Moran (vote 1 of 2),for,text,printed_form
Cork City,Tony Fitzgerald,24/06/2024,Comhairleoir O. Moran (vote 1 of 2),for,text,resolved
Cork City,Damian Boylan,24/06/2024,Comhairleoir O. Moran (vote 1 of 2),for,text,resolved
Cork City,John Sheehan,24/06/2024,Comhairleoir O. Moran (vote 1 of 2),for,text,resolved
Cork City,Terry Shannon,24/06/2024,Comhairleoir O. Moran (vote 1 of 2),for,text,resolved
Cork City,Kieran McCarthy,24/06/2024,Comhairleoir O. Moran (vote 1 of 2),for,text,resolved
Cork City,Mary Rose Desmond,24/06/2024,Comhairleoir O. Moran (vote 1 of 2),for,text,resolved
Cork City,Des Cahill,24/06/2024,Comhairleoir O. Moran (vote 1 of 2),for,text,resolved
Cork City,H. Kamegni,24/06/2024,Comhairleoir O. Moran (vote 1 of 2),for,text,printed_form
Cork City,Peter Horgan,24/06/2024,Comhairleoir O. Moran (vote 1 of 2),for,text,resolved
Cork City,Shane O'Callaghan,24/06/2024,Comhairleoir O. Moran (vote 1 of 2),for,text,resolved
Cork City,Seán Martin,24/06/2024,Comhairleoir O. Moran (vote 1 of 2),for,text,resolved
Cork City,Pádraig Rice,24/06/2024,Comhairleoir O. Moran (vote 1 of 2),for,text,resolved
Cork City,D. Boyle,24/06/2024,Comhairleoir O. Moran (vote 1 of 2),for,text,printed_form
Cork City,Fergal Dennehy,24/06/2024,Comhairleoir O. Moran (vote 1 of 2),for,text,resolved
Cork City,Garret Kelleher,24/06/2024,Comhairleoir O. Moran (vote 1 of 2),for,text,resolved
Cork City,Colm Kelleher,24/06/2024,Comhairleoir O. Moran (vote 1 of 2),for,text,resolved
Cork City,Laura Harmon,24/06/2024,Comhairleoir O. Moran (vote 1 of 2),for,text,resolved
Cork City,Terry Coleman,24/06/2024,Comhairleoir O. Moran (vote 1 of 2),for,text,resolved
Cork City,Ken O'Flynn,24/06/2024,Comhairleoir O. Moran (vote 1 of 2),against,text,resolved
Cork City,Michelle Gould,24/06/2024,Comhairleoir O. Moran (vote 1 of 2),against,text,resolved
Cork City,Kenneth Collins,24/06/2024,Comhairleoir O. Moran (vote 1 of 2),against,text,resolved
Cork City,Fiona Kerins,24/06/2024,Comhairleoir O. Moran (vote 1 of 2),against,text,resolved
Cork City,Paudie Dineen,24/06/2024,Comhairleoir O. Moran (vote 1 of 2),against,text,resolved
Cork City,Joe Lynch,24/06/2024,Comhairleoir O. Moran (vote 1 of 2),against,text,resolved
Cork City,Albert Deasy,24/06/2024,Comhairleoir O. Moran (vote 1 of 2),against,text,resolved
Cork City,Ken O'Flynn,24/06/2024,Comhairleoir K. Collins (vote 1 of 3),for,text,resolved
Cork City,Michelle Gould,24/06/2024,Comhairleoir K. Collins (vote 1 of 3),for,text,resolved
Cork City,Kenneth Collins,24/06/2024,Comhairleoir K. Collins (vote 1 of 3),for,text,resolved
Cork City,Pádraig Rice,24/06/2024,Comhairleoir K. Collins (vote 1 of 3),for,text,resolved
Cork City,Fiona Kerins,24/06/2024,Comhairleoir K. Collins (vote 1 of 3),for,text,resolved
Cork City,Paudie Dineen,24/06/2024,Comhairleoir K. Collins (vote 1 of 3),for,text,resolved
Cork City,Joe Lynch,24/06/2024,Comhairleoir K. Collins (vote 1 of 3),for,text,resolved
Cork City,Albert Deasy,24/06/2024,Comhairleoir K. Collins (vote 1 of 3),for,text,resolved
Cork City,Joe Kavanagh,24/06/2024,Comhairleoir K. Collins (vote 1 of 3),against,text,resolved
Cork City,Margaret McDonnell,24/06/2024,Comhairleoir K. Collins (vote 1 of 3),against,text,resolved
Cork City,O. Moran,24/06/2024,Comhairleoir K. Collins (vote 1 of 3),against,text,printed_form
Cork City,Tony Fitzgerald,24/06/2024,Comhairleoir K. Collins (vote 1 of 3),against,text,resolved
Cork City,Damian Boylan,24/06/2024,Comhairleoir K. Collins (vote 1 of 3),against,text,resolved
Cork City,John Sheehan,24/06/2024,Comhairleoir K. Collins (vote 1 of 3),against,text,resolved
Cork City,Terry Shannon,24/06/2024,Comhairleoir K. Collins (vote 1 of 3),against,text,resolved
Cork City,Mary Rose Desmond,24/06/2024,Comhairleoir K. Collins (vote 1 of 3),against,text,resolved
Cork City,Des Cahill,24/06/2024,Comhairleoir K. Collins (vote 1 of 3),against,text,resolved
Cork City,H. Kamegni,24/06/2024,Comhairleoir K. Collins (vote 1 of 3),against,text,printed_form
Cork City,Shane O'Callaghan,24/06/2024,Comhairleoir K. Collins (vote 1 of 3),against,text,resolved
Cork City,Seán Martin,24/06/2024,Comhairleoir K. Collins (vote 1 of 3),against,text,resolved
Cork City,Fergal Dennehy,24/06/2024,Comhairleoir K. Collins (vote 1 of 3),against,text,resolved
Cork City,Garret Kelleher,24/06/2024,Comhairleoir K. Collins (vote 1 of 3),against,text,resolved
Cork City,Colm Kelleher,24/06/2024,Comhairleoir K. Collins (vote 1 of 3),against,text,resolved
Cork City,Terry Coleman,24/06/2024,Comhairleoir K. Collins (vote 1 of 3),against,text,resolved
Cork City,John Maher,24/06/2024,Comhairleoir K. Collins (vote 1 of 3),abstain,text,resolved
Cork City,Kieran McCarthy,24/06/2024,Comhairleoir K. Collins (vote 1 of 3),abstain,text,resolved
Cork City,Peter Horgan,24/06/2024,Comhairleoir K. Collins (vote 1 of 3),abstain,text,resolved
Cork City,D. Boyle,24/06/2024,Comhairleoir K. Collins (vote 1 of 3),abstain,text,printed_form
Cork City,Laura Harmon,24/06/2024,Comhairleoir K. Collins (vote 1 of 3),abstain,text,resolved
Cork City,John Maher,24/06/2024,a vote was called for on the nomination to the HSE Regional Health Forum South where there appeared as follows:- Comhairleoir J — Comhairleoir J. Sheehan,for,text,resolved
Cork City,Joe Kavanagh,24/06/2024,a vote was called for on the nomination to the HSE Regional Health Forum South where there appeared as follows:- Comhairleoir J — Comhairleoir J. Sheehan,for,text,resolved
Cork City,Margaret McDonnell,24/06/2024,a vote was called for on the nomination to the HSE Regional Health Forum South where there appeared as follows:- Comhairleoir J — Comhairleoir J. Sheehan,for,text,resolved
Cork City,O. Moran,24/06/2024,a vote was called for on the nomination to the HSE Regional Health Forum South where there appeared as follows:- Comhairleoir J — Comhairleoir J. Sheehan,for,text,printed_form
Cork City,Tony Fitzgerald,24/06/2024,a vote was called for on the nomination to the HSE Regional Health Forum South where there appeared as follows:- Comhairleoir J — Comhairleoir J. Sheehan,for,text,resolved
Cork City,Damian Boylan,24/06/2024,a vote was called for on the nomination to the HSE Regional Health Forum South where there appeared as follows:- Comhairleoir J — Comhairleoir J. Sheehan,for,text,resolved
Cork City,John Sheehan,24/06/2024,a vote was called for on the nomination to the HSE Regional Health Forum South where there appeared as follows:- Comhairleoir J — Comhairleoir J. Sheehan,for,text,resolved
Cork City,Terry Shannon,24/06/2024,a vote was called for on the nomination to the HSE Regional Health Forum South where there appeared as follows:- Comhairleoir J — Comhairleoir J. Sheehan,for,text,resolved
Cork City,Kieran McCarthy,24/06/2024,a vote was called for on the nomination to the HSE Regional Health Forum South where there appeared as follows:- Comhairleoir J — Comhairleoir J. Sheehan,for,text,resolved
Cork City,Mary Rose Desmond,24/06/2024,a vote was called for on the nomination to the HSE Regional Health Forum South where there appeared as follows:- Comhairleoir J — Comhairleoir J. Sheehan,for,text,resolved
Cork City,Des Cahill,24/06/2024,a vote was called for on the nomination to the HSE Regional Health Forum South where there appeared as follows:- Comhairleoir J — Comhairleoir J. Sheehan,for,text,resolved
Cork City,H. Kamegni,24/06/2024,a vote was called for on the nomination to the HSE Regional Health Forum South where there appeared as follows:- Comhairleoir J — Comhairleoir J. Sheehan,for,text,printed_form
Cork City,Peter Horgan,24/06/2024,a vote was called for on the nomination to the HSE Regional Health Forum South where there appeared as follows:- Comhairleoir J — Comhairleoir J. Sheehan,for,text,resolved
Cork City,Shane O'Callaghan,24/06/2024,a vote was called for on the nomination to the HSE Regional Health Forum South where there appeared as follows:- Comhairleoir J — Comhairleoir J. Sheehan,for,text,resolved
Cork City,Seán Martin,24/06/2024,a vote was called for on the nomination to the HSE Regional Health Forum South where there appeared as follows:- Comhairleoir J — Comhairleoir J. Sheehan,for,text,resolved
Cork City,Pádraig Rice,24/06/2024,a vote was called for on the nomination to the HSE Regional Health Forum South where there appeared as follows:- Comhairleoir J — Comhairleoir J. Sheehan,for,text,resolved
Cork City,Paudie Dineen,24/06/2024,a vote was called for on the nomination to the HSE Regional Health Forum South where there appeared as follows:- Comhairleoir J — Comhairleoir J. Sheehan,for,text,resolved
Cork City,D. Boyle,24/06/2024,a vote was called for on the nomination to the HSE Regional Health Forum South where there appeared as follows:- Comhairleoir J — Comhairleoir J. Sheehan,for,text,printed_form
Cork City,Fergal Dennehy,24/06/2024,a vote was called for on the nomination to the HSE Regional Health Forum South where there appeared as follows:- Comhairleoir J — Comhairleoir J. Sheehan,for,text,resolved
Cork City,Garret Kelleher,24/06/2024,a vote was called for on the nomination to the HSE Regional Health Forum South where there appeared as follows:- Comhairleoir J — Comhairleoir J. Sheehan,for,text,resolved
Cork City,Colm Kelleher,24/06/2024,a vote was called for on the nomination to the HSE Regional Health Forum South where there appeared as follows:- Comhairleoir J — Comhairleoir J. Sheehan,for,text,resolved
Cork City,Laura Harmon,24/06/2024,a vote was called for on the nomination to the HSE Regional Health Forum South where there appeared as follows:- Comhairleoir J — Comhairleoir J. Sheehan,for,text,resolved
Cork City,Terry Coleman,24/06/2024,a vote was called for on the nomination to the HSE Regional Health Forum South where there appeared as follows:- Comhairleoir J — Comhairleoir J. Sheehan,for,text,resolved
Cork City,Albert Deasy,24/06/2024,a vote was called for on the nomination to the HSE Regional Health Forum South where there appeared as follows:- Comhairleoir J — Comhairleoir J. Sheehan,for,text,resolved
Cork City,Ken O'Flynn,24/06/2024,a vote was called for on the nomination to the HSE Regional Health Forum South where there appeared as follows:- Comhairleoir J — Comhairleoir J. Sheehan,against,text,resolved
Cork City,Michelle Gould,24/06/2024,a vote was called for on the nomination to the HSE Regional Health Forum South where there appeared as follows:- Comhairleoir J — Comhairleoir J. Sheehan,against,text,resolved
Cork City,Kenneth Collins,24/06/2024,a vote was called for on the nomination to the HSE Regional Health Forum South where there appeared as follows:- Comhairleoir J — Comhairleoir J. Sheehan,against,text,resolved
Cork City,Fiona Kerins,24/06/2024,a vote was called for on the nomination to the HSE Regional Health Forum South where there appeared as follows:- Comhairleoir J — Comhairleoir J. Sheehan,against,text,resolved
Cork City,Joe Lynch,24/06/2024,a vote was called for on the nomination to the HSE Regional Health Forum South where there appeared as follows:- Comhairleoir J — Comhairleoir J. Sheehan,against,text,resolved
Cork City,John Maher,24/06/2024,a vote was called for on the nomination to the HSE Regional Health Forum South where there appeared as follows:- Comhairleoir J — Comhairleoir M. McDonnell,for,text,resolved
Cork City,Joe Kavanagh,24/06/2024,a vote was called for on the nomination to the HSE Regional Health Forum South where there appeared as follows:- Comhairleoir J — Comhairleoir M. McDonnell,for,text,resolved
Cork City,Margaret McDonnell,24/06/2024,a vote was called for on the nomination to the HSE Regional Health Forum South where there appeared as follows:- Comhairleoir J — Comhairleoir M. McDonnell,for,text,resolved
Cork City,O. Moran,24/06/2024,a vote was called for on the nomination to the HSE Regional Health Forum South where there appeared as follows:- Comhairleoir J — Comhairleoir M. McDonnell,for,text,printed_form
Cork City,Tony Fitzgerald,24/06/2024,a vote was called for on the nomination to the HSE Regional Health Forum South where there appeared as follows:- Comhairleoir J — Comhairleoir M. McDonnell,for,text,resolved
Cork City,Damian Boylan,24/06/2024,a vote was called for on the nomination to the HSE Regional Health Forum South where there appeared as follows:- Comhairleoir J — Comhairleoir M. McDonnell,for,text,resolved
Cork City,John Sheehan,24/06/2024,a vote was called for on the nomination to the HSE Regional Health Forum South where there appeared as follows:- Comhairleoir J — Comhairleoir M. McDonnell,for,text,resolved
Cork City,Terry Shannon,24/06/2024,a vote was called for on the nomination to the HSE Regional Health Forum South where there appeared as follows:- Comhairleoir J — Comhairleoir M. McDonnell,for,text,resolved
Cork City,Kieran McCarthy,24/06/2024,a vote was called for on the nomination to the HSE Regional Health Forum South where there appeared as follows:- Comhairleoir J — Comhairleoir M. McDonnell,for,text,resolved
Cork City,Mary Rose Desmond,24/06/2024,a vote was called for on the nomination to the HSE Regional Health Forum South where there appeared as follows:- Comhairleoir J — Comhairleoir M. McDonnell,for,text,resolved
Cork City,Des Cahill,24/06/2024,a vote was called for on the nomination to the HSE Regional Health Forum South where there appeared as follows:- Comhairleoir J — Comhairleoir M. McDonnell,for,text,resolved
Cork City,H. Kamegni,24/06/2024,a vote was called for on the nomination to the HSE Regional Health Forum South where there appeared as follows:- Comhairleoir J — Comhairleoir M. McDonnell,for,text,printed_form
Cork City,Peter Horgan,24/06/2024,a vote was called for on the nomination to the HSE Regional Health Forum South where there appeared as follows:- Comhairleoir J — Comhairleoir M. McDonnell,for,text,resolved
Cork City,Shane O'Callaghan,24/06/2024,a vote was called for on the nomination to the HSE Regional Health Forum South where there appeared as follows:- Comhairleoir J — Comhairleoir M. McDonnell,for,text,resolved
Cork City,Seán Martin,24/06/2024,a vote was called for on the nomination to the HSE Regional Health Forum South where there appeared as follows:- Comhairleoir J — Comhairleoir M. McDonnell,for,text,resolved
Cork City,Pádraig Rice,24/06/2024,a vote was called for on the nomination to the HSE Regional Health Forum South where there appeared as follows:- Comhairleoir J — Comhairleoir M. McDonnell,for,text,resolved
Cork City,Paudie Dineen,24/06/2024,a vote was called for on the nomination to the HSE Regional Health Forum South where there appeared as follows:- Comhairleoir J — Comhairleoir M. McDonnell,for,text,resolved
Cork City,D. Boyle,24/06/2024,a vote was called for on the nomination to the HSE Regional Health Forum South where there appeared as follows:- Comhairleoir J — Comhairleoir M. McDonnell,for,text,printed_form
Cork City,Fergal Dennehy,24/06/2024,a vote was called for on the nomination to the HSE Regional Health Forum South where there appeared as follows:- Comhairleoir J — Comhairleoir M. McDonnell,for,text,resolved
Cork City,Garret Kelleher,24/06/2024,a vote was called for on the nomination to the HSE Regional Health Forum South where there appeared as follows:- Comhairleoir J — Comhairleoir M. McDonnell,for,text,resolved
Cork City,Colm Kelleher,24/06/2024,a vote was called for on the nomination to the HSE Regional Health Forum South where there appeared as follows:- Comhairleoir J — Comhairleoir M. McDonnell,for,text,resolved
Cork City,Laura Harmon,24/06/2024,a vote was called for on the nomination to the HSE Regional Health Forum South where there appeared as follows:- Comhairleoir J — Comhairleoir M. McDonnell,for,text,resolved
Cork City,Terry Coleman,24/06/2024,a vote was called for on the nomination to the HSE Regional Health Forum South where there appeared as follows:- Comhairleoir J — Comhairleoir M. McDonnell,for,text,resolved
Cork City,Albert Deasy,24/06/2024,a vote was called for on the nomination to the HSE Regional Health Forum South where there appeared as follows:- Comhairleoir J — Comhairleoir M. McDonnell,for,text,resolved
Cork City,Ken O'Flynn,24/06/2024,a vote was called for on the nomination to the HSE Regional Health Forum South where there appeared as follows:- Comhairleoir J — Comhairleoir M. McDonnell,against,text,resolved
Cork City,Michelle Gould,24/06/2024,a vote was called for on the nomination to the HSE Regional Health Forum South where there appeared as follows:- Comhairleoir J — Comhairleoir M. McDonnell,against,text,resolved
Cork City,Kenneth Collins,24/06/2024,a vote was called for on the nomination to the HSE Regional Health Forum South where there appeared as follows:- Comhairleoir J — Comhairleoir M. McDonnell,against,text,resolved
Cork City,Fiona Kerins,24/06/2024,a vote was called for on the nomination to the HSE Regional Health Forum South where there appeared as follows:- Comhairleoir J — Comhairleoir M. McDonnell,against,text,resolved
Cork City,Joe Lynch,24/06/2024,a vote was called for on the nomination to the HSE Regional Health Forum South where there appeared as follows:- Comhairleoir J — Comhairleoir M. McDonnell,against,text,resolved
Cork City,John Maher,24/06/2024,Comhairleoir O. Moran (vote 2 of 2),for,text,resolved
Cork City,Joe Kavanagh,24/06/2024,Comhairleoir O. Moran (vote 2 of 2),for,text,resolved
Cork City,Margaret McDonnell,24/06/2024,Comhairleoir O. Moran (vote 2 of 2),for,text,resolved
Cork City,O. Moran,24/06/2024,Comhairleoir O. Moran (vote 2 of 2),for,text,printed_form
Cork City,Tony Fitzgerald,24/06/2024,Comhairleoir O. Moran (vote 2 of 2),for,text,resolved
Cork City,Damian Boylan,24/06/2024,Comhairleoir O. Moran (vote 2 of 2),for,text,resolved
Cork City,John Sheehan,24/06/2024,Comhairleoir O. Moran (vote 2 of 2),for,text,resolved
Cork City,Terry Shannon,24/06/2024,Comhairleoir O. Moran (vote 2 of 2),for,text,resolved
Cork City,Kieran McCarthy,24/06/2024,Comhairleoir O. Moran (vote 2 of 2),for,text,resolved
Cork City,Mary Rose Desmond,24/06/2024,Comhairleoir O. Moran (vote 2 of 2),for,text,resolved
Cork City,Des Cahill,24/06/2024,Comhairleoir O. Moran (vote 2 of 2),for,text,resolved
Cork City,H. Kamegni,24/06/2024,Comhairleoir O. Moran (vote 2 of 2),for,text,printed_form
Cork City,Peter Horgan,24/06/2024,Comhairleoir O. Moran (vote 2 of 2),for,text,resolved
Cork City,Shane O'Callaghan,24/06/2024,Comhairleoir O. Moran (vote 2 of 2),for,text,resolved
Cork City,Seán Martin,24/06/2024,Comhairleoir O. Moran (vote 2 of 2),for,text,resolved
Cork City,Pádraig Rice,24/06/2024,Comhairleoir O. Moran (vote 2 of 2),for,text,resolved
Cork City,Paudie Dineen,24/06/2024,Comhairleoir O. Moran (vote 2 of 2),for,text,resolved
Cork City,D. Boyle,24/06/2024,Comhairleoir O. Moran (vote 2 of 2),for,text,printed_form
Cork City,Fergal Dennehy,24/06/2024,Comhairleoir O. Moran (vote 2 of 2),for,text,resolved
Cork City,Garret Kelleher,24/06/2024,Comhairleoir O. Moran (vote 2 of 2),for,text,resolved
Cork City,Colm Kelleher,24/06/2024,Comhairleoir O. Moran (vote 2 of 2),for,text,resolved
Cork City,Laura Harmon,24/06/2024,Comhairleoir O. Moran (vote 2 of 2),for,text,resolved
Cork City,Terry Coleman,24/06/2024,Comhairleoir O. Moran (vote 2 of 2),for,text,resolved
Cork City,Ken O'Flynn,24/06/2024,Comhairleoir O. Moran (vote 2 of 2),against,text,resolved
Cork City,Michelle Gould,24/06/2024,Comhairleoir O. Moran (vote 2 of 2),against,text,resolved
Cork City,Kenneth Collins,24/06/2024,Comhairleoir O. Moran (vote 2 of 2),against,text,resolved
Cork City,Fiona Kerins,24/06/2024,Comhairleoir O. Moran (vote 2 of 2),against,text,resolved
Cork City,Joe Lynch,24/06/2024,Comhairleoir O. Moran (vote 2 of 2),against,text,resolved
Cork City,Albert Deasy,24/06/2024,Comhairleoir O. Moran (vote 2 of 2),against,text,resolved
Cork City,Ken O'Flynn,24/06/2024,Comhairleoir A. Deasy (vote 2 of 2),for,text,resolved
Cork City,Paudie Dineen,24/06/2024,Comhairleoir A. Deasy (vote 2 of 2),for,text,resolved
Cork City,Albert Deasy,24/06/2024,Comhairleoir A. Deasy (vote 2 of 2),for,text,resolved
Cork City,John Maher,24/06/2024,Comhairleoir A. Deasy (vote 2 of 2),against,text,resolved
Cork City,Joe Kavanagh,24/06/2024,Comhairleoir A. Deasy (vote 2 of 2),against,text,resolved
Cork City,Margaret McDonnell,24/06/2024,Comhairleoir A. Deasy (vote 2 of 2),against,text,resolved
Cork City,O. Moran,24/06/2024,Comhairleoir A. Deasy (vote 2 of 2),against,text,printed_form
Cork City,Tony Fitzgerald,24/06/2024,Comhairleoir A. Deasy (vote 2 of 2),against,text,resolved
Cork City,Damian Boylan,24/06/2024,Comhairleoir A. Deasy (vote 2 of 2),against,text,resolved
Cork City,John Sheehan,24/06/2024,Comhairleoir A. Deasy (vote 2 of 2),against,text,resolved
Cork City,Michelle Gould,24/06/2024,Comhairleoir A. Deasy (vote 2 of 2),against,text,resolved
Cork City,Kenneth Collins,24/06/2024,Comhairleoir A. Deasy (vote 2 of 2),against,text,resolved
Cork City,Terry Shannon,24/06/2024,Comhairleoir A. Deasy (vote 2 of 2),against,text,resolved
Cork City,Mary Rose Desmond,24/06/2024,Comhairleoir A. Deasy (vote 2 of 2),against,text,resolved
Cork City,Des Cahill,24/06/2024,Comhairleoir A. Deasy (vote 2 of 2),against,text,resolved
Cork City,H. Kamegni,24/06/2024,Comhairleoir A. Deasy (vote 2 of 2),against,text,printed_form
Cork City,Peter Horgan,24/06/2024,Comhairleoir A. Deasy (vote 2 of 2),against,text,resolved
Cork City,Shane O'Callaghan,24/06/2024,Comhairleoir A. Deasy (vote 2 of 2),against,text,resolved
Cork City,Seán Martin,24/06/2024,Comhairleoir A. Deasy (vote 2 of 2),against,text,resolved
Cork City,Pádraig Rice,24/06/2024,Comhairleoir A. Deasy (vote 2 of 2),against,text,resolved
Cork City,Fiona Kerins,24/06/2024,Comhairleoir A. Deasy (vote 2 of 2),against,text,resolved
Cork City,Fergal Dennehy,24/06/2024,Comhairleoir A. Deasy (vote 2 of 2),against,text,resolved
Cork City,Garret Kelleher,24/06/2024,Comhairleoir A. Deasy (vote 2 of 2),against,text,resolved
Cork City,Colm Kelleher,24/06/2024,Comhairleoir A. Deasy (vote 2 of 2),against,text,resolved
Cork City,Joe Lynch,24/06/2024,Comhairleoir A. Deasy (vote 2 of 2),against,text,resolved
Cork City,Laura Harmon,24/06/2024,Comhairleoir A. Deasy (vote 2 of 2),against,text,resolved
Cork City,Terry Coleman,24/06/2024,Comhairleoir A. Deasy (vote 2 of 2),against,text,resolved
Cork City,Kieran McCarthy,24/06/2024,Comhairleoir A. Deasy (vote 2 of 2),abstain,text,resolved
Cork City,D. Boyle,24/06/2024,Comhairleoir A. Deasy (vote 2 of 2),abstain,text,printed_form
Cork City,Ken O'Flynn,24/06/2024,Comhairleoir F. Kerins (vote 2 of 3),for,text,resolved
Cork City,John Maher,24/06/2024,Comhairleoir F. Kerins (vote 2 of 3),for,text,resolved
Cork City,Joe Kavanagh,24/06/2024,Comhairleoir F. Kerins (vote 2 of 3),for,text,resolved
Cork City,Margaret McDonnell,24/06/2024,Comhairleoir F. Kerins (vote 2 of 3),for,text,resolved
Cork City,O. Moran,24/06/2024,Comhairleoir F. Kerins (vote 2 of 3),for,text,printed_form
Cork City,Tony Fitzgerald,24/06/2024,Comhairleoir F. Kerins (vote 2 of 3),for,text,resolved
Cork City,Damian Boylan,24/06/2024,Comhairleoir F. Kerins (vote 2 of 3),for,text,resolved
Cork City,John Sheehan,24/06/2024,Comhairleoir F. Kerins (vote 2 of 3),for,text,resolved
Cork City,Michelle Gould,24/06/2024,Comhairleoir F. Kerins (vote 2 of 3),for,text,resolved
Cork City,Kenneth Collins,24/06/2024,Comhairleoir F. Kerins (vote 2 of 3),for,text,resolved
Cork City,Terry Shannon,24/06/2024,Comhairleoir F. Kerins (vote 2 of 3),for,text,resolved
Cork City,Kieran McCarthy,24/06/2024,Comhairleoir F. Kerins (vote 2 of 3),for,text,resolved
Cork City,Mary Rose Desmond,24/06/2024,Comhairleoir F. Kerins (vote 2 of 3),for,text,resolved
Cork City,Des Cahill,24/06/2024,Comhairleoir F. Kerins (vote 2 of 3),for,text,resolved
Cork City,H. Kamegni,24/06/2024,Comhairleoir F. Kerins (vote 2 of 3),for,text,printed_form
Cork City,Peter Horgan,24/06/2024,Comhairleoir F. Kerins (vote 2 of 3),for,text,resolved
Cork City,Shane O'Callaghan,24/06/2024,Comhairleoir F. Kerins (vote 2 of 3),for,text,resolved
Cork City,Seán Martin,24/06/2024,Comhairleoir F. Kerins (vote 2 of 3),for,text,resolved
Cork City,Pádraig Rice,24/06/2024,Comhairleoir F. Kerins (vote 2 of 3),for,text,resolved
Cork City,Fiona Kerins,24/06/2024,Comhairleoir F. Kerins (vote 2 of 3),for,text,resolved
Cork City,Paudie Dineen,24/06/2024,Comhairleoir F. Kerins (vote 2 of 3),for,text,resolved
Cork City,Fergal Dennehy,24/06/2024,Comhairleoir F. Kerins (vote 2 of 3),for,text,resolved
Cork City,Garret Kelleher,24/06/2024,Comhairleoir F. Kerins (vote 2 of 3),for,text,resolved
Cork City,Colm Kelleher,24/06/2024,Comhairleoir F. Kerins (vote 2 of 3),for,text,resolved
Cork City,Joe Lynch,24/06/2024,Comhairleoir F. Kerins (vote 2 of 3),for,text,resolved
Cork City,Laura Harmon,24/06/2024,Comhairleoir F. Kerins (vote 2 of 3),for,text,resolved
Cork City,Terry Coleman,24/06/2024,Comhairleoir F. Kerins (vote 2 of 3),for,text,resolved
Cork City,D. Boyle,24/06/2024,Comhairleoir F. Kerins (vote 2 of 3),abstain,text,printed_form
Cork City,Albert Deasy,24/06/2024,Comhairleoir F. Kerins (vote 2 of 3),abstain,text,resolved
Cork City,John Maher,24/06/2024,a vote was called for on the nomination to Mayfield Sports Complex where there appeared as follows:- Comhairleoir M — Comhairleoir M. McDonnell,for,text,resolved
Cork City,Joe Kavanagh,24/06/2024,a vote was called for on the nomination to Mayfield Sports Complex where there appeared as follows:- Comhairleoir M — Comhairleoir M. McDonnell,for,text,resolved
Cork City,Margaret McDonnell,24/06/2024,a vote was called for on the nomination to Mayfield Sports Complex where there appeared as follows:- Comhairleoir M — Comhairleoir M. McDonnell,for,text,resolved
Cork City,O. Moran,24/06/2024,a vote was called for on the nomination to Mayfield Sports Complex where there appeared as follows:- Comhairleoir M — Comhairleoir M. McDonnell,for,text,printed_form
Cork City,Tony Fitzgerald,24/06/2024,a vote was called for on the nomination to Mayfield Sports Complex where there appeared as follows:- Comhairleoir M — Comhairleoir M. McDonnell,for,text,resolved
Cork City,Damian Boylan,24/06/2024,a vote was called for on the nomination to Mayfield Sports Complex where there appeared as follows:- Comhairleoir M — Comhairleoir M. McDonnell,for,text,resolved
Cork City,John Sheehan,24/06/2024,a vote was called for on the nomination to Mayfield Sports Complex where there appeared as follows:- Comhairleoir M — Comhairleoir M. McDonnell,for,text,resolved
Cork City,Terry Shannon,24/06/2024,a vote was called for on the nomination to Mayfield Sports Complex where there appeared as follows:- Comhairleoir M — Comhairleoir M. McDonnell,for,text,resolved
Cork City,Kieran McCarthy,24/06/2024,a vote was called for on the nomination to Mayfield Sports Complex where there appeared as follows:- Comhairleoir M — Comhairleoir M. McDonnell,for,text,resolved
Cork City,Mary Rose Desmond,24/06/2024,a vote was called for on the nomination to Mayfield Sports Complex where there appeared as follows:- Comhairleoir M — Comhairleoir M. McDonnell,for,text,resolved
Cork City,Des Cahill,24/06/2024,a vote was called for on the nomination to Mayfield Sports Complex where there appeared as follows:- Comhairleoir M — Comhairleoir M. McDonnell,for,text,resolved
Cork City,H. Kamegni,24/06/2024,a vote was called for on the nomination to Mayfield Sports Complex where there appeared as follows:- Comhairleoir M — Comhairleoir M. McDonnell,for,text,printed_form
Cork City,Peter Horgan,24/06/2024,a vote was called for on the nomination to Mayfield Sports Complex where there appeared as follows:- Comhairleoir M — Comhairleoir M. McDonnell,for,text,resolved
Cork City,Shane O'Callaghan,24/06/2024,a vote was called for on the nomination to Mayfield Sports Complex where there appeared as follows:- Comhairleoir M — Comhairleoir M. McDonnell,for,text,resolved
Cork City,Seán Martin,24/06/2024,a vote was called for on the nomination to Mayfield Sports Complex where there appeared as follows:- Comhairleoir M — Comhairleoir M. McDonnell,for,text,resolved
Cork City,D. Boyle,24/06/2024,a vote was called for on the nomination to Mayfield Sports Complex where there appeared as follows:- Comhairleoir M — Comhairleoir M. McDonnell,for,text,printed_form
Cork City,Fergal Dennehy,24/06/2024,a vote was called for on the nomination to Mayfield Sports Complex where there appeared as follows:- Comhairleoir M — Comhairleoir M. McDonnell,for,text,resolved
Cork City,Garret Kelleher,24/06/2024,a vote was called for on the nomination to Mayfield Sports Complex where there appeared as follows:- Comhairleoir M — Comhairleoir M. McDonnell,for,text,resolved
Cork City,Colm Kelleher,24/06/2024,a vote was called for on the nomination to Mayfield Sports Complex where there appeared as follows:- Comhairleoir M — Comhairleoir M. McDonnell,for,text,resolved
Cork City,Laura Harmon,24/06/2024,a vote was called for on the nomination to Mayfield Sports Complex where there appeared as follows:- Comhairleoir M — Comhairleoir M. McDonnell,for,text,resolved
Cork City,Terry Coleman,24/06/2024,a vote was called for on the nomination to Mayfield Sports Complex where there appeared as follows:- Comhairleoir M — Comhairleoir M. McDonnell,for,text,resolved
Cork City,Albert Deasy,24/06/2024,a vote was called for on the nomination to Mayfield Sports Complex where there appeared as follows:- Comhairleoir M — Comhairleoir M. McDonnell,for,text,resolved
Cork City,Ken O'Flynn,24/06/2024,a vote was called for on the nomination to Mayfield Sports Complex where there appeared as follows:- Comhairleoir M — Comhairleoir M. McDonnell,against,text,resolved
Cork City,Michelle Gould,24/06/2024,a vote was called for on the nomination to Mayfield Sports Complex where there appeared as follows:- Comhairleoir M — Comhairleoir M. McDonnell,against,text,resolved
Cork City,Kenneth Collins,24/06/2024,a vote was called for on the nomination to Mayfield Sports Complex where there appeared as follows:- Comhairleoir M — Comhairleoir M. McDonnell,against,text,resolved
Cork City,Fiona Kerins,24/06/2024,a vote was called for on the nomination to Mayfield Sports Complex where there appeared as follows:- Comhairleoir M — Comhairleoir M. McDonnell,against,text,resolved
Cork City,Paudie Dineen,24/06/2024,a vote was called for on the nomination to Mayfield Sports Complex where there appeared as follows:- Comhairleoir M — Comhairleoir M. McDonnell,against,text,resolved
Cork City,Joe Lynch,24/06/2024,a vote was called for on the nomination to Mayfield Sports Complex where there appeared as follows:- Comhairleoir M — Comhairleoir M. McDonnell,against,text,resolved
Cork City,Pádraig Rice,24/06/2024,a vote was called for on the nomination to Mayfield Sports Complex where there appeared as follows:- Comhairleoir M — Comhairleoir M. McDonnell,abstain,text,resolved
Cork City,John Maher,24/06/2024,a vote was called for on the nomination to Mayfield Sports Complex where there appeared as follows:- Comhairleoir M — Comhairleoir J. Maher,for,text,resolved
Cork City,Joe Kavanagh,24/06/2024,a vote was called for on the nomination to Mayfield Sports Complex where there appeared as follows:- Comhairleoir M — Comhairleoir J. Maher,for,text,resolved
Cork City,Margaret McDonnell,24/06/2024,a vote was called for on the nomination to Mayfield Sports Complex where there appeared as follows:- Comhairleoir M — Comhairleoir J. Maher,for,text,resolved
Cork City,O. Moran,24/06/2024,a vote was called for on the nomination to Mayfield Sports Complex where there appeared as follows:- Comhairleoir M — Comhairleoir J. Maher,for,text,printed_form
Cork City,Tony Fitzgerald,24/06/2024,a vote was called for on the nomination to Mayfield Sports Complex where there appeared as follows:- Comhairleoir M — Comhairleoir J. Maher,for,text,resolved
Cork City,Damian Boylan,24/06/2024,a vote was called for on the nomination to Mayfield Sports Complex where there appeared as follows:- Comhairleoir M — Comhairleoir J. Maher,for,text,resolved
Cork City,John Sheehan,24/06/2024,a vote was called for on the nomination to Mayfield Sports Complex where there appeared as follows:- Comhairleoir M — Comhairleoir J. Maher,for,text,resolved
Cork City,Terry Shannon,24/06/2024,a vote was called for on the nomination to Mayfield Sports Complex where there appeared as follows:- Comhairleoir M — Comhairleoir J. Maher,for,text,resolved
Cork City,Kieran McCarthy,24/06/2024,a vote was called for on the nomination to Mayfield Sports Complex where there appeared as follows:- Comhairleoir M — Comhairleoir J. Maher,for,text,resolved
Cork City,Mary Rose Desmond,24/06/2024,a vote was called for on the nomination to Mayfield Sports Complex where there appeared as follows:- Comhairleoir M — Comhairleoir J. Maher,for,text,resolved
Cork City,Des Cahill,24/06/2024,a vote was called for on the nomination to Mayfield Sports Complex where there appeared as follows:- Comhairleoir M — Comhairleoir J. Maher,for,text,resolved
Cork City,H. Kamegni,24/06/2024,a vote was called for on the nomination to Mayfield Sports Complex where there appeared as follows:- Comhairleoir M — Comhairleoir J. Maher,for,text,printed_form
Cork City,Peter Horgan,24/06/2024,a vote was called for on the nomination to Mayfield Sports Complex where there appeared as follows:- Comhairleoir M — Comhairleoir J. Maher,for,text,resolved
Cork City,Shane O'Callaghan,24/06/2024,a vote was called for on the nomination to Mayfield Sports Complex where there appeared as follows:- Comhairleoir M — Comhairleoir J. Maher,for,text,resolved
Cork City,Seán Martin,24/06/2024,a vote was called for on the nomination to Mayfield Sports Complex where there appeared as follows:- Comhairleoir M — Comhairleoir J. Maher,for,text,resolved
Cork City,Pádraig Rice,24/06/2024,a vote was called for on the nomination to Mayfield Sports Complex where there appeared as follows:- Comhairleoir M — Comhairleoir J. Maher,for,text,resolved
Cork City,D. Boyle,24/06/2024,a vote was called for on the nomination to Mayfield Sports Complex where there appeared as follows:- Comhairleoir M — Comhairleoir J. Maher,for,text,printed_form
Cork City,Fergal Dennehy,24/06/2024,a vote was called for on the nomination to Mayfield Sports Complex where there appeared as follows:- Comhairleoir M — Comhairleoir J. Maher,for,text,resolved
Cork City,Garret Kelleher,24/06/2024,a vote was called for on the nomination to Mayfield Sports Complex where there appeared as follows:- Comhairleoir M — Comhairleoir J. Maher,for,text,resolved
Cork City,Colm Kelleher,24/06/2024,a vote was called for on the nomination to Mayfield Sports Complex where there appeared as follows:- Comhairleoir M — Comhairleoir J. Maher,for,text,resolved
Cork City,Laura Harmon,24/06/2024,a vote was called for on the nomination to Mayfield Sports Complex where there appeared as follows:- Comhairleoir M — Comhairleoir J. Maher,for,text,resolved
Cork City,Terry Coleman,24/06/2024,a vote was called for on the nomination to Mayfield Sports Complex where there appeared as follows:- Comhairleoir M — Comhairleoir J. Maher,for,text,resolved
Cork City,Ken O'Flynn,24/06/2024,a vote was called for on the nomination to Mayfield Sports Complex where there appeared as follows:- Comhairleoir M — Comhairleoir J. Maher,against,text,resolved
Cork City,Michelle Gould,24/06/2024,a vote was called for on the nomination to Mayfield Sports Complex where there appeared as follows:- Comhairleoir M — Comhairleoir J. Maher,against,text,resolved
Cork City,Kenneth Collins,24/06/2024,a vote was called for on the nomination to Mayfield Sports Complex where there appeared as follows:- Comhairleoir M — Comhairleoir J. Maher,against,text,resolved
Cork City,Fiona Kerins,24/06/2024,a vote was called for on the nomination to Mayfield Sports Complex where there appeared as follows:- Comhairleoir M — Comhairleoir J. Maher,against,text,resolved
Cork City,Paudie Dineen,24/06/2024,a vote was called for on the nomination to Mayfield Sports Complex where there appeared as follows:- Comhairleoir M — Comhairleoir J. Maher,against,text,resolved
Cork City,Joe Lynch,24/06/2024,a vote was called for on the nomination to Mayfield Sports Complex where there appeared as follows:- Comhairleoir M — Comhairleoir J. Maher,against,text,resolved
Cork City,Albert Deasy,24/06/2024,a vote was called for on the nomination to Mayfield Sports Complex where there appeared as follows:- Comhairleoir M — Comhairleoir J. Maher,against,text,resolved
Cork City,John Maher,24/06/2024,Comhairleoir J. Kavanagh (vote 2 of 3),for,text,resolved
Cork City,Joe Kavanagh,24/06/2024,Comhairleoir J. Kavanagh (vote 2 of 3),for,text,resolved
Cork City,Margaret McDonnell,24/06/2024,Comhairleoir J. Kavanagh (vote 2 of 3),for,text,resolved
Cork City,O. Moran,24/06/2024,Comhairleoir J. Kavanagh (vote 2 of 3),for,text,printed_form
Cork City,Tony Fitzgerald,24/06/2024,Comhairleoir J. Kavanagh (vote 2 of 3),for,text,resolved
Cork City,Damian Boylan,24/06/2024,Comhairleoir J. Kavanagh (vote 2 of 3),for,text,resolved
Cork City,John Sheehan,24/06/2024,Comhairleoir J. Kavanagh (vote 2 of 3),for,text,resolved
Cork City,Terry Shannon,24/06/2024,Comhairleoir J. Kavanagh (vote 2 of 3),for,text,resolved
Cork City,Kieran McCarthy,24/06/2024,Comhairleoir J. Kavanagh (vote 2 of 3),for,text,resolved
Cork City,Mary Rose Desmond,24/06/2024,Comhairleoir J. Kavanagh (vote 2 of 3),for,text,resolved
Cork City,Des Cahill,24/06/2024,Comhairleoir J. Kavanagh (vote 2 of 3),for,text,resolved
Cork City,H. Kamegni,24/06/2024,Comhairleoir J. Kavanagh (vote 2 of 3),for,text,printed_form
Cork City,Peter Horgan,24/06/2024,Comhairleoir J. Kavanagh (vote 2 of 3),for,text,resolved
Cork City,Shane O'Callaghan,24/06/2024,Comhairleoir J. Kavanagh (vote 2 of 3),for,text,resolved
Cork City,Seán Martin,24/06/2024,Comhairleoir J. Kavanagh (vote 2 of 3),for,text,resolved
Cork City,Pádraig Rice,24/06/2024,Comhairleoir J. Kavanagh (vote 2 of 3),for,text,resolved
Cork City,D. Boyle,24/06/2024,Comhairleoir J. Kavanagh (vote 2 of 3),for,text,printed_form
Cork City,Fergal Dennehy,24/06/2024,Comhairleoir J. Kavanagh (vote 2 of 3),for,text,resolved
Cork City,Garret Kelleher,24/06/2024,Comhairleoir J. Kavanagh (vote 2 of 3),for,text,resolved
Cork City,Colm Kelleher,24/06/2024,Comhairleoir J. Kavanagh (vote 2 of 3),for,text,resolved
Cork City,Laura Harmon,24/06/2024,Comhairleoir J. Kavanagh (vote 2 of 3),for,text,resolved
Cork City,Terry Coleman,24/06/2024,Comhairleoir J. Kavanagh (vote 2 of 3),for,text,resolved
Cork City,Ken O'Flynn,24/06/2024,Comhairleoir J. Kavanagh (vote 2 of 3),against,text,resolved
Cork City,Michelle Gould,24/06/2024,Comhairleoir J. Kavanagh (vote 2 of 3),against,text,resolved
Cork City,Kenneth Collins,24/06/2024,Comhairleoir J. Kavanagh (vote 2 of 3),against,text,resolved
Cork City,Fiona Kerins,24/06/2024,Comhairleoir J. Kavanagh (vote 2 of 3),against,text,resolved
Cork City,Paudie Dineen,24/06/2024,Comhairleoir J. Kavanagh (vote 2 of 3),against,text,resolved
Cork City,Joe Lynch,24/06/2024,Comhairleoir J. Kavanagh (vote 2 of 3),against,text,resolved
Cork City,Albert Deasy,24/06/2024,Comhairleoir J. Kavanagh (vote 2 of 3),against,text,resolved
Cork City,Ken O'Flynn,24/06/2024,Comhairleoir K. Collins (vote 2 of 3),for,text,resolved
Cork City,Michelle Gould,24/06/2024,Comhairleoir K. Collins (vote 2 of 3),for,text,resolved
Cork City,Kenneth Collins,24/06/2024,Comhairleoir K. Collins (vote 2 of 3),for,text,resolved
Cork City,Pádraig Rice,24/06/2024,Comhairleoir K. Collins (vote 2 of 3),for,text,resolved
Cork City,Fiona Kerins,24/06/2024,Comhairleoir K. Collins (vote 2 of 3),for,text,resolved
Cork City,Paudie Dineen,24/06/2024,Comhairleoir K. Collins (vote 2 of 3),for,text,resolved
Cork City,Joe Lynch,24/06/2024,Comhairleoir K. Collins (vote 2 of 3),for,text,resolved
Cork City,John Maher,24/06/2024,Comhairleoir K. Collins (vote 2 of 3),against,text,resolved
Cork City,Joe Kavanagh,24/06/2024,Comhairleoir K. Collins (vote 2 of 3),against,text,resolved
Cork City,Margaret McDonnell,24/06/2024,Comhairleoir K. Collins (vote 2 of 3),against,text,resolved
Cork City,O. Moran,24/06/2024,Comhairleoir K. Collins (vote 2 of 3),against,text,printed_form
Cork City,Tony Fitzgerald,24/06/2024,Comhairleoir K. Collins (vote 2 of 3),against,text,resolved
Cork City,Damian Boylan,24/06/2024,Comhairleoir K. Collins (vote 2 of 3),against,text,resolved
Cork City,John Sheehan,24/06/2024,Comhairleoir K. Collins (vote 2 of 3),against,text,resolved
Cork City,Terry Shannon,24/06/2024,Comhairleoir K. Collins (vote 2 of 3),against,text,resolved
Cork City,Mary Rose Desmond,24/06/2024,Comhairleoir K. Collins (vote 2 of 3),against,text,resolved
Cork City,Des Cahill,24/06/2024,Comhairleoir K. Collins (vote 2 of 3),against,text,resolved
Cork City,H. Kamegni,24/06/2024,Comhairleoir K. Collins (vote 2 of 3),against,text,printed_form
Cork City,Peter Horgan,24/06/2024,Comhairleoir K. Collins (vote 2 of 3),against,text,resolved
Cork City,Shane O'Callaghan,24/06/2024,Comhairleoir K. Collins (vote 2 of 3),against,text,resolved
Cork City,Seán Martin,24/06/2024,Comhairleoir K. Collins (vote 2 of 3),against,text,resolved
Cork City,Fergal Dennehy,24/06/2024,Comhairleoir K. Collins (vote 2 of 3),against,text,resolved
Cork City,Garret Kelleher,24/06/2024,Comhairleoir K. Collins (vote 2 of 3),against,text,resolved
Cork City,Colm Kelleher,24/06/2024,Comhairleoir K. Collins (vote 2 of 3),against,text,resolved
Cork City,Laura Harmon,24/06/2024,Comhairleoir K. Collins (vote 2 of 3),against,text,resolved
Cork City,Terry Coleman,24/06/2024,Comhairleoir K. Collins (vote 2 of 3),against,text,resolved
Cork City,Albert Deasy,24/06/2024,Comhairleoir K. Collins (vote 2 of 3),against,text,resolved
Cork City,Kieran McCarthy,24/06/2024,Comhairleoir K. Collins (vote 2 of 3),abstain,text,resolved
Cork City,D. Boyle,24/06/2024,Comhairleoir K. Collins (vote 2 of 3),abstain,text,printed_form
Cork City,John Maher,24/06/2024,a vote was called for on the nomination to the Board of the Opera House where there appeared as follows:- Comhairleoir S — Comhairleoir S. Martin,for,text,resolved
Cork City,Joe Kavanagh,24/06/2024,a vote was called for on the nomination to the Board of the Opera House where there appeared as follows:- Comhairleoir S — Comhairleoir S. Martin,for,text,resolved
Cork City,Margaret McDonnell,24/06/2024,a vote was called for on the nomination to the Board of the Opera House where there appeared as follows:- Comhairleoir S — Comhairleoir S. Martin,for,text,resolved
Cork City,O. Moran,24/06/2024,a vote was called for on the nomination to the Board of the Opera House where there appeared as follows:- Comhairleoir S — Comhairleoir S. Martin,for,text,printed_form
Cork City,Tony Fitzgerald,24/06/2024,a vote was called for on the nomination to the Board of the Opera House where there appeared as follows:- Comhairleoir S — Comhairleoir S. Martin,for,text,resolved
Cork City,Damian Boylan,24/06/2024,a vote was called for on the nomination to the Board of the Opera House where there appeared as follows:- Comhairleoir S — Comhairleoir S. Martin,for,text,resolved
Cork City,John Sheehan,24/06/2024,a vote was called for on the nomination to the Board of the Opera House where there appeared as follows:- Comhairleoir S — Comhairleoir S. Martin,for,text,resolved
Cork City,Terry Shannon,24/06/2024,a vote was called for on the nomination to the Board of the Opera House where there appeared as follows:- Comhairleoir S — Comhairleoir S. Martin,for,text,resolved
Cork City,Kieran McCarthy,24/06/2024,a vote was called for on the nomination to the Board of the Opera House where there appeared as follows:- Comhairleoir S — Comhairleoir S. Martin,for,text,resolved
Cork City,Mary Rose Desmond,24/06/2024,a vote was called for on the nomination to the Board of the Opera House where there appeared as follows:- Comhairleoir S — Comhairleoir S. Martin,for,text,resolved
Cork City,Des Cahill,24/06/2024,a vote was called for on the nomination to the Board of the Opera House where there appeared as follows:- Comhairleoir S — Comhairleoir S. Martin,for,text,resolved
Cork City,H. Kamegni,24/06/2024,a vote was called for on the nomination to the Board of the Opera House where there appeared as follows:- Comhairleoir S — Comhairleoir S. Martin,for,text,printed_form
Cork City,Peter Horgan,24/06/2024,a vote was called for on the nomination to the Board of the Opera House where there appeared as follows:- Comhairleoir S — Comhairleoir S. Martin,for,text,resolved
Cork City,Shane O'Callaghan,24/06/2024,a vote was called for on the nomination to the Board of the Opera House where there appeared as follows:- Comhairleoir S — Comhairleoir S. Martin,for,text,resolved
Cork City,Seán Martin,24/06/2024,a vote was called for on the nomination to the Board of the Opera House where there appeared as follows:- Comhairleoir S — Comhairleoir S. Martin,for,text,resolved
Cork City,D. Boyle,24/06/2024,a vote was called for on the nomination to the Board of the Opera House where there appeared as follows:- Comhairleoir S — Comhairleoir S. Martin,for,text,printed_form
Cork City,Fergal Dennehy,24/06/2024,a vote was called for on the nomination to the Board of the Opera House where there appeared as follows:- Comhairleoir S — Comhairleoir S. Martin,for,text,resolved
Cork City,Garret Kelleher,24/06/2024,a vote was called for on the nomination to the Board of the Opera House where there appeared as follows:- Comhairleoir S — Comhairleoir S. Martin,for,text,resolved
Cork City,Colm Kelleher,24/06/2024,a vote was called for on the nomination to the Board of the Opera House where there appeared as follows:- Comhairleoir S — Comhairleoir S. Martin,for,text,resolved
Cork City,Laura Harmon,24/06/2024,a vote was called for on the nomination to the Board of the Opera House where there appeared as follows:- Comhairleoir S — Comhairleoir S. Martin,for,text,resolved
Cork City,Terry Coleman,24/06/2024,a vote was called for on the nomination to the Board of the Opera House where there appeared as follows:- Comhairleoir S — Comhairleoir S. Martin,for,text,resolved
Cork City,Albert Deasy,24/06/2024,a vote was called for on the nomination to the Board of the Opera House where there appeared as follows:- Comhairleoir S — Comhairleoir S. Martin,for,text,resolved
Cork City,Ken O'Flynn,24/06/2024,a vote was called for on the nomination to the Board of the Opera House where there appeared as follows:- Comhairleoir S — Comhairleoir S. Martin,against,text,resolved
Cork City,Michelle Gould,24/06/2024,a vote was called for on the nomination to the Board of the Opera House where there appeared as follows:- Comhairleoir S — Comhairleoir S. Martin,against,text,resolved
Cork City,Kenneth Collins,24/06/2024,a vote was called for on the nomination to the Board of the Opera House where there appeared as follows:- Comhairleoir S — Comhairleoir S. Martin,against,text,resolved
Cork City,Fiona Kerins,24/06/2024,a vote was called for on the nomination to the Board of the Opera House where there appeared as follows:- Comhairleoir S — Comhairleoir S. Martin,against,text,resolved
Cork City,Joe Lynch,24/06/2024,a vote was called for on the nomination to the Board of the Opera House where there appeared as follows:- Comhairleoir S — Comhairleoir S. Martin,against,text,resolved
Cork City,Pádraig Rice,24/06/2024,a vote was called for on the nomination to the Board of the Opera House where there appeared as follows:- Comhairleoir S — Comhairleoir S. Martin,abstain,text,resolved
Cork City,John Maher,24/06/2024,a vote was called for on the nomination to the Board of the Opera House where there appeared as follows:- Comhairleoir S — Comhairleoir T. Shannon,for,text,resolved
Cork City,Joe Kavanagh,24/06/2024,a vote was called for on the nomination to the Board of the Opera House where there appeared as follows:- Comhairleoir S — Comhairleoir T. Shannon,for,text,resolved
Cork City,Margaret McDonnell,24/06/2024,a vote was called for on the nomination to the Board of the Opera House where there appeared as follows:- Comhairleoir S — Comhairleoir T. Shannon,for,text,resolved
Cork City,O. Moran,24/06/2024,a vote was called for on the nomination to the Board of the Opera House where there appeared as follows:- Comhairleoir S — Comhairleoir T. Shannon,for,text,printed_form
Cork City,Tony Fitzgerald,24/06/2024,a vote was called for on the nomination to the Board of the Opera House where there appeared as follows:- Comhairleoir S — Comhairleoir T. Shannon,for,text,resolved
Cork City,Damian Boylan,24/06/2024,a vote was called for on the nomination to the Board of the Opera House where there appeared as follows:- Comhairleoir S — Comhairleoir T. Shannon,for,text,resolved
Cork City,John Sheehan,24/06/2024,a vote was called for on the nomination to the Board of the Opera House where there appeared as follows:- Comhairleoir S — Comhairleoir T. Shannon,for,text,resolved
Cork City,Terry Shannon,24/06/2024,a vote was called for on the nomination to the Board of the Opera House where there appeared as follows:- Comhairleoir S — Comhairleoir T. Shannon,for,text,resolved
Cork City,Kieran McCarthy,24/06/2024,a vote was called for on the nomination to the Board of the Opera House where there appeared as follows:- Comhairleoir S — Comhairleoir T. Shannon,for,text,resolved
Cork City,Mary Rose Desmond,24/06/2024,a vote was called for on the nomination to the Board of the Opera House where there appeared as follows:- Comhairleoir S — Comhairleoir T. Shannon,for,text,resolved
Cork City,Des Cahill,24/06/2024,a vote was called for on the nomination to the Board of the Opera House where there appeared as follows:- Comhairleoir S — Comhairleoir T. Shannon,for,text,resolved
Cork City,H. Kamegni,24/06/2024,a vote was called for on the nomination to the Board of the Opera House where there appeared as follows:- Comhairleoir S — Comhairleoir T. Shannon,for,text,printed_form
Cork City,Peter Horgan,24/06/2024,a vote was called for on the nomination to the Board of the Opera House where there appeared as follows:- Comhairleoir S — Comhairleoir T. Shannon,for,text,resolved
Cork City,Shane O'Callaghan,24/06/2024,a vote was called for on the nomination to the Board of the Opera House where there appeared as follows:- Comhairleoir S — Comhairleoir T. Shannon,for,text,resolved
Cork City,Seán Martin,24/06/2024,a vote was called for on the nomination to the Board of the Opera House where there appeared as follows:- Comhairleoir S — Comhairleoir T. Shannon,for,text,resolved
Cork City,D. Boyle,24/06/2024,a vote was called for on the nomination to the Board of the Opera House where there appeared as follows:- Comhairleoir S — Comhairleoir T. Shannon,for,text,printed_form
Cork City,Fergal Dennehy,24/06/2024,a vote was called for on the nomination to the Board of the Opera House where there appeared as follows:- Comhairleoir S — Comhairleoir T. Shannon,for,text,resolved
Cork City,Garret Kelleher,24/06/2024,a vote was called for on the nomination to the Board of the Opera House where there appeared as follows:- Comhairleoir S — Comhairleoir T. Shannon,for,text,resolved
Cork City,Colm Kelleher,24/06/2024,a vote was called for on the nomination to the Board of the Opera House where there appeared as follows:- Comhairleoir S — Comhairleoir T. Shannon,for,text,resolved
Cork City,Laura Harmon,24/06/2024,a vote was called for on the nomination to the Board of the Opera House where there appeared as follows:- Comhairleoir S — Comhairleoir T. Shannon,for,text,resolved
Cork City,Terry Coleman,24/06/2024,a vote was called for on the nomination to the Board of the Opera House where there appeared as follows:- Comhairleoir S — Comhairleoir T. Shannon,for,text,resolved
Cork City,Ken O'Flynn,24/06/2024,a vote was called for on the nomination to the Board of the Opera House where there appeared as follows:- Comhairleoir S — Comhairleoir T. Shannon,against,text,resolved
Cork City,Michelle Gould,24/06/2024,a vote was called for on the nomination to the Board of the Opera House where there appeared as follows:- Comhairleoir S — Comhairleoir T. Shannon,against,text,resolved
Cork City,Kenneth Collins,24/06/2024,a vote was called for on the nomination to the Board of the Opera House where there appeared as follows:- Comhairleoir S — Comhairleoir T. Shannon,against,text,resolved
Cork City,Fiona Kerins,24/06/2024,a vote was called for on the nomination to the Board of the Opera House where there appeared as follows:- Comhairleoir S — Comhairleoir T. Shannon,against,text,resolved
Cork City,Joe Lynch,24/06/2024,a vote was called for on the nomination to the Board of the Opera House where there appeared as follows:- Comhairleoir S — Comhairleoir T. Shannon,against,text,resolved
Cork City,Albert Deasy,24/06/2024,a vote was called for on the nomination to the Board of the Opera House where there appeared as follows:- Comhairleoir S — Comhairleoir T. Shannon,against,text,resolved
Cork City,Pádraig Rice,24/06/2024,a vote was called for on the nomination to the Board of the Opera House where there appeared as follows:- Comhairleoir S — Comhairleoir T. Shannon,abstain,text,resolved
Cork City,John Maher,24/06/2024,Comhairleoir M.R. Desmond,for,text,resolved
Cork City,Joe Kavanagh,24/06/2024,Comhairleoir M.R. Desmond,for,text,resolved
Cork City,Margaret McDonnell,24/06/2024,Comhairleoir M.R. Desmond,for,text,resolved
Cork City,O. Moran,24/06/2024,Comhairleoir M.R. Desmond,for,text,printed_form
Cork City,Tony Fitzgerald,24/06/2024,Comhairleoir M.R. Desmond,for,text,resolved
Cork City,Damian Boylan,24/06/2024,Comhairleoir M.R. Desmond,for,text,resolved
Cork City,John Sheehan,24/06/2024,Comhairleoir M.R. Desmond,for,text,resolved
Cork City,Terry Shannon,24/06/2024,Comhairleoir M.R. Desmond,for,text,resolved
Cork City,Kieran McCarthy,24/06/2024,Comhairleoir M.R. Desmond,for,text,resolved
Cork City,Mary Rose Desmond,24/06/2024,Comhairleoir M.R. Desmond,for,text,resolved
Cork City,Des Cahill,24/06/2024,Comhairleoir M.R. Desmond,for,text,resolved
Cork City,H. Kamegni,24/06/2024,Comhairleoir M.R. Desmond,for,text,printed_form
Cork City,Peter Horgan,24/06/2024,Comhairleoir M.R. Desmond,for,text,resolved
Cork City,Shane O'Callaghan,24/06/2024,Comhairleoir M.R. Desmond,for,text,resolved
Cork City,Seán Martin,24/06/2024,Comhairleoir M.R. Desmond,for,text,resolved
Cork City,D. Boyle,24/06/2024,Comhairleoir M.R. Desmond,for,text,printed_form
Cork City,Fergal Dennehy,24/06/2024,Comhairleoir M.R. Desmond,for,text,resolved
Cork City,Garret Kelleher,24/06/2024,Comhairleoir M.R. Desmond,for,text,resolved
Cork City,Colm Kelleher,24/06/2024,Comhairleoir M.R. Desmond,for,text,resolved
Cork City,Laura Harmon,24/06/2024,Comhairleoir M.R. Desmond,for,text,resolved
Cork City,Terry Coleman,24/06/2024,Comhairleoir M.R. Desmond,for,text,resolved
Cork City,Ken O'Flynn,24/06/2024,Comhairleoir M.R. Desmond,against,text,resolved
Cork City,Michelle Gould,24/06/2024,Comhairleoir M.R. Desmond,against,text,resolved
Cork City,Kenneth Collins,24/06/2024,Comhairleoir M.R. Desmond,against,text,resolved
Cork City,Fiona Kerins,24/06/2024,Comhairleoir M.R. Desmond,against,text,resolved
Cork City,Joe Lynch,24/06/2024,Comhairleoir M.R. Desmond,against,text,resolved
Cork City,Albert Deasy,24/06/2024,Comhairleoir M.R. Desmond,against,text,resolved
Cork City,Pádraig Rice,24/06/2024,Comhairleoir M.R. Desmond,abstain,text,resolved
Cork City,John Maher,24/06/2024,Comhairleoir J. Kavanagh (vote 3 of 3),for,text,resolved
Cork City,Joe Kavanagh,24/06/2024,Comhairleoir J. Kavanagh (vote 3 of 3),for,text,resolved
Cork City,Margaret McDonnell,24/06/2024,Comhairleoir J. Kavanagh (vote 3 of 3),for,text,resolved
Cork City,O. Moran,24/06/2024,Comhairleoir J. Kavanagh (vote 3 of 3),for,text,printed_form
Cork City,Tony Fitzgerald,24/06/2024,Comhairleoir J. Kavanagh (vote 3 of 3),for,text,resolved
Cork City,Damian Boylan,24/06/2024,Comhairleoir J. Kavanagh (vote 3 of 3),for,text,resolved
Cork City,John Sheehan,24/06/2024,Comhairleoir J. Kavanagh (vote 3 of 3),for,text,resolved
Cork City,Terry Shannon,24/06/2024,Comhairleoir J. Kavanagh (vote 3 of 3),for,text,resolved
Cork City,Kieran McCarthy,24/06/2024,Comhairleoir J. Kavanagh (vote 3 of 3),for,text,resolved
Cork City,Mary Rose Desmond,24/06/2024,Comhairleoir J. Kavanagh (vote 3 of 3),for,text,resolved
Cork City,Des Cahill,24/06/2024,Comhairleoir J. Kavanagh (vote 3 of 3),for,text,resolved
Cork City,H. Kamegni,24/06/2024,Comhairleoir J. Kavanagh (vote 3 of 3),for,text,printed_form
Cork City,Peter Horgan,24/06/2024,Comhairleoir J. Kavanagh (vote 3 of 3),for,text,resolved
Cork City,Shane O'Callaghan,24/06/2024,Comhairleoir J. Kavanagh (vote 3 of 3),for,text,resolved
Cork City,Seán Martin,24/06/2024,Comhairleoir J. Kavanagh (vote 3 of 3),for,text,resolved
Cork City,D. Boyle,24/06/2024,Comhairleoir J. Kavanagh (vote 3 of 3),for,text,printed_form
Cork City,Fergal Dennehy,24/06/2024,Comhairleoir J. Kavanagh (vote 3 of 3),for,text,resolved
Cork City,Garret Kelleher,24/06/2024,Comhairleoir J. Kavanagh (vote 3 of 3),for,text,resolved
Cork City,Colm Kelleher,24/06/2024,Comhairleoir J. Kavanagh (vote 3 of 3),for,text,resolved
Cork City,Laura Harmon,24/06/2024,Comhairleoir J. Kavanagh (vote 3 of 3),for,text,resolved
Cork City,Terry Coleman,24/06/2024,Comhairleoir J. Kavanagh (vote 3 of 3),for,text,resolved
Cork City,Albert Deasy,24/06/2024,Comhairleoir J. Kavanagh (vote 3 of 3),for,text,resolved
Cork City,Ken O'Flynn,24/06/2024,Comhairleoir J. Kavanagh (vote 3 of 3),against,text,resolved
Cork City,Michelle Gould,24/06/2024,Comhairleoir J. Kavanagh (vote 3 of 3),against,text,resolved
Cork City,Kenneth Collins,24/06/2024,Comhairleoir J. Kavanagh (vote 3 of 3),against,text,resolved
Cork City,Fiona Kerins,24/06/2024,Comhairleoir J. Kavanagh (vote 3 of 3),against,text,resolved
Cork City,Joe Lynch,24/06/2024,Comhairleoir J. Kavanagh (vote 3 of 3),against,text,resolved
Cork City,Pádraig Rice,24/06/2024,Comhairleoir J. Kavanagh (vote 3 of 3),abstain,text,resolved
Cork City,Ken O'Flynn,24/06/2024,Comhairleoir D. Cahill (vote 2 of 3),for,text,resolved
Cork City,John Maher,24/06/2024,Comhairleoir D. Cahill (vote 2 of 3),for,text,resolved
Cork City,Joe Kavanagh,24/06/2024,Comhairleoir D. Cahill (vote 2 of 3),for,text,resolved
Cork City,Margaret McDonnell,24/06/2024,Comhairleoir D. Cahill (vote 2 of 3),for,text,resolved
Cork City,O. Moran,24/06/2024,Comhairleoir D. Cahill (vote 2 of 3),for,text,printed_form
Cork City,Tony Fitzgerald,24/06/2024,Comhairleoir D. Cahill (vote 2 of 3),for,text,resolved
Cork City,Damian Boylan,24/06/2024,Comhairleoir D. Cahill (vote 2 of 3),for,text,resolved
Cork City,John Sheehan,24/06/2024,Comhairleoir D. Cahill (vote 2 of 3),for,text,resolved
Cork City,Terry Shannon,24/06/2024,Comhairleoir D. Cahill (vote 2 of 3),for,text,resolved
Cork City,Kieran McCarthy,24/06/2024,Comhairleoir D. Cahill (vote 2 of 3),for,text,resolved
Cork City,Mary Rose Desmond,24/06/2024,Comhairleoir D. Cahill (vote 2 of 3),for,text,resolved
Cork City,Des Cahill,24/06/2024,Comhairleoir D. Cahill (vote 2 of 3),for,text,resolved
Cork City,H. Kamegni,24/06/2024,Comhairleoir D. Cahill (vote 2 of 3),for,text,printed_form
Cork City,Peter Horgan,24/06/2024,Comhairleoir D. Cahill (vote 2 of 3),for,text,resolved
Cork City,Shane O'Callaghan,24/06/2024,Comhairleoir D. Cahill (vote 2 of 3),for,text,resolved
Cork City,Seán Martin,24/06/2024,Comhairleoir D. Cahill (vote 2 of 3),for,text,resolved
Cork City,D. Boyle,24/06/2024,Comhairleoir D. Cahill (vote 2 of 3),for,text,printed_form
Cork City,Fergal Dennehy,24/06/2024,Comhairleoir D. Cahill (vote 2 of 3),for,text,resolved
Cork City,Garret Kelleher,24/06/2024,Comhairleoir D. Cahill (vote 2 of 3),for,text,resolved
Cork City,Colm Kelleher,24/06/2024,Comhairleoir D. Cahill (vote 2 of 3),for,text,resolved
Cork City,Laura Harmon,24/06/2024,Comhairleoir D. Cahill (vote 2 of 3),for,text,resolved
Cork City,Terry Coleman,24/06/2024,Comhairleoir D. Cahill (vote 2 of 3),for,text,resolved
Cork City,Albert Deasy,24/06/2024,Comhairleoir D. Cahill (vote 2 of 3),for,text,resolved
Cork City,Michelle Gould,24/06/2024,Comhairleoir D. Cahill (vote 2 of 3),against,text,resolved
Cork City,Kenneth Collins,24/06/2024,Comhairleoir D. Cahill (vote 2 of 3),against,text,resolved
Cork City,Fiona Kerins,24/06/2024,Comhairleoir D. Cahill (vote 2 of 3),against,text,resolved
Cork City,Joe Lynch,24/06/2024,Comhairleoir D. Cahill (vote 2 of 3),against,text,resolved
Cork City,Pádraig Rice,24/06/2024,Comhairleoir D. Cahill (vote 2 of 3),abstain,text,resolved
Cork City,Ken O'Flynn,24/06/2024,Comhairleoir J. Lynch (vote 2 of 2),for,text,resolved
Cork City,Michelle Gould,24/06/2024,Comhairleoir J. Lynch (vote 2 of 2),for,text,resolved
Cork City,Kenneth Collins,24/06/2024,Comhairleoir J. Lynch (vote 2 of 2),for,text,resolved
Cork City,Fiona Kerins,24/06/2024,Comhairleoir J. Lynch (vote 2 of 2),for,text,resolved
Cork City,Joe Lynch,24/06/2024,Comhairleoir J. Lynch (vote 2 of 2),for,text,resolved
Cork City,Albert Deasy,24/06/2024,Comhairleoir J. Lynch (vote 2 of 2),for,text,resolved
Cork City,John Maher,24/06/2024,Comhairleoir J. Lynch (vote 2 of 2),against,text,resolved
Cork City,Joe Kavanagh,24/06/2024,Comhairleoir J. Lynch (vote 2 of 2),against,text,resolved
Cork City,Margaret McDonnell,24/06/2024,Comhairleoir J. Lynch (vote 2 of 2),against,text,resolved
Cork City,O. Moran,24/06/2024,Comhairleoir J. Lynch (vote 2 of 2),against,text,printed_form
Cork City,Tony Fitzgerald,24/06/2024,Comhairleoir J. Lynch (vote 2 of 2),against,text,resolved
Cork City,Damian Boylan,24/06/2024,Comhairleoir J. Lynch (vote 2 of 2),against,text,resolved
Cork City,John Sheehan,24/06/2024,Comhairleoir J. Lynch (vote 2 of 2),against,text,resolved
Cork City,Terry Shannon,24/06/2024,Comhairleoir J. Lynch (vote 2 of 2),against,text,resolved
Cork City,Mary Rose Desmond,24/06/2024,Comhairleoir J. Lynch (vote 2 of 2),against,text,resolved
Cork City,Des Cahill,24/06/2024,Comhairleoir J. Lynch (vote 2 of 2),against,text,resolved
Cork City,Kamegni,24/06/2024,Comhairleoir J. Lynch (vote 2 of 2),against,text,printed_form
Cork City,Peter Horgan,24/06/2024,Comhairleoir J. Lynch (vote 2 of 2),against,text,resolved
Cork City,Shane O'Callaghan,24/06/2024,Comhairleoir J. Lynch (vote 2 of 2),against,text,resolved
Cork City,Seán Martin,24/06/2024,Comhairleoir J. Lynch (vote 2 of 2),against,text,resolved
Cork City,Fergal Dennehy,24/06/2024,Comhairleoir J. Lynch (vote 2 of 2),against,text,resolved
Cork City,Garret Kelleher,24/06/2024,Comhairleoir J. Lynch (vote 2 of 2),against,text,resolved
Cork City,Colm Kelleher,24/06/2024,Comhairleoir J. Lynch (vote 2 of 2),against,text,resolved
Cork City,Terry Coleman,24/06/2024,Comhairleoir J. Lynch (vote 2 of 2),against,text,resolved
Cork City,Kieran McCarthy,24/06/2024,Comhairleoir J. Lynch (vote 2 of 2),abstain,text,resolved
Cork City,Pádraig Rice,24/06/2024,Comhairleoir J. Lynch (vote 2 of 2),abstain,text,resolved
Cork City,D. Boyle,24/06/2024,Comhairleoir J. Lynch (vote 2 of 2),abstain,text,printed_form
Cork City,Laura Harmon,24/06/2024,Comhairleoir J. Lynch (vote 2 of 2),abstain,text,resolved
Cork City,Ken O'Flynn,24/06/2024,Comhairleoir F. Kerins (vote 3 of 3),for,text,resolved
Cork City,Michelle Gould,24/06/2024,Comhairleoir F. Kerins (vote 3 of 3),for,text,resolved
Cork City,Kenneth Collins,24/06/2024,Comhairleoir F. Kerins (vote 3 of 3),for,text,resolved
Cork City,Fiona Kerins,24/06/2024,Comhairleoir F. Kerins (vote 3 of 3),for,text,resolved
Cork City,Joe Lynch,24/06/2024,Comhairleoir F. Kerins (vote 3 of 3),for,text,resolved
Cork City,Albert Deasy,24/06/2024,Comhairleoir F. Kerins (vote 3 of 3),for,text,resolved
Cork City,John Maher,24/06/2024,Comhairleoir F. Kerins (vote 3 of 3),against,text,resolved
Cork City,Joe Kavanagh,24/06/2024,Comhairleoir F. Kerins (vote 3 of 3),against,text,resolved
Cork City,Margaret McDonnell,24/06/2024,Comhairleoir F. Kerins (vote 3 of 3),against,text,resolved
Cork City,O. Moran,24/06/2024,Comhairleoir F. Kerins (vote 3 of 3),against,text,printed_form
Cork City,Tony Fitzgerald,24/06/2024,Comhairleoir F. Kerins (vote 3 of 3),against,text,resolved
Cork City,Damian Boylan,24/06/2024,Comhairleoir F. Kerins (vote 3 of 3),against,text,resolved
Cork City,John Sheehan,24/06/2024,Comhairleoir F. Kerins (vote 3 of 3),against,text,resolved
Cork City,Terry Shannon,24/06/2024,Comhairleoir F. Kerins (vote 3 of 3),against,text,resolved
Cork City,Mary Rose Desmond,24/06/2024,Comhairleoir F. Kerins (vote 3 of 3),against,text,resolved
Cork City,Des Cahill,24/06/2024,Comhairleoir F. Kerins (vote 3 of 3),against,text,resolved
Cork City,Kamegni,24/06/2024,Comhairleoir F. Kerins (vote 3 of 3),against,text,printed_form
Cork City,Peter Horgan,24/06/2024,Comhairleoir F. Kerins (vote 3 of 3),against,text,resolved
Cork City,Shane O'Callaghan,24/06/2024,Comhairleoir F. Kerins (vote 3 of 3),against,text,resolved
Cork City,Seán Martin,24/06/2024,Comhairleoir F. Kerins (vote 3 of 3),against,text,resolved
Cork City,Fergal Dennehy,24/06/2024,Comhairleoir F. Kerins (vote 3 of 3),against,text,resolved
Cork City,Garret Kelleher,24/06/2024,Comhairleoir F. Kerins (vote 3 of 3),against,text,resolved
Cork City,Colm Kelleher,24/06/2024,Comhairleoir F. Kerins (vote 3 of 3),against,text,resolved
Cork City,Terry Coleman,24/06/2024,Comhairleoir F. Kerins (vote 3 of 3),against,text,resolved
Cork City,Kieran McCarthy,24/06/2024,Comhairleoir F. Kerins (vote 3 of 3),abstain,text,resolved
Cork City,Pádraig Rice,24/06/2024,Comhairleoir F. Kerins (vote 3 of 3),abstain,text,resolved
Cork City,D. Boyle,24/06/2024,Comhairleoir F. Kerins (vote 3 of 3),abstain,text,printed_form
Cork City,Laura Harmon,24/06/2024,Comhairleoir F. Kerins (vote 3 of 3),abstain,text,resolved
Cork City,John Maher,24/06/2024,a vote was called for on the nomination to the Healthy Cities Steering Group where there appeared as follows:- Comhairleoir T — Comhairleoir T. Fitzgerald,for,text,resolved
Cork City,Joe Kavanagh,24/06/2024,a vote was called for on the nomination to the Healthy Cities Steering Group where there appeared as follows:- Comhairleoir T — Comhairleoir T. Fitzgerald,for,text,resolved
Cork City,Margaret McDonnell,24/06/2024,a vote was called for on the nomination to the Healthy Cities Steering Group where there appeared as follows:- Comhairleoir T — Comhairleoir T. Fitzgerald,for,text,resolved
Cork City,O. Moran,24/06/2024,a vote was called for on the nomination to the Healthy Cities Steering Group where there appeared as follows:- Comhairleoir T — Comhairleoir T. Fitzgerald,for,text,printed_form
Cork City,Tony Fitzgerald,24/06/2024,a vote was called for on the nomination to the Healthy Cities Steering Group where there appeared as follows:- Comhairleoir T — Comhairleoir T. Fitzgerald,for,text,resolved
Cork City,Damian Boylan,24/06/2024,a vote was called for on the nomination to the Healthy Cities Steering Group where there appeared as follows:- Comhairleoir T — Comhairleoir T. Fitzgerald,for,text,resolved
Cork City,John Sheehan,24/06/2024,a vote was called for on the nomination to the Healthy Cities Steering Group where there appeared as follows:- Comhairleoir T — Comhairleoir T. Fitzgerald,for,text,resolved
Cork City,Terry Shannon,24/06/2024,a vote was called for on the nomination to the Healthy Cities Steering Group where there appeared as follows:- Comhairleoir T — Comhairleoir T. Fitzgerald,for,text,resolved
Cork City,Kieran McCarthy,24/06/2024,a vote was called for on the nomination to the Healthy Cities Steering Group where there appeared as follows:- Comhairleoir T — Comhairleoir T. Fitzgerald,for,text,resolved
Cork City,Mary Rose Desmond,24/06/2024,a vote was called for on the nomination to the Healthy Cities Steering Group where there appeared as follows:- Comhairleoir T — Comhairleoir T. Fitzgerald,for,text,resolved
Cork City,Des Cahill,24/06/2024,a vote was called for on the nomination to the Healthy Cities Steering Group where there appeared as follows:- Comhairleoir T — Comhairleoir T. Fitzgerald,for,text,resolved
Cork City,H. Kamegni,24/06/2024,a vote was called for on the nomination to the Healthy Cities Steering Group where there appeared as follows:- Comhairleoir T — Comhairleoir T. Fitzgerald,for,text,printed_form
Cork City,Shane O'Callaghan,24/06/2024,a vote was called for on the nomination to the Healthy Cities Steering Group where there appeared as follows:- Comhairleoir T — Comhairleoir T. Fitzgerald,for,text,resolved
Cork City,Seán Martin,24/06/2024,a vote was called for on the nomination to the Healthy Cities Steering Group where there appeared as follows:- Comhairleoir T — Comhairleoir T. Fitzgerald,for,text,resolved
Cork City,Pádraig Rice,24/06/2024,a vote was called for on the nomination to the Healthy Cities Steering Group where there appeared as follows:- Comhairleoir T — Comhairleoir T. Fitzgerald,for,text,resolved
Cork City,D. Boyle,24/06/2024,a vote was called for on the nomination to the Healthy Cities Steering Group where there appeared as follows:- Comhairleoir T — Comhairleoir T. Fitzgerald,for,text,printed_form
Cork City,Fergal Dennehy,24/06/2024,a vote was called for on the nomination to the Healthy Cities Steering Group where there appeared as follows:- Comhairleoir T — Comhairleoir T. Fitzgerald,for,text,resolved
Cork City,Garret Kelleher,24/06/2024,a vote was called for on the nomination to the Healthy Cities Steering Group where there appeared as follows:- Comhairleoir T — Comhairleoir T. Fitzgerald,for,text,resolved
Cork City,Colm Kelleher,24/06/2024,a vote was called for on the nomination to the Healthy Cities Steering Group where there appeared as follows:- Comhairleoir T — Comhairleoir T. Fitzgerald,for,text,resolved
Cork City,Laura Harmon,24/06/2024,a vote was called for on the nomination to the Healthy Cities Steering Group where there appeared as follows:- Comhairleoir T — Comhairleoir T. Fitzgerald,for,text,resolved
Cork City,Terry Coleman,24/06/2024,a vote was called for on the nomination to the Healthy Cities Steering Group where there appeared as follows:- Comhairleoir T — Comhairleoir T. Fitzgerald,for,text,resolved
Cork City,Ken O'Flynn,24/06/2024,a vote was called for on the nomination to the Healthy Cities Steering Group where there appeared as follows:- Comhairleoir T — Comhairleoir T. Fitzgerald,against,text,resolved
Cork City,Michelle Gould,24/06/2024,a vote was called for on the nomination to the Healthy Cities Steering Group where there appeared as follows:- Comhairleoir T — Comhairleoir T. Fitzgerald,against,text,resolved
Cork City,Kenneth Collins,24/06/2024,a vote was called for on the nomination to the Healthy Cities Steering Group where there appeared as follows:- Comhairleoir T — Comhairleoir T. Fitzgerald,against,text,resolved
Cork City,Fiona Kerins,24/06/2024,a vote was called for on the nomination to the Healthy Cities Steering Group where there appeared as follows:- Comhairleoir T — Comhairleoir T. Fitzgerald,against,text,resolved
Cork City,Joe Lynch,24/06/2024,a vote was called for on the nomination to the Healthy Cities Steering Group where there appeared as follows:- Comhairleoir T — Comhairleoir T. Fitzgerald,against,text,resolved
Cork City,Albert Deasy,24/06/2024,a vote was called for on the nomination to the Healthy Cities Steering Group where there appeared as follows:- Comhairleoir T — Comhairleoir T. Fitzgerald,against,text,resolved
Cork City,John Maher,24/06/2024,a vote was called for on the nomination to the Healthy Cities Steering Group where there appeared as follows:- Comhairleoir T — Comhairleoir P. Rice,for,text,resolved
Cork City,Joe Kavanagh,24/06/2024,a vote was called for on the nomination to the Healthy Cities Steering Group where there appeared as follows:- Comhairleoir T — Comhairleoir P. Rice,for,text,resolved
Cork City,Margaret McDonnell,24/06/2024,a vote was called for on the nomination to the Healthy Cities Steering Group where there appeared as follows:- Comhairleoir T — Comhairleoir P. Rice,for,text,resolved
Cork City,O. Moran,24/06/2024,a vote was called for on the nomination to the Healthy Cities Steering Group where there appeared as follows:- Comhairleoir T — Comhairleoir P. Rice,for,text,printed_form
Cork City,Tony Fitzgerald,24/06/2024,a vote was called for on the nomination to the Healthy Cities Steering Group where there appeared as follows:- Comhairleoir T — Comhairleoir P. Rice,for,text,resolved
Cork City,John Sheehan,24/06/2024,a vote was called for on the nomination to the Healthy Cities Steering Group where there appeared as follows:- Comhairleoir T — Comhairleoir P. Rice,for,text,resolved
Cork City,Michelle Gould,24/06/2024,a vote was called for on the nomination to the Healthy Cities Steering Group where there appeared as follows:- Comhairleoir T — Comhairleoir P. Rice,for,text,resolved
Cork City,Kenneth Collins,24/06/2024,a vote was called for on the nomination to the Healthy Cities Steering Group where there appeared as follows:- Comhairleoir T — Comhairleoir P. Rice,for,text,resolved
Cork City,Terry Shannon,24/06/2024,a vote was called for on the nomination to the Healthy Cities Steering Group where there appeared as follows:- Comhairleoir T — Comhairleoir P. Rice,for,text,resolved
Cork City,Mary Rose Desmond,24/06/2024,a vote was called for on the nomination to the Healthy Cities Steering Group where there appeared as follows:- Comhairleoir T — Comhairleoir P. Rice,for,text,resolved
Cork City,Des Cahill,24/06/2024,a vote was called for on the nomination to the Healthy Cities Steering Group where there appeared as follows:- Comhairleoir T — Comhairleoir P. Rice,for,text,resolved
Cork City,H. Kamegni,24/06/2024,a vote was called for on the nomination to the Healthy Cities Steering Group where there appeared as follows:- Comhairleoir T — Comhairleoir P. Rice,for,text,printed_form
Cork City,Peter Horgan,24/06/2024,a vote was called for on the nomination to the Healthy Cities Steering Group where there appeared as follows:- Comhairleoir T — Comhairleoir P. Rice,for,text,resolved
Cork City,Shane O'Callaghan,24/06/2024,a vote was called for on the nomination to the Healthy Cities Steering Group where there appeared as follows:- Comhairleoir T — Comhairleoir P. Rice,for,text,resolved
Cork City,Seán Martin,24/06/2024,a vote was called for on the nomination to the Healthy Cities Steering Group where there appeared as follows:- Comhairleoir T — Comhairleoir P. Rice,for,text,resolved
Cork City,Pádraig Rice,24/06/2024,a vote was called for on the nomination to the Healthy Cities Steering Group where there appeared as follows:- Comhairleoir T — Comhairleoir P. Rice,for,text,resolved
Cork City,Fiona Kerins,24/06/2024,a vote was called for on the nomination to the Healthy Cities Steering Group where there appeared as follows:- Comhairleoir T — Comhairleoir P. Rice,for,text,resolved
Cork City,D. Boyle,24/06/2024,a vote was called for on the nomination to the Healthy Cities Steering Group where there appeared as follows:- Comhairleoir T — Comhairleoir P. Rice,for,text,printed_form
Cork City,Fergal Dennehy,24/06/2024,a vote was called for on the nomination to the Healthy Cities Steering Group where there appeared as follows:- Comhairleoir T — Comhairleoir P. Rice,for,text,resolved
Cork City,Garret Kelleher,24/06/2024,a vote was called for on the nomination to the Healthy Cities Steering Group where there appeared as follows:- Comhairleoir T — Comhairleoir P. Rice,for,text,resolved
Cork City,Colm Kelleher,24/06/2024,a vote was called for on the nomination to the Healthy Cities Steering Group where there appeared as follows:- Comhairleoir T — Comhairleoir P. Rice,for,text,resolved
Cork City,Joe Lynch,24/06/2024,a vote was called for on the nomination to the Healthy Cities Steering Group where there appeared as follows:- Comhairleoir T — Comhairleoir P. Rice,for,text,resolved
Cork City,Laura Harmon,24/06/2024,a vote was called for on the nomination to the Healthy Cities Steering Group where there appeared as follows:- Comhairleoir T — Comhairleoir P. Rice,for,text,resolved
Cork City,Terry Coleman,24/06/2024,a vote was called for on the nomination to the Healthy Cities Steering Group where there appeared as follows:- Comhairleoir T — Comhairleoir P. Rice,for,text,resolved
Cork City,Ken O'Flynn,24/06/2024,a vote was called for on the nomination to the Healthy Cities Steering Group where there appeared as follows:- Comhairleoir T — Comhairleoir P. Rice,against,text,resolved
Cork City,Albert Deasy,24/06/2024,a vote was called for on the nomination to the Healthy Cities Steering Group where there appeared as follows:- Comhairleoir T — Comhairleoir P. Rice,against,text,resolved
Cork City,Kieran McCarthy,24/06/2024,a vote was called for on the nomination to the Healthy Cities Steering Group where there appeared as follows:- Comhairleoir T — Comhairleoir P. Rice,abstain,text,resolved
Cork City,Ken O'Flynn,24/06/2024,Comhairleoir D. Cahill (vote 3 of 3),for,text,resolved
Cork City,John Maher,24/06/2024,Comhairleoir D. Cahill (vote 3 of 3),for,text,resolved
Cork City,Joe Kavanagh,24/06/2024,Comhairleoir D. Cahill (vote 3 of 3),for,text,resolved
Cork City,Margaret McDonnell,24/06/2024,Comhairleoir D. Cahill (vote 3 of 3),for,text,resolved
Cork City,O. Moran,24/06/2024,Comhairleoir D. Cahill (vote 3 of 3),for,text,printed_form
Cork City,Tony Fitzgerald,24/06/2024,Comhairleoir D. Cahill (vote 3 of 3),for,text,resolved
Cork City,Damian Boylan,24/06/2024,Comhairleoir D. Cahill (vote 3 of 3),for,text,resolved
Cork City,John Sheehan,24/06/2024,Comhairleoir D. Cahill (vote 3 of 3),for,text,resolved
Cork City,Terry Shannon,24/06/2024,Comhairleoir D. Cahill (vote 3 of 3),for,text,resolved
Cork City,Mary Rose Desmond,24/06/2024,Comhairleoir D. Cahill (vote 3 of 3),for,text,resolved
Cork City,Des Cahill,24/06/2024,Comhairleoir D. Cahill (vote 3 of 3),for,text,resolved
Cork City,H. Kamegni,24/06/2024,Comhairleoir D. Cahill (vote 3 of 3),for,text,printed_form
Cork City,Peter Horgan,24/06/2024,Comhairleoir D. Cahill (vote 3 of 3),for,text,resolved
Cork City,Shane O'Callaghan,24/06/2024,Comhairleoir D. Cahill (vote 3 of 3),for,text,resolved
Cork City,Seán Martin,24/06/2024,Comhairleoir D. Cahill (vote 3 of 3),for,text,resolved
Cork City,Pádraig Rice,24/06/2024,Comhairleoir D. Cahill (vote 3 of 3),for,text,resolved
Cork City,D. Boyle,24/06/2024,Comhairleoir D. Cahill (vote 3 of 3),for,text,printed_form
Cork City,Fergal Dennehy,24/06/2024,Comhairleoir D. Cahill (vote 3 of 3),for,text,resolved
Cork City,Garret Kelleher,24/06/2024,Comhairleoir D. Cahill (vote 3 of 3),for,text,resolved
Cork City,Colm Kelleher,24/06/2024,Comhairleoir D. Cahill (vote 3 of 3),for,text,resolved
Cork City,Laura Harmon,24/06/2024,Comhairleoir D. Cahill (vote 3 of 3),for,text,resolved
Cork City,Terry Coleman,24/06/2024,Comhairleoir D. Cahill (vote 3 of 3),for,text,resolved
Cork City,Albert Deasy,24/06/2024,Comhairleoir D. Cahill (vote 3 of 3),for,text,resolved
Cork City,Michelle Gould,24/06/2024,Comhairleoir D. Cahill (vote 3 of 3),against,text,resolved
Cork City,Kenneth Collins,24/06/2024,Comhairleoir D. Cahill (vote 3 of 3),against,text,resolved
Cork City,Fiona Kerins,24/06/2024,Comhairleoir D. Cahill (vote 3 of 3),against,text,resolved
Cork City,Joe Lynch,24/06/2024,Comhairleoir D. Cahill (vote 3 of 3),against,text,resolved
Cork City,Kieran McCarthy,24/06/2024,Comhairleoir D. Cahill (vote 3 of 3),abstain,text,resolved
Cork City,Ken O'Flynn,24/06/2024,Comhairleoir K. Collins (vote 3 of 3),for,text,resolved
Cork City,Michelle Gould,24/06/2024,Comhairleoir K. Collins (vote 3 of 3),for,text,resolved
Cork City,Kenneth Collins,24/06/2024,Comhairleoir K. Collins (vote 3 of 3),for,text,resolved
Cork City,Fiona Kerins,24/06/2024,Comhairleoir K. Collins (vote 3 of 3),for,text,resolved
Cork City,Joe Lynch,24/06/2024,Comhairleoir K. Collins (vote 3 of 3),for,text,resolved
Cork City,Albert Deasy,24/06/2024,Comhairleoir K. Collins (vote 3 of 3),for,text,resolved
Cork City,John Maher,24/06/2024,Comhairleoir K. Collins (vote 3 of 3),against,text,resolved
Cork City,Joe Kavanagh,24/06/2024,Comhairleoir K. Collins (vote 3 of 3),against,text,resolved
Cork City,Margaret McDonnell,24/06/2024,Comhairleoir K. Collins (vote 3 of 3),against,text,resolved
Cork City,O. Moran,24/06/2024,Comhairleoir K. Collins (vote 3 of 3),against,text,printed_form
Cork City,Tony Fitzgerald,24/06/2024,Comhairleoir K. Collins (vote 3 of 3),against,text,resolved
Cork City,Damian Boylan,24/06/2024,Comhairleoir K. Collins (vote 3 of 3),against,text,resolved
Cork City,John Sheehan,24/06/2024,Comhairleoir K. Collins (vote 3 of 3),against,text,resolved
Cork City,Terry Shannon,24/06/2024,Comhairleoir K. Collins (vote 3 of 3),against,text,resolved
Cork City,Mary Rose Desmond,24/06/2024,Comhairleoir K. Collins (vote 3 of 3),against,text,resolved
Cork City,Des Cahill,24/06/2024,Comhairleoir K. Collins (vote 3 of 3),against,text,resolved
Cork City,Shane O'Callaghan,24/06/2024,Comhairleoir K. Collins (vote 3 of 3),against,text,resolved
Cork City,Seán Martin,24/06/2024,Comhairleoir K. Collins (vote 3 of 3),against,text,resolved
Cork City,Fergal Dennehy,24/06/2024,Comhairleoir K. Collins (vote 3 of 3),against,text,resolved
Cork City,Garret Kelleher,24/06/2024,Comhairleoir K. Collins (vote 3 of 3),against,text,resolved
Cork City,Colm Kelleher,24/06/2024,Comhairleoir K. Collins (vote 3 of 3),against,text,resolved
Cork City,Terry Coleman,24/06/2024,Comhairleoir K. Collins (vote 3 of 3),against,text,resolved
Cork City,Pádraig Rice,24/06/2024,Comhairleoir K. Collins (vote 3 of 3),abstain,text,resolved
Cork City,John Maher,15/09/2025,"a vote was called for on whether or not to exercise An Chomhairle’s right to nominate a candidate for the Presidential Election, where there appeared as follows:-",for,text,resolved
Cork City,Ted Tynan,15/09/2025,"a vote was called for on whether or not to exercise An Chomhairle’s right to nominate a candidate for the Presidential Election, where there appeared as follows:-",for,text,resolved
Cork City,O. Moran,15/09/2025,"a vote was called for on whether or not to exercise An Chomhairle’s right to nominate a candidate for the Presidential Election, where there appeared as follows:-",for,text,printed_form
Cork City,N. O’Flynn,15/09/2025,"a vote was called for on whether or not to exercise An Chomhairle’s right to nominate a candidate for the Presidential Election, where there appeared as follows:-",for,text,printed_form
Cork City,H. Kamegni,15/09/2025,"a vote was called for on whether or not to exercise An Chomhairle’s right to nominate a candidate for the Presidential Election, where there appeared as follows:-",for,text,printed_form
Cork City,Peter Horgan,15/09/2025,"a vote was called for on whether or not to exercise An Chomhairle’s right to nominate a candidate for the Presidential Election, where there appeared as follows:-",for,text,resolved
Cork City,D. Boyle,15/09/2025,"a vote was called for on whether or not to exercise An Chomhairle’s right to nominate a candidate for the Presidential Election, where there appeared as follows:-",for,text,printed_form
Cork City,N. O’Connor,15/09/2025,"a vote was called for on whether or not to exercise An Chomhairle’s right to nominate a candidate for the Presidential Election, where there appeared as follows:-",for,text,printed_form
Cork City,Albert Deasy,15/09/2025,"a vote was called for on whether or not to exercise An Chomhairle’s right to nominate a candidate for the Presidential Election, where there appeared as follows:-",for,text,resolved
Cork City,C. O’Connor,15/09/2025,"a vote was called for on whether or not to exercise An Chomhairle’s right to nominate a candidate for the Presidential Election, where there appeared as follows:-",for,text,printed_form
Cork City,Joe Kavanagh,15/09/2025,"a vote was called for on whether or not to exercise An Chomhairle’s right to nominate a candidate for the Presidential Election, where there appeared as follows:-",against,text,resolved
Cork City,Margaret McDonnell,15/09/2025,"a vote was called for on whether or not to exercise An Chomhairle’s right to nominate a candidate for the Presidential Election, where there appeared as follows:-",against,text,resolved
Cork City,Damian Boylan,15/09/2025,"a vote was called for on whether or not to exercise An Chomhairle’s right to nominate a candidate for the Presidential Election, where there appeared as follows:-",against,text,resolved
Cork City,John Sheehan,15/09/2025,"a vote was called for on whether or not to exercise An Chomhairle’s right to nominate a candidate for the Presidential Election, where there appeared as follows:-",against,text,resolved
Cork City,Michelle Gould,15/09/2025,"a vote was called for on whether or not to exercise An Chomhairle’s right to nominate a candidate for the Presidential Election, where there appeared as follows:-",against,text,resolved
Cork City,Kenneth Collins,15/09/2025,"a vote was called for on whether or not to exercise An Chomhairle’s right to nominate a candidate for the Presidential Election, where there appeared as follows:-",against,text,resolved
Cork City,Terry Shannon,15/09/2025,"a vote was called for on whether or not to exercise An Chomhairle’s right to nominate a candidate for the Presidential Election, where there appeared as follows:-",against,text,resolved
Cork City,Mary Rose Desmond,15/09/2025,"a vote was called for on whether or not to exercise An Chomhairle’s right to nominate a candidate for the Presidential Election, where there appeared as follows:-",against,text,resolved
Cork City,Des Cahill,15/09/2025,"a vote was called for on whether or not to exercise An Chomhairle’s right to nominate a candidate for the Presidential Election, where there appeared as follows:-",against,text,resolved
Cork City,Seán Martin,15/09/2025,"a vote was called for on whether or not to exercise An Chomhairle’s right to nominate a candidate for the Presidential Election, where there appeared as follows:-",against,text,resolved
Cork City,Fiona Kerins,15/09/2025,"a vote was called for on whether or not to exercise An Chomhairle’s right to nominate a candidate for the Presidential Election, where there appeared as follows:-",against,text,resolved
Cork City,Colm Kelleher,15/09/2025,"a vote was called for on whether or not to exercise An Chomhairle’s right to nominate a candidate for the Presidential Election, where there appeared as follows:-",against,text,resolved
Cork City,Joe Lynch,15/09/2025,"a vote was called for on whether or not to exercise An Chomhairle’s right to nominate a candidate for the Presidential Election, where there appeared as follows:-",against,text,resolved
Cork City,Terry Coleman,15/09/2025,"a vote was called for on whether or not to exercise An Chomhairle’s right to nominate a candidate for the Presidential Election, where there appeared as follows:-",against,text,resolved
Cork City,G. O’Brien,15/09/2025,"a vote was called for on whether or not to exercise An Chomhairle’s right to nominate a candidate for the Presidential Election, where there appeared as follows:-",against,text,printed_form
Cork City,Brian McCarthy,15/09/2025,"a vote was called for on whether or not to exercise An Chomhairle’s right to nominate a candidate for the Presidential Election, where there appeared as follows:-",abstain,text,resolved
Cork City,Fergal Dennehy,15/09/2025,"a vote was called for on whether or not to exercise An Chomhairle’s right to nominate a candidate for the Presidential Election, where there appeared as follows:-",abstain,text,resolved
Cork City,Ted Tynan,20/02/2024,‘That Cork City Council rescinds the request for additional funding from central government in respect of the contract with BAM for the Cork Event Centre and instead secures central government funding for a publicly-owned and operated Cork ,for,text,resolved
Cork City,Brian McCarthy,20/02/2024,‘That Cork City Council rescinds the request for additional funding from central government in respect of the contract with BAM for the Cork Event Centre and instead secures central government funding for a publicly-owned and operated Cork ,for,text,resolved
Cork City,L. Bogue,20/02/2024,‘That Cork City Council rescinds the request for additional funding from central government in respect of the contract with BAM for the Cork Event Centre and instead secures central government funding for a publicly-owned and operated Cork ,for,text,printed_form
Cork City,Ken O'Flynn,20/02/2024,‘That Cork City Council rescinds the request for additional funding from central government in respect of the contract with BAM for the Cork Event Centre and instead secures central government funding for a publicly-owned and operated Cork ,against,text,resolved
Cork City,John Maher,20/02/2024,‘That Cork City Council rescinds the request for additional funding from central government in respect of the contract with BAM for the Cork Event Centre and instead secures central government funding for a publicly-owned and operated Cork ,against,text,resolved
Cork City,Joe Kavanagh,20/02/2024,‘That Cork City Council rescinds the request for additional funding from central government in respect of the contract with BAM for the Cork Event Centre and instead secures central government funding for a publicly-owned and operated Cork ,against,text,resolved
Cork City,O. Moran,20/02/2024,‘That Cork City Council rescinds the request for additional funding from central government in respect of the contract with BAM for the Cork Event Centre and instead secures central government funding for a publicly-owned and operated Cork ,against,text,printed_form
Cork City,G. Keohane,20/02/2024,‘That Cork City Council rescinds the request for additional funding from central government in respect of the contract with BAM for the Cork Event Centre and instead secures central government funding for a publicly-owned and operated Cork ,against,text,printed_form
Cork City,Tony Fitzgerald,20/02/2024,‘That Cork City Council rescinds the request for additional funding from central government in respect of the contract with BAM for the Cork Event Centre and instead secures central government funding for a publicly-owned and operated Cork ,against,text,resolved
Cork City,M. Nugent,20/02/2024,‘That Cork City Council rescinds the request for additional funding from central government in respect of the contract with BAM for the Cork Event Centre and instead secures central government funding for a publicly-owned and operated Cork ,against,text,printed_form
Cork City,John Sheehan,20/02/2024,‘That Cork City Council rescinds the request for additional funding from central government in respect of the contract with BAM for the Cork Event Centre and instead secures central government funding for a publicly-owned and operated Cork ,against,text,resolved
Cork City,Kenneth Collins,20/02/2024,‘That Cork City Council rescinds the request for additional funding from central government in respect of the contract with BAM for the Cork Event Centre and instead secures central government funding for a publicly-owned and operated Cork ,against,text,resolved
Cork City,Damian Boylan,20/02/2024,‘That Cork City Council rescinds the request for additional funding from central government in respect of the contract with BAM for the Cork Event Centre and instead secures central government funding for a publicly-owned and operated Cork ,against,text,resolved
Cork City,Des Cahill,20/02/2024,‘That Cork City Council rescinds the request for additional funding from central government in respect of the contract with BAM for the Cork Event Centre and instead secures central government funding for a publicly-owned and operated Cork ,against,text,resolved
Cork City,Mary Rose Desmond,20/02/2024,‘That Cork City Council rescinds the request for additional funding from central government in respect of the contract with BAM for the Cork Event Centre and instead secures central government funding for a publicly-owned and operated Cork ,against,text,resolved
Cork City,Kieran McCarthy,20/02/2024,‘That Cork City Council rescinds the request for additional funding from central government in respect of the contract with BAM for the Cork Event Centre and instead secures central government funding for a publicly-owned and operated Cork ,against,text,resolved
Cork City,M. Finn,20/02/2024,‘That Cork City Council rescinds the request for additional funding from central government in respect of the contract with BAM for the Cork Event Centre and instead secures central government funding for a publicly-owned and operated Cork ,against,text,printed_form
Cork City,D. Boyle,20/02/2024,‘That Cork City Council rescinds the request for additional funding from central government in respect of the contract with BAM for the Cork Event Centre and instead secures central government funding for a publicly-owned and operated Cork ,against,text,printed_form
Cork City,Seán Martin,20/02/2024,‘That Cork City Council rescinds the request for additional funding from central government in respect of the contract with BAM for the Cork Event Centre and instead secures central government funding for a publicly-owned and operated Cork ,against,text,resolved
Cork City,Shane O'Callaghan,20/02/2024,‘That Cork City Council rescinds the request for additional funding from central government in respect of the contract with BAM for the Cork Event Centre and instead secures central government funding for a publicly-owned and operated Cork ,against,text,resolved
Cork City,Fiona Kerins,20/02/2024,‘That Cork City Council rescinds the request for additional funding from central government in respect of the contract with BAM for the Cork Event Centre and instead secures central government funding for a publicly-owned and operated Cork ,against,text,resolved
Cork City,Fergal Dennehy,20/02/2024,‘That Cork City Council rescinds the request for additional funding from central government in respect of the contract with BAM for the Cork Event Centre and instead secures central government funding for a publicly-owned and operated Cork ,against,text,resolved
Cork City,D. Canty,20/02/2024,‘That Cork City Council rescinds the request for additional funding from central government in respect of the contract with BAM for the Cork Event Centre and instead secures central government funding for a publicly-owned and operated Cork ,against,text,printed_form
Cork City,C. Finn,20/02/2024,‘That Cork City Council rescinds the request for additional funding from central government in respect of the contract with BAM for the Cork Event Centre and instead secures central government funding for a publicly-owned and operated Cork ,against,text,printed_form
Cork City,Colm Kelleher,20/02/2024,‘That Cork City Council rescinds the request for additional funding from central government in respect of the contract with BAM for the Cork Event Centre and instead secures central government funding for a publicly-owned and operated Cork ,against,text,resolved
Cork City,Garret Kelleher,20/02/2024,‘That Cork City Council rescinds the request for additional funding from central government in respect of the contract with BAM for the Cork Event Centre and instead secures central government funding for a publicly-owned and operated Cork ,against,text,resolved
Cork City,T. Moloney,20/02/2024,‘That Cork City Council rescinds the request for additional funding from central government in respect of the contract with BAM for the Cork Event Centre and instead secures central government funding for a publicly-owned and operated Cork ,against,text,printed_form
Cork City,Orla O’Leary,20/02/2024,‘That Cork City Council rescinds the request for additional funding from central government in respect of the contract with BAM for the Cork Event Centre and instead secures central government funding for a publicly-owned and operated Cork ,against,text,printed_form
Kilkenny,Maria Dollard,17/02/2025,A roll call vote was taken on the proposed amendment and,for,text,printed_form
Kilkenny,Eugene McGuinness,17/02/2025,A roll call vote was taken on the proposed amendment and,for,text,resolved
Kilkenny,Seán Ó Hargáin,17/02/2025,A roll call vote was taken on the proposed amendment and,for,text,printed_form
Kilkenny,Tomás Breathnach. Thirteen,17/02/2025,A roll call vote was taken on the proposed amendment and,for,text,printed_form
Kilkenny,Deirdre Cullen,17/02/2025,A roll call vote was taken on the proposed amendment and,against,text,resolved
Kilkenny,Michael Doyle,17/02/2025,A roll call vote was taken on the proposed amendment and,against,text,resolved
Kilkenny,Joe Lyons,17/02/2025,A roll call vote was taken on the proposed amendment and,against,text,resolved
Kilkenny,Pat Fitzpatrick,17/02/2025,A roll call vote was taken on the proposed amendment and,against,text,resolved
Kilkenny,Michael McCarthy,17/02/2025,A roll call vote was taken on the proposed amendment and,against,text,resolved
Kilkenny,John Coonan,17/02/2025,A roll call vote was taken on the proposed amendment and,against,text,resolved
Kilkenny,David Fitzgerald,17/02/2025,A roll call vote was taken on the proposed amendment and,against,text,resolved
Kilkenny,Joe Malone,17/02/2025,A roll call vote was taken on the proposed amendment and,against,text,resolved
Kilkenny,Andrew McGuinness,17/02/2025,A roll call vote was taken on the proposed amendment and,against,text,resolved
Kilkenny,Jenny Catt Slattery,17/02/2025,A roll call vote was taken on the proposed amendment and,against,text,resolved
Kilkenny,Fidelis Doherty,17/02/2025,A roll call vote was taken on the proposed amendment and,against,text,resolved
Kilkenny,Pat Dunphy,17/02/2025,A roll call vote was taken on the proposed amendment and,against,text,printed_form
Kilkenny,Ger Frisby. Seven,17/02/2025,A roll call vote was taken on the proposed amendment and,against,text,printed_form
Kilkenny,Brian Cleere,17/02/2025,A roll call vote was taken on the proposed amendment and,absent,text,printed_form
Kilkenny,Stephanie Doheny,17/02/2025,A roll call vote was taken on the proposed amendment and,absent,text,resolved
Kilkenny,Joe Sheridan,17/02/2025,A roll call vote was taken on the proposed amendment and,absent,text,resolved
Kilkenny,John Brennan,17/02/2025,A roll call vote was taken on the proposed amendment and,absent,text,resolved
Kilkenny,Mary Hilda Cavanagh,17/02/2025,A roll call vote was taken on the proposed amendment and,absent,text,resolved
Kilkenny,Michael Delaney,17/02/2025,A roll call vote was taken on the proposed amendment and,absent,text,resolved
Kilkenny,Maurice Shortall,17/02/2025,A roll call vote was taken on the proposed amendment and,absent,text,resolved
Kilkenny,Deirdre Cullen,17/02/2025,“that we the Members of Kilkenny County Council hereby adopt the Standing Orders as amended with a review to take place after six months”,for,text,resolved
Kilkenny,Michael Doyle,17/02/2025,“that we the Members of Kilkenny County Council hereby adopt the Standing Orders as amended with a review to take place after six months”,for,text,resolved
Kilkenny,Joe Lyons,17/02/2025,“that we the Members of Kilkenny County Council hereby adopt the Standing Orders as amended with a review to take place after six months”,for,text,resolved
Kilkenny,Pat Fitzpatrick,17/02/2025,“that we the Members of Kilkenny County Council hereby adopt the Standing Orders as amended with a review to take place after six months”,for,text,resolved
Kilkenny,Michael McCarthy,17/02/2025,“that we the Members of Kilkenny County Council hereby adopt the Standing Orders as amended with a review to take place after six months”,for,text,resolved
Kilkenny,John Coonan,17/02/2025,“that we the Members of Kilkenny County Council hereby adopt the Standing Orders as amended with a review to take place after six months”,for,text,resolved
Kilkenny,David Fitzgerald,17/02/2025,“that we the Members of Kilkenny County Council hereby adopt the Standing Orders as amended with a review to take place after six months”,for,text,resolved
Kilkenny,Joe Malone,17/02/2025,“that we the Members of Kilkenny County Council hereby adopt the Standing Orders as amended with a review to take place after six months”,for,text,resolved
Kilkenny,Andrew McGuinness,17/02/2025,“that we the Members of Kilkenny County Council hereby adopt the Standing Orders as amended with a review to take place after six months”,for,text,resolved
Kilkenny,Jenny Catt Slattery,17/02/2025,“that we the Members of Kilkenny County Council hereby adopt the Standing Orders as amended with a review to take place after six months”,for,text,resolved
Kilkenny,Fidelis Doherty,17/02/2025,“that we the Members of Kilkenny County Council hereby adopt the Standing Orders as amended with a review to take place after six months”,for,text,resolved
Kilkenny,Pat Dunphy,17/02/2025,“that we the Members of Kilkenny County Council hereby adopt the Standing Orders as amended with a review to take place after six months”,for,text,printed_form
Kilkenny,Ger Frisby. Four,17/02/2025,“that we the Members of Kilkenny County Council hereby adopt the Standing Orders as amended with a review to take place after six months”,for,text,printed_form
Kilkenny,Maria Dollard,17/02/2025,“that we the Members of Kilkenny County Council hereby adopt the Standing Orders as amended with a review to take place after six months”,against,text,printed_form
Kilkenny,Eugene McGuinness,17/02/2025,“that we the Members of Kilkenny County Council hereby adopt the Standing Orders as amended with a review to take place after six months”,against,text,resolved
Kilkenny,Seán Ó Hargáin,17/02/2025,“that we the Members of Kilkenny County Council hereby adopt the Standing Orders as amended with a review to take place after six months”,against,text,printed_form
Kilkenny,Tomás Breathnach. Seven,17/02/2025,“that we the Members of Kilkenny County Council hereby adopt the Standing Orders as amended with a review to take place after six months”,against,text,printed_form
Kilkenny,Brian Cleere,17/02/2025,“that we the Members of Kilkenny County Council hereby adopt the Standing Orders as amended with a review to take place after six months”,absent,text,printed_form
Kilkenny,Stephanie Doheny,17/02/2025,“that we the Members of Kilkenny County Council hereby adopt the Standing Orders as amended with a review to take place after six months”,absent,text,resolved
Kilkenny,Joe Sheridan,17/02/2025,“that we the Members of Kilkenny County Council hereby adopt the Standing Orders as amended with a review to take place after six months”,absent,text,resolved
Kilkenny,John Brennan,17/02/2025,“that we the Members of Kilkenny County Council hereby adopt the Standing Orders as amended with a review to take place after six months”,absent,text,resolved
Kilkenny,Mary Hilda Cavanagh,17/02/2025,“that we the Members of Kilkenny County Council hereby adopt the Standing Orders as amended with a review to take place after six months”,absent,text,resolved
Kilkenny,Michael Delaney,17/02/2025,“that we the Members of Kilkenny County Council hereby adopt the Standing Orders as amended with a review to take place after six months”,absent,text,resolved
Kilkenny,Maurice Shortall,17/02/2025,“that we the Members of Kilkenny County Council hereby adopt the Standing Orders as amended with a review to take place after six months”,absent,text,resolved
Kilkenny,Maria Dollard,24/03/2025,A roll call vote was taken on the proposal not to vary the current Kilkenny City & County Development Plan in accordance with Proposed Variation 4B. Eighteen,for,text,printed_form
Kilkenny,Eugene McGuinness,24/03/2025,A roll call vote was taken on the proposal not to vary the current Kilkenny City & County Development Plan in accordance with Proposed Variation 4B. Eighteen,for,text,resolved
Kilkenny,Tomás Breathnach,24/03/2025,A roll call vote was taken on the proposal not to vary the current Kilkenny City & County Development Plan in accordance with Proposed Variation 4B. Eighteen,for,text,resolved
Kilkenny,Brian Cleere,24/03/2025,A roll call vote was taken on the proposal not to vary the current Kilkenny City & County Development Plan in accordance with Proposed Variation 4B. Eighteen,for,text,printed_form
Kilkenny,Stephanie Doheny,24/03/2025,A roll call vote was taken on the proposal not to vary the current Kilkenny City & County Development Plan in accordance with Proposed Variation 4B. Eighteen,for,text,resolved
Kilkenny,Joe Sheridan,24/03/2025,A roll call vote was taken on the proposal not to vary the current Kilkenny City & County Development Plan in accordance with Proposed Variation 4B. Eighteen,for,text,resolved
Kilkenny,John Brennan,24/03/2025,A roll call vote was taken on the proposal not to vary the current Kilkenny City & County Development Plan in accordance with Proposed Variation 4B. Eighteen,for,text,resolved
Kilkenny,Mary Hilda Cavanagh,24/03/2025,A roll call vote was taken on the proposal not to vary the current Kilkenny City & County Development Plan in accordance with Proposed Variation 4B. Eighteen,for,text,resolved
Kilkenny,Michael Delaney,24/03/2025,A roll call vote was taken on the proposal not to vary the current Kilkenny City & County Development Plan in accordance with Proposed Variation 4B. Eighteen,for,text,resolved
Kilkenny,Maurice Shortall,24/03/2025,A roll call vote was taken on the proposal not to vary the current Kilkenny City & County Development Plan in accordance with Proposed Variation 4B. Eighteen,for,text,resolved
Kilkenny,Deirdre Cullen,24/03/2025,A roll call vote was taken on the proposal not to vary the current Kilkenny City & County Development Plan in accordance with Proposed Variation 4B. Eighteen,for,text,resolved
Kilkenny,Joe Lyons,24/03/2025,A roll call vote was taken on the proposal not to vary the current Kilkenny City & County Development Plan in accordance with Proposed Variation 4B. Eighteen,for,text,resolved
Kilkenny,Pat Fitzpatrick,24/03/2025,A roll call vote was taken on the proposal not to vary the current Kilkenny City & County Development Plan in accordance with Proposed Variation 4B. Eighteen,for,text,resolved
Kilkenny,Joe Malone,24/03/2025,A roll call vote was taken on the proposal not to vary the current Kilkenny City & County Development Plan in accordance with Proposed Variation 4B. Eighteen,for,text,resolved
Kilkenny,Andrew McGuinness,24/03/2025,A roll call vote was taken on the proposal not to vary the current Kilkenny City & County Development Plan in accordance with Proposed Variation 4B. Eighteen,for,text,resolved
Kilkenny,Jenny Catt Slattery,24/03/2025,A roll call vote was taken on the proposal not to vary the current Kilkenny City & County Development Plan in accordance with Proposed Variation 4B. Eighteen,for,text,resolved
Kilkenny,Fidelis Doherty,24/03/2025,A roll call vote was taken on the proposal not to vary the current Kilkenny City & County Development Plan in accordance with Proposed Variation 4B. Eighteen,for,text,resolved
Kilkenny,Pat Dunphy. Two,24/03/2025,A roll call vote was taken on the proposal not to vary the current Kilkenny City & County Development Plan in accordance with Proposed Variation 4B. Eighteen,for,text,printed_form
Kilkenny,Michael Doyle,24/03/2025,A roll call vote was taken on the proposal not to vary the current Kilkenny City & County Development Plan in accordance with Proposed Variation 4B. Eighteen,against,text,resolved
Kilkenny,David Fitzgerald. Four,24/03/2025,A roll call vote was taken on the proposal not to vary the current Kilkenny City & County Development Plan in accordance with Proposed Variation 4B. Eighteen,against,text,printed_form
Kilkenny,Seán Ó Hargáin,24/03/2025,A roll call vote was taken on the proposal not to vary the current Kilkenny City & County Development Plan in accordance with Proposed Variation 4B. Eighteen,absent,text,printed_form
Kilkenny,Ger Frisby,24/03/2025,A roll call vote was taken on the proposal not to vary the current Kilkenny City & County Development Plan in accordance with Proposed Variation 4B. Eighteen,absent,text,resolved
Kilkenny,Michael McCarthy,24/03/2025,A roll call vote was taken on the proposal not to vary the current Kilkenny City & County Development Plan in accordance with Proposed Variation 4B. Eighteen,absent,text,resolved
Kilkenny,John Coonan,24/03/2025,A roll call vote was taken on the proposal not to vary the current Kilkenny City & County Development Plan in accordance with Proposed Variation 4B. Eighteen,absent,text,resolved
Laois,Conor Bergin,April 2026,“That Laois County Council in the interest of transparency and accountability introduce Live Streaming and recording of all public meetings”,absent,text,resolved
Laois,Paddy Bracken,April 2026,“That Laois County Council in the interest of transparency and accountability introduce Live Streaming and recording of all public meetings”,against,text,resolved
Laois,Ben Brennan,April 2026,“That Laois County Council in the interest of transparency and accountability introduce Live Streaming and recording of all public meetings”,absent,text,resolved
Laois,Paddy Buggy,April 2026,“That Laois County Council in the interest of transparency and accountability introduce Live Streaming and recording of all public meetings”,against,text,printed_form
Laois,Ollie Clooney,April 2026,“That Laois County Council in the interest of transparency and accountability introduce Live Streaming and recording of all public meetings”,absent,text,resolved
Laois,Caroline Dwane-Stanley,April 2026,“That Laois County Council in the interest of transparency and accountability introduce Live Streaming and recording of all public meetings”,absent,text,resolved
Laois,John Joe Fennelly,April 2026,“That Laois County Council in the interest of transparency and accountability introduce Live Streaming and recording of all public meetings”,against,text,resolved
Laois,Catherine Fitzgerald,April 2026,“That Laois County Council in the interest of transparency and accountability introduce Live Streaming and recording of all public meetings”,against,text,resolved
Laois,Elva Kelly,April 2026,“That Laois County Council in the interest of transparency and accountability introduce Live Streaming and recording of all public meetings”,against,text,printed_form
Laois,James Kelly,April 2026,“That Laois County Council in the interest of transparency and accountability introduce Live Streaming and recording of all public meetings”,for,text,resolved
Laois,John King,April 2026,“That Laois County Council in the interest of transparency and accountability introduce Live Streaming and recording of all public meetings”,against,text,resolved
Laois,Séamus McDonald,April 2026,“That Laois County Council in the interest of transparency and accountability introduce Live Streaming and recording of all public meetings”,against,text,resolved
Laois,Paschal McEvoy,April 2026,“That Laois County Council in the interest of transparency and accountability introduce Live Streaming and recording of all public meetings”,against,text,resolved
Laois,Aisling Moran,April 2026,“That Laois County Council in the interest of transparency and accountability introduce Live Streaming and recording of all public meetings”,for,text,resolved
Laois,Tommy Mulligan,April 2026,“That Laois County Council in the interest of transparency and accountability introduce Live Streaming and recording of all public meetings”,for,text,resolved
Laois,Aidan Mullins,April 2026,“That Laois County Council in the interest of transparency and accountability introduce Live Streaming and recording of all public meetings”,absent,text,resolved
Laois,Viviene Phelan,April 2026,“That Laois County Council in the interest of transparency and accountability introduce Live Streaming and recording of all public meetings”,absent,text,printed_form
Laois,Marie Tuohy,April 2026,“That Laois County Council in the interest of transparency and accountability introduce Live Streaming and recording of all public meetings”,for,text,resolved
Laois,Barry Walsh,April 2026,“That Laois County Council in the interest of transparency and accountability introduce Live Streaming and recording of all public meetings”,against,text,resolved
Fingal,Cathal Boland,07/07/2025,“To reduce LPT by -4%.”,for,text,resolved
Fingal,Darragh Butler,07/07/2025,“To reduce LPT by -4%.”,for,text,resolved
Fingal,Eimear Carbone-Mangan,07/07/2025,“To reduce LPT by -4%.”,for,text,resolved
Fingal,Luke Corkery,07/07/2025,“To reduce LPT by -4%.”,for,text,resolved
Fingal,Kieran Dennison,07/07/2025,“To reduce LPT by -4%.”,for,text,resolved
Fingal,Eoghan Dockrell,07/07/2025,“To reduce LPT by -4%.”,for,text,resolved
Fingal,Jimmy Guerin,07/07/2025,“To reduce LPT by -4%.”,for,text,resolved
Fingal,Cathal Haughey,07/07/2025,“To reduce LPT by -4%.”,for,text,resolved
Fingal,Darren Jack Kelly,07/07/2025,“To reduce LPT by -4%.”,for,text,resolved
Fingal,Tom Kitt,07/07/2025,“To reduce LPT by -4%.”,for,text,resolved
Fingal,Joe Newman,07/07/2025,“To reduce LPT by -4%.”,for,text,resolved
Fingal,Eoghan O'Brien,07/07/2025,“To reduce LPT by -4%.”,for,text,resolved
Fingal,Tom O'Leary,07/07/2025,“To reduce LPT by -4%.”,for,text,resolved
Fingal,JK Onwumereh,07/07/2025,“To reduce LPT by -4%.”,for,text,resolved
Fingal,Siobhan Shovlin,07/07/2025,“To reduce LPT by -4%.”,for,text,resolved
Fingal,Aoibhinn Tormey,07/07/2025,“To reduce LPT by -4%.”,for,text,resolved
Fingal,Ellen Troy,07/07/2025,“To reduce LPT by -4%.”,for,text,resolved
Fingal,Mark Boland,07/07/2025,“To reduce LPT by -4%.”,against,text,printed_form
Fingal,John Burtchaell,07/07/2025,“To reduce LPT by -4%.”,against,text,resolved
Fingal,Angela Donnelly,07/07/2025,“To reduce LPT by -4%.”,against,text,resolved
Fingal,Breda Hanaphy,07/07/2025,“To reduce LPT by -4%.”,against,text,resolved
Fingal,David Healy,07/07/2025,“To reduce LPT by -4%.”,against,text,printed_form
Fingal,Joan Hopkins,07/07/2025,“To reduce LPT by -4%.”,against,text,resolved
Fingal,James Humphreys,07/07/2025,“To reduce LPT by -4%.”,against,text,resolved
Fingal,Corina Johnston,07/07/2025,“To reduce LPT by -4%.”,against,text,resolved
Fingal,Mary McCamley,07/07/2025,“To reduce LPT by -4%.”,against,text,resolved
Fingal,Dean Mulligan,07/07/2025,“To reduce LPT by -4%.”,against,text,resolved
Fingal,Paul Mulville,07/07/2025,“To reduce LPT by -4%.”,against,text,resolved
Fingal,Patrick Quinlan,07/07/2025,“To reduce LPT by -4%.”,against,text,printed_form
Fingal,Malachy Quinn,07/07/2025,“To reduce LPT by -4%.”,against,text,resolved
Fingal,Helen Redwood,07/07/2025,“To reduce LPT by -4%.”,against,text,printed_form
Fingal,John Smyth,07/07/2025,“To reduce LPT by -4%.”,against,text,printed_form
Fingal,John Walsh,07/07/2025,“To reduce LPT by -4%.”,against,text,resolved
Fingal,Eimear Carbone-Mangan,08/06/2026,,for,text,resolved
Fingal,Luke Corkery,08/06/2026,,for,text,resolved
Fingal,Kieran Dennison,08/06/2026,,for,text,resolved
Fingal,Eoghan Dockrell,08/06/2026,,for,text,resolved
Fingal,Cathal Haughey,08/06/2026,,for,text,resolved
Fingal,David Healy,08/06/2026,,for,text,printed_form
Fingal,Tom Kitt,08/06/2026,,for,text,resolved
Fingal,Ted Leddy,08/06/2026,,for,text,resolved
Fingal,Mary McCamley,08/06/2026,,for,text,resolved
Fingal,Brian McDonagh,08/06/2026,,for,text,resolved
Fingal,Dean Mulligan,08/06/2026,,for,text,resolved
Fingal,Tom O'Leary,08/06/2026,,for,text,resolved
Fingal,Brendan Ryan,08/06/2026,,for,text,resolved
Fingal,Gerard Sheehan,08/06/2026,,for,text,resolved
Fingal,Aoibhinn Tormey,08/06/2026,,for,text,resolved
Fingal,John Walsh,08/06/2026,,for,text,resolved
Fingal,Angela Donnelly,08/06/2026,,against,text,resolved
Fingal,Breda Hanaphy,08/06/2026,,against,text,resolved
Fingal,Patrick Quinlan,08/06/2026,,against,text,printed_form
Fingal,Darragh Butler,08/06/2026,,abstain,text,resolved
Fingal,James Humphreys,08/06/2026,,abstain,text,resolved
Fingal,Darren Jack Kelly,08/06/2026,,abstain,text,resolved
Fingal,Gráinne Maguire,08/06/2026,,abstain,text,resolved
Fingal,Tony Murphy,08/06/2026,,abstain,text,resolved
Fingal,Joe Newman,08/06/2026,,abstain,text,resolved
Fingal,Malachy Quinn,08/06/2026,,abstain,text,resolved
Fingal,Ellen Troy,08/06/2026,,abstain,text,resolved
Fingal,Mark Boland,08/06/2026,“Fair Chance to Save”,for,text,printed_form
Fingal,Angela Donnelly,08/06/2026,“Fair Chance to Save”,for,text,resolved
Fingal,David Healy,08/06/2026,“Fair Chance to Save”,for,text,printed_form
Fingal,James Humphreys,08/06/2026,“Fair Chance to Save”,for,text,resolved
Fingal,Mary McCamley,08/06/2026,“Fair Chance to Save”,for,text,resolved
Fingal,Brian McDonagh,08/06/2026,“Fair Chance to Save”,for,text,resolved
Fingal,Malachy Quinn,08/06/2026,“Fair Chance to Save”,for,text,resolved
Fingal,Brendan Ryan,08/06/2026,“Fair Chance to Save”,for,text,resolved
Fingal,Ellen Troy,08/06/2026,“Fair Chance to Save”,for,text,resolved
Fingal,John Walsh,08/06/2026,“Fair Chance to Save”,for,text,resolved
Fingal,Darragh Butler,08/06/2026,“Fair Chance to Save”,against,text,resolved
Fingal,Eimear Carbone-Mangan,08/06/2026,“Fair Chance to Save”,against,text,resolved
Fingal,Luke Corkery,08/06/2026,“Fair Chance to Save”,against,text,resolved
Fingal,Kieran Dennison,08/06/2026,“Fair Chance to Save”,against,text,resolved
Fingal,Eoghan Dockrell,08/06/2026,“Fair Chance to Save”,against,text,resolved
Fingal,Cathal Haughey,08/06/2026,“Fair Chance to Save”,against,text,resolved
Fingal,Tom Kitt,08/06/2026,“Fair Chance to Save”,against,text,resolved
Fingal,Ted Leddy,08/06/2026,“Fair Chance to Save”,against,text,resolved
Fingal,Gráinne Maguire,08/06/2026,“Fair Chance to Save”,against,text,resolved
Fingal,Tom O'Leary,08/06/2026,“Fair Chance to Save”,against,text,resolved
Fingal,JK Onwumereh,08/06/2026,“Fair Chance to Save”,against,text,resolved
Fingal,Aoibhinn Tormey,08/06/2026,“Fair Chance to Save”,against,text,resolved
Fingal,Tony Murphy,08/06/2026,“Fair Chance to Save”,abstain,text,resolved
Fingal,Joe Newman,08/06/2026,“Fair Chance to Save”,abstain,text,resolved
Fingal,Patrick Quinlan,08/06/2026,“Fair Chance to Save”,abstain,text,printed_form
Fingal,Gerard Sheehan,08/06/2026,“Fair Chance to Save”,abstain,text,resolved
Fingal,Mark Boland,08/12/2025,“That the Scheme be amended to provide a rate of €120.50 per square meter for both residential and non-residential development.”,for,text,printed_form
Fingal,John Burtchaell,08/12/2025,“That the Scheme be amended to provide a rate of €120.50 per square meter for both residential and non-residential development.”,for,text,resolved
Fingal,Angela Donnelly,08/12/2025,“That the Scheme be amended to provide a rate of €120.50 per square meter for both residential and non-residential development.”,for,text,resolved
Fingal,Breda Hanaphy,08/12/2025,“That the Scheme be amended to provide a rate of €120.50 per square meter for both residential and non-residential development.”,for,text,resolved
Fingal,David Healy,08/12/2025,“That the Scheme be amended to provide a rate of €120.50 per square meter for both residential and non-residential development.”,for,text,printed_form
Fingal,Joan Hopkins,08/12/2025,“That the Scheme be amended to provide a rate of €120.50 per square meter for both residential and non-residential development.”,for,text,resolved
Fingal,James Humphreys,08/12/2025,“That the Scheme be amended to provide a rate of €120.50 per square meter for both residential and non-residential development.”,for,text,resolved
Fingal,Mary McCamley,08/12/2025,“That the Scheme be amended to provide a rate of €120.50 per square meter for both residential and non-residential development.”,for,text,resolved
Fingal,Brian McDonagh,08/12/2025,“That the Scheme be amended to provide a rate of €120.50 per square meter for both residential and non-residential development.”,for,text,resolved
Fingal,Dean Mulligan,08/12/2025,“That the Scheme be amended to provide a rate of €120.50 per square meter for both residential and non-residential development.”,for,text,resolved
Fingal,Malachy Quinn,08/12/2025,“That the Scheme be amended to provide a rate of €120.50 per square meter for both residential and non-residential development.”,for,text,resolved
Fingal,Helen Redwood,08/12/2025,“That the Scheme be amended to provide a rate of €120.50 per square meter for both residential and non-residential development.”,for,text,printed_form
Fingal,Gerard Sheehan,08/12/2025,“That the Scheme be amended to provide a rate of €120.50 per square meter for both residential and non-residential development.”,for,text,resolved
Fingal,John Smyth,08/12/2025,“That the Scheme be amended to provide a rate of €120.50 per square meter for both residential and non-residential development.”,for,text,printed_form
Fingal,Ellen Troy,08/12/2025,“That the Scheme be amended to provide a rate of €120.50 per square meter for both residential and non-residential development.”,for,text,resolved
Fingal,John Walsh,08/12/2025,“That the Scheme be amended to provide a rate of €120.50 per square meter for both residential and non-residential development.”,for,text,resolved
Fingal,Cathal Boland,08/12/2025,“That the Scheme be amended to provide a rate of €120.50 per square meter for both residential and non-residential development.”,against,text,resolved
Fingal,Darragh Butler,08/12/2025,“That the Scheme be amended to provide a rate of €120.50 per square meter for both residential and non-residential development.”,against,text,resolved
Fingal,Eimear Carbone-Mangan,08/12/2025,“That the Scheme be amended to provide a rate of €120.50 per square meter for both residential and non-residential development.”,against,text,resolved
Fingal,Luke Corkery,08/12/2025,“That the Scheme be amended to provide a rate of €120.50 per square meter for both residential and non-residential development.”,against,text,resolved
Fingal,Kieran Dennison,08/12/2025,“That the Scheme be amended to provide a rate of €120.50 per square meter for both residential and non-residential development.”,against,text,resolved
Fingal,Eoghan Dockrell,08/12/2025,“That the Scheme be amended to provide a rate of €120.50 per square meter for both residential and non-residential development.”,against,text,resolved
Fingal,Jimmy Guerin,08/12/2025,“That the Scheme be amended to provide a rate of €120.50 per square meter for both residential and non-residential development.”,against,text,resolved
Fingal,Cathal Haughey,08/12/2025,“That the Scheme be amended to provide a rate of €120.50 per square meter for both residential and non-residential development.”,against,text,resolved
Fingal,Darren Jack Kelly,08/12/2025,“That the Scheme be amended to provide a rate of €120.50 per square meter for both residential and non-residential development.”,against,text,resolved
Fingal,Tom Kitt,08/12/2025,“That the Scheme be amended to provide a rate of €120.50 per square meter for both residential and non-residential development.”,against,text,resolved
Fingal,Ted Leddy,08/12/2025,“That the Scheme be amended to provide a rate of €120.50 per square meter for both residential and non-residential development.”,against,text,resolved
Fingal,Gráinne Maguire,08/12/2025,“That the Scheme be amended to provide a rate of €120.50 per square meter for both residential and non-residential development.”,against,text,resolved
Fingal,Tony Murphy,08/12/2025,“That the Scheme be amended to provide a rate of €120.50 per square meter for both residential and non-residential development.”,against,text,resolved
Fingal,Joe Newman,08/12/2025,“That the Scheme be amended to provide a rate of €120.50 per square meter for both residential and non-residential development.”,against,text,resolved
Fingal,Tom O'Leary,08/12/2025,“That the Scheme be amended to provide a rate of €120.50 per square meter for both residential and non-residential development.”,against,text,resolved
Fingal,JK Onwumereh,08/12/2025,“That the Scheme be amended to provide a rate of €120.50 per square meter for both residential and non-residential development.”,against,text,resolved
Fingal,Siobhan Shovlin,08/12/2025,“That the Scheme be amended to provide a rate of €120.50 per square meter for both residential and non-residential development.”,against,text,resolved
Fingal,Aoibhinn Tormey,08/12/2025,“That the Scheme be amended to provide a rate of €120.50 per square meter for both residential and non-residential development.”,against,text,resolved
Fingal,Patrick Quinlan,08/12/2025,“That the Scheme be amended to provide a rate of €120.50 per square meter for both residential and non-residential development.”,abstain,text,printed_form
Fingal,Mark Boland,08/12/2025,"“That the Scheme be amended to exempt “Communal, social and cultural facilities associated with a housing development.”",for,text,printed_form
Fingal,John Burtchaell,08/12/2025,"“That the Scheme be amended to exempt “Communal, social and cultural facilities associated with a housing development.”",for,text,resolved
Fingal,Angela Donnelly,08/12/2025,"“That the Scheme be amended to exempt “Communal, social and cultural facilities associated with a housing development.”",for,text,resolved
Fingal,Breda Hanaphy,08/12/2025,"“That the Scheme be amended to exempt “Communal, social and cultural facilities associated with a housing development.”",for,text,resolved
Fingal,David Healy,08/12/2025,"“That the Scheme be amended to exempt “Communal, social and cultural facilities associated with a housing development.”",for,text,printed_form
Fingal,Joan Hopkins,08/12/2025,"“That the Scheme be amended to exempt “Communal, social and cultural facilities associated with a housing development.”",for,text,resolved
Fingal,James Humphreys,08/12/2025,"“That the Scheme be amended to exempt “Communal, social and cultural facilities associated with a housing development.”",for,text,resolved
Fingal,Corina Johnston,08/12/2025,"“That the Scheme be amended to exempt “Communal, social and cultural facilities associated with a housing development.”",for,text,resolved
Fingal,Mary McCamley,08/12/2025,"“That the Scheme be amended to exempt “Communal, social and cultural facilities associated with a housing development.”",for,text,resolved
Fingal,Brian McDonagh,08/12/2025,"“That the Scheme be amended to exempt “Communal, social and cultural facilities associated with a housing development.”",for,text,resolved
Fingal,Dean Mulligan,08/12/2025,"“That the Scheme be amended to exempt “Communal, social and cultural facilities associated with a housing development.”",for,text,resolved
Fingal,Paul Mulville,08/12/2025,"“That the Scheme be amended to exempt “Communal, social and cultural facilities associated with a housing development.”",for,text,resolved
Fingal,Malachy Quinn,08/12/2025,"“That the Scheme be amended to exempt “Communal, social and cultural facilities associated with a housing development.”",for,text,resolved
Fingal,Helen Redwood,08/12/2025,"“That the Scheme be amended to exempt “Communal, social and cultural facilities associated with a housing development.”",for,text,printed_form
Fingal,John Smyth,08/12/2025,"“That the Scheme be amended to exempt “Communal, social and cultural facilities associated with a housing development.”",for,text,printed_form
Fingal,John Walsh,08/12/2025,"“That the Scheme be amended to exempt “Communal, social and cultural facilities associated with a housing development.”",for,text,resolved
Fingal,Cathal Boland,08/12/2025,"“That the Scheme be amended to exempt “Communal, social and cultural facilities associated with a housing development.”",against,text,resolved
Fingal,Darragh Butler,08/12/2025,"“That the Scheme be amended to exempt “Communal, social and cultural facilities associated with a housing development.”",against,text,resolved
Fingal,Eimear Carbone-Mangan,08/12/2025,"“That the Scheme be amended to exempt “Communal, social and cultural facilities associated with a housing development.”",against,text,resolved
Fingal,Luke Corkery,08/12/2025,"“That the Scheme be amended to exempt “Communal, social and cultural facilities associated with a housing development.”",against,text,resolved
Fingal,Kieran Dennison,08/12/2025,"“That the Scheme be amended to exempt “Communal, social and cultural facilities associated with a housing development.”",against,text,resolved
Fingal,Eoghan Dockrell,08/12/2025,"“That the Scheme be amended to exempt “Communal, social and cultural facilities associated with a housing development.”",against,text,resolved
Fingal,Jimmy Guerin,08/12/2025,"“That the Scheme be amended to exempt “Communal, social and cultural facilities associated with a housing development.”",against,text,resolved
Fingal,Cathal Haughey,08/12/2025,"“That the Scheme be amended to exempt “Communal, social and cultural facilities associated with a housing development.”",against,text,resolved
Fingal,Darren Jack Kelly,08/12/2025,"“That the Scheme be amended to exempt “Communal, social and cultural facilities associated with a housing development.”",against,text,resolved
Fingal,Tom Kitt,08/12/2025,"“That the Scheme be amended to exempt “Communal, social and cultural facilities associated with a housing development.”",against,text,resolved
Fingal,Ted Leddy,08/12/2025,"“That the Scheme be amended to exempt “Communal, social and cultural facilities associated with a housing development.”",against,text,resolved
Fingal,Gráinne Maguire,08/12/2025,"“That the Scheme be amended to exempt “Communal, social and cultural facilities associated with a housing development.”",against,text,resolved
Fingal,Tony Murphy,08/12/2025,"“That the Scheme be amended to exempt “Communal, social and cultural facilities associated with a housing development.”",against,text,resolved
Fingal,Joe Newman,08/12/2025,"“That the Scheme be amended to exempt “Communal, social and cultural facilities associated with a housing development.”",against,text,resolved
Fingal,Tom O'Leary,08/12/2025,"“That the Scheme be amended to exempt “Communal, social and cultural facilities associated with a housing development.”",against,text,resolved
Fingal,JK Onwumereh,08/12/2025,"“That the Scheme be amended to exempt “Communal, social and cultural facilities associated with a housing development.”",against,text,resolved
Fingal,Gerard Sheehan,08/12/2025,"“That the Scheme be amended to exempt “Communal, social and cultural facilities associated with a housing development.”",against,text,resolved
Fingal,Siobhan Shovlin,08/12/2025,"“That the Scheme be amended to exempt “Communal, social and cultural facilities associated with a housing development.”",against,text,resolved
Fingal,Aoibhinn Tormey,08/12/2025,"“That the Scheme be amended to exempt “Communal, social and cultural facilities associated with a housing development.”",against,text,resolved
Fingal,Ellen Troy,08/12/2025,"“That the Scheme be amended to exempt “Communal, social and cultural facilities associated with a housing development.”",against,text,resolved
Fingal,Darragh Butler,09/02/2026,"The following motion, was proposed by Councillor J",for,text,resolved
Fingal,Eimear Carbone-Mangan,09/02/2026,"The following motion, was proposed by Councillor J",for,text,resolved
Fingal,Luke Corkery,09/02/2026,"The following motion, was proposed by Councillor J",for,text,resolved
Fingal,Kieran Dennison,09/02/2026,"The following motion, was proposed by Councillor J",for,text,resolved
Fingal,Eoghan Dockrell,09/02/2026,"The following motion, was proposed by Councillor J",for,text,resolved
Fingal,Jimmy Guerin,09/02/2026,"The following motion, was proposed by Councillor J",for,text,resolved
Fingal,Cathal Haughey,09/02/2026,"The following motion, was proposed by Councillor J",for,text,resolved
Fingal,Darren Jack Kelly,09/02/2026,"The following motion, was proposed by Councillor J",for,text,resolved
Fingal,Tom Kitt,09/02/2026,"The following motion, was proposed by Councillor J",for,text,resolved
Fingal,Ted Leddy,09/02/2026,"The following motion, was proposed by Councillor J",for,text,resolved
Fingal,Gráinne Maguire,09/02/2026,"The following motion, was proposed by Councillor J",for,text,resolved
Fingal,Tony Murphy,09/02/2026,"The following motion, was proposed by Councillor J",for,text,resolved
Fingal,Joe Newman,09/02/2026,"The following motion, was proposed by Councillor J",for,text,resolved
Fingal,Eoghan O'Brien,09/02/2026,"The following motion, was proposed by Councillor J",for,text,resolved
Fingal,Tom O'Leary,09/02/2026,"The following motion, was proposed by Councillor J",for,text,resolved
Fingal,JK Onwumereh,09/02/2026,"The following motion, was proposed by Councillor J",for,text,resolved
Fingal,Siobhan Shovlin,09/02/2026,"The following motion, was proposed by Councillor J",for,text,resolved
Fingal,Aoibhinn Tormey,09/02/2026,"The following motion, was proposed by Councillor J",for,text,resolved
Fingal,Cathal Boland,09/02/2026,"The following motion, was proposed by Councillor J",against,text,resolved
Fingal,Mark Boland,09/02/2026,"The following motion, was proposed by Councillor J",against,text,printed_form
Fingal,John Burtchaell,09/02/2026,"The following motion, was proposed by Councillor J",against,text,resolved
Fingal,Angela Donnelly,09/02/2026,"The following motion, was proposed by Councillor J",against,text,resolved
Fingal,Breda Hanaphy,09/02/2026,"The following motion, was proposed by Councillor J",against,text,resolved
Fingal,David Healy,09/02/2026,"The following motion, was proposed by Councillor J",against,text,printed_form
Fingal,Joan Hopkins,09/02/2026,"The following motion, was proposed by Councillor J",against,text,resolved
Fingal,James Humphreys,09/02/2026,"The following motion, was proposed by Councillor J",against,text,resolved
Fingal,Corina Johnston,09/02/2026,"The following motion, was proposed by Councillor J",against,text,resolved
Fingal,Mary McCamley,09/02/2026,"The following motion, was proposed by Councillor J",against,text,resolved
Fingal,Brian McDonagh,09/02/2026,"The following motion, was proposed by Councillor J",against,text,resolved
Fingal,Dean Mulligan,09/02/2026,"The following motion, was proposed by Councillor J",against,text,resolved
Fingal,Paul Mulville,09/02/2026,"The following motion, was proposed by Councillor J",against,text,resolved
Fingal,Patrick Quinlan,09/02/2026,"The following motion, was proposed by Councillor J",against,text,printed_form
Fingal,Malachy Quinn,09/02/2026,"The following motion, was proposed by Councillor J",against,text,resolved
Fingal,Brendan Ryan,09/02/2026,"The following motion, was proposed by Councillor J",against,text,resolved
Fingal,Gerard Sheehan,09/02/2026,"The following motion, was proposed by Councillor J",against,text,resolved
Fingal,Ellen Troy,09/02/2026,"The following motion, was proposed by Councillor J",against,text,resolved
Fingal,John Walsh,09/02/2026,"The following motion, was proposed by Councillor J",against,text,resolved
Fingal,Mark Boland,09/02/2026,“That this Council seeks an alternative plan to the “Fortlawn Part 8 planning proposal”,for,text,printed_form
Fingal,John Burtchaell,09/02/2026,“That this Council seeks an alternative plan to the “Fortlawn Part 8 planning proposal”,for,text,resolved
Fingal,Angela Donnelly,09/02/2026,“That this Council seeks an alternative plan to the “Fortlawn Part 8 planning proposal”,for,text,resolved
Fingal,Breda Hanaphy,09/02/2026,“That this Council seeks an alternative plan to the “Fortlawn Part 8 planning proposal”,for,text,resolved
Fingal,David Healy,09/02/2026,“That this Council seeks an alternative plan to the “Fortlawn Part 8 planning proposal”,for,text,printed_form
Fingal,Joan Hopkins,09/02/2026,“That this Council seeks an alternative plan to the “Fortlawn Part 8 planning proposal”,for,text,resolved
Fingal,James Humphreys,09/02/2026,“That this Council seeks an alternative plan to the “Fortlawn Part 8 planning proposal”,for,text,resolved
Fingal,Corina Johnston,09/02/2026,“That this Council seeks an alternative plan to the “Fortlawn Part 8 planning proposal”,for,text,resolved
Fingal,Mary McCamley,09/02/2026,“That this Council seeks an alternative plan to the “Fortlawn Part 8 planning proposal”,for,text,resolved
Fingal,Brian McDonagh,09/02/2026,“That this Council seeks an alternative plan to the “Fortlawn Part 8 planning proposal”,for,text,resolved
Fingal,Dean Mulligan,09/02/2026,“That this Council seeks an alternative plan to the “Fortlawn Part 8 planning proposal”,for,text,resolved
Fingal,Paul Mulville,09/02/2026,“That this Council seeks an alternative plan to the “Fortlawn Part 8 planning proposal”,for,text,resolved
Fingal,Patrick Quinlan,09/02/2026,“That this Council seeks an alternative plan to the “Fortlawn Part 8 planning proposal”,for,text,printed_form
Fingal,Malachy Quinn,09/02/2026,“That this Council seeks an alternative plan to the “Fortlawn Part 8 planning proposal”,for,text,resolved
Fingal,Brendan Ryan,09/02/2026,“That this Council seeks an alternative plan to the “Fortlawn Part 8 planning proposal”,for,text,resolved
Fingal,Gerard Sheehan,09/02/2026,“That this Council seeks an alternative plan to the “Fortlawn Part 8 planning proposal”,for,text,resolved
Fingal,Ellen Troy,09/02/2026,“That this Council seeks an alternative plan to the “Fortlawn Part 8 planning proposal”,for,text,resolved
Fingal,John Walsh,09/02/2026,“That this Council seeks an alternative plan to the “Fortlawn Part 8 planning proposal”,for,text,resolved
Fingal,Cathal Boland,09/02/2026,“That this Council seeks an alternative plan to the “Fortlawn Part 8 planning proposal”,against,text,resolved
Fingal,Darragh Butler,09/02/2026,“That this Council seeks an alternative plan to the “Fortlawn Part 8 planning proposal”,against,text,resolved
Fingal,Eimear Carbone-Mangan,09/02/2026,“That this Council seeks an alternative plan to the “Fortlawn Part 8 planning proposal”,against,text,resolved
Fingal,Luke Corkery,09/02/2026,“That this Council seeks an alternative plan to the “Fortlawn Part 8 planning proposal”,against,text,resolved
Fingal,Kieran Dennison,09/02/2026,“That this Council seeks an alternative plan to the “Fortlawn Part 8 planning proposal”,against,text,resolved
Fingal,Eoghan Dockrell,09/02/2026,“That this Council seeks an alternative plan to the “Fortlawn Part 8 planning proposal”,against,text,resolved
Fingal,Jimmy Guerin,09/02/2026,“That this Council seeks an alternative plan to the “Fortlawn Part 8 planning proposal”,against,text,resolved
Fingal,Cathal Haughey,09/02/2026,“That this Council seeks an alternative plan to the “Fortlawn Part 8 planning proposal”,against,text,resolved
Fingal,Darren Jack Kelly,09/02/2026,“That this Council seeks an alternative plan to the “Fortlawn Part 8 planning proposal”,against,text,resolved
Fingal,Tom Kitt,09/02/2026,“That this Council seeks an alternative plan to the “Fortlawn Part 8 planning proposal”,against,text,resolved
Fingal,Ted Leddy,09/02/2026,“That this Council seeks an alternative plan to the “Fortlawn Part 8 planning proposal”,against,text,resolved
Fingal,Gráinne Maguire,09/02/2026,“That this Council seeks an alternative plan to the “Fortlawn Part 8 planning proposal”,against,text,resolved
Fingal,Tony Murphy,09/02/2026,“That this Council seeks an alternative plan to the “Fortlawn Part 8 planning proposal”,against,text,resolved
Fingal,Joe Newman,09/02/2026,“That this Council seeks an alternative plan to the “Fortlawn Part 8 planning proposal”,against,text,resolved
Fingal,Eoghan O'Brien,09/02/2026,“That this Council seeks an alternative plan to the “Fortlawn Part 8 planning proposal”,against,text,resolved
Fingal,Tom O'Leary,09/02/2026,“That this Council seeks an alternative plan to the “Fortlawn Part 8 planning proposal”,against,text,resolved
Fingal,JK Onwumereh,09/02/2026,“That this Council seeks an alternative plan to the “Fortlawn Part 8 planning proposal”,against,text,resolved
Fingal,Siobhan Shovlin,09/02/2026,“That this Council seeks an alternative plan to the “Fortlawn Part 8 planning proposal”,against,text,resolved
Fingal,Aoibhinn Tormey,09/02/2026,“That this Council seeks an alternative plan to the “Fortlawn Part 8 planning proposal”,against,text,resolved
Fingal,Cathal Boland,09/02/2026,"“In accordance with Section 179 of the Planning and Development Act 2000 (as amended), and having considered the Chief Executive’s Report, the Elected Members approve the proposed development as outlined in the plans, particulars, and docum",for,text,resolved
Fingal,Darragh Butler,09/02/2026,"“In accordance with Section 179 of the Planning and Development Act 2000 (as amended), and having considered the Chief Executive’s Report, the Elected Members approve the proposed development as outlined in the plans, particulars, and docum",for,text,resolved
Fingal,Eimear Carbone-Mangan,09/02/2026,"“In accordance with Section 179 of the Planning and Development Act 2000 (as amended), and having considered the Chief Executive’s Report, the Elected Members approve the proposed development as outlined in the plans, particulars, and docum",for,text,resolved
Fingal,Luke Corkery,09/02/2026,"“In accordance with Section 179 of the Planning and Development Act 2000 (as amended), and having considered the Chief Executive’s Report, the Elected Members approve the proposed development as outlined in the plans, particulars, and docum",for,text,resolved
Fingal,Kieran Dennison,09/02/2026,"“In accordance with Section 179 of the Planning and Development Act 2000 (as amended), and having considered the Chief Executive’s Report, the Elected Members approve the proposed development as outlined in the plans, particulars, and docum",for,text,resolved
Fingal,Eoghan Dockrell,09/02/2026,"“In accordance with Section 179 of the Planning and Development Act 2000 (as amended), and having considered the Chief Executive’s Report, the Elected Members approve the proposed development as outlined in the plans, particulars, and docum",for,text,resolved
Fingal,Jimmy Guerin,09/02/2026,"“In accordance with Section 179 of the Planning and Development Act 2000 (as amended), and having considered the Chief Executive’s Report, the Elected Members approve the proposed development as outlined in the plans, particulars, and docum",for,text,resolved
Fingal,Cathal Haughey,09/02/2026,"“In accordance with Section 179 of the Planning and Development Act 2000 (as amended), and having considered the Chief Executive’s Report, the Elected Members approve the proposed development as outlined in the plans, particulars, and docum",for,text,resolved
Fingal,Darren Jack Kelly,09/02/2026,"“In accordance with Section 179 of the Planning and Development Act 2000 (as amended), and having considered the Chief Executive’s Report, the Elected Members approve the proposed development as outlined in the plans, particulars, and docum",for,text,resolved
Fingal,Tom Kitt,09/02/2026,"“In accordance with Section 179 of the Planning and Development Act 2000 (as amended), and having considered the Chief Executive’s Report, the Elected Members approve the proposed development as outlined in the plans, particulars, and docum",for,text,resolved
Fingal,Ted Leddy,09/02/2026,"“In accordance with Section 179 of the Planning and Development Act 2000 (as amended), and having considered the Chief Executive’s Report, the Elected Members approve the proposed development as outlined in the plans, particulars, and docum",for,text,resolved
Fingal,Gráinne Maguire,09/02/2026,"“In accordance with Section 179 of the Planning and Development Act 2000 (as amended), and having considered the Chief Executive’s Report, the Elected Members approve the proposed development as outlined in the plans, particulars, and docum",for,text,resolved
Fingal,Brian McDonagh,09/02/2026,"“In accordance with Section 179 of the Planning and Development Act 2000 (as amended), and having considered the Chief Executive’s Report, the Elected Members approve the proposed development as outlined in the plans, particulars, and docum",for,text,resolved
Fingal,Tony Murphy,09/02/2026,"“In accordance with Section 179 of the Planning and Development Act 2000 (as amended), and having considered the Chief Executive’s Report, the Elected Members approve the proposed development as outlined in the plans, particulars, and docum",for,text,resolved
Fingal,Joe Newman,09/02/2026,"“In accordance with Section 179 of the Planning and Development Act 2000 (as amended), and having considered the Chief Executive’s Report, the Elected Members approve the proposed development as outlined in the plans, particulars, and docum",for,text,resolved
Fingal,Eoghan O'Brien,09/02/2026,"“In accordance with Section 179 of the Planning and Development Act 2000 (as amended), and having considered the Chief Executive’s Report, the Elected Members approve the proposed development as outlined in the plans, particulars, and docum",for,text,resolved
Fingal,Tom O'Leary,09/02/2026,"“In accordance with Section 179 of the Planning and Development Act 2000 (as amended), and having considered the Chief Executive’s Report, the Elected Members approve the proposed development as outlined in the plans, particulars, and docum",for,text,resolved
Fingal,JK Onwumereh,09/02/2026,"“In accordance with Section 179 of the Planning and Development Act 2000 (as amended), and having considered the Chief Executive’s Report, the Elected Members approve the proposed development as outlined in the plans, particulars, and docum",for,text,resolved
Fingal,Siobhan Shovlin,09/02/2026,"“In accordance with Section 179 of the Planning and Development Act 2000 (as amended), and having considered the Chief Executive’s Report, the Elected Members approve the proposed development as outlined in the plans, particulars, and docum",for,text,resolved
Fingal,Aoibhinn Tormey,09/02/2026,"“In accordance with Section 179 of the Planning and Development Act 2000 (as amended), and having considered the Chief Executive’s Report, the Elected Members approve the proposed development as outlined in the plans, particulars, and docum",for,text,resolved
Fingal,Mark Boland,09/02/2026,"“In accordance with Section 179 of the Planning and Development Act 2000 (as amended), and having considered the Chief Executive’s Report, the Elected Members approve the proposed development as outlined in the plans, particulars, and docum",against,text,printed_form
Fingal,John Burtchaell,09/02/2026,"“In accordance with Section 179 of the Planning and Development Act 2000 (as amended), and having considered the Chief Executive’s Report, the Elected Members approve the proposed development as outlined in the plans, particulars, and docum",against,text,resolved
Fingal,Angela Donnelly,09/02/2026,"“In accordance with Section 179 of the Planning and Development Act 2000 (as amended), and having considered the Chief Executive’s Report, the Elected Members approve the proposed development as outlined in the plans, particulars, and docum",against,text,resolved
Fingal,Breda Hanaphy,09/02/2026,"“In accordance with Section 179 of the Planning and Development Act 2000 (as amended), and having considered the Chief Executive’s Report, the Elected Members approve the proposed development as outlined in the plans, particulars, and docum",against,text,resolved
Fingal,David Healy,09/02/2026,"“In accordance with Section 179 of the Planning and Development Act 2000 (as amended), and having considered the Chief Executive’s Report, the Elected Members approve the proposed development as outlined in the plans, particulars, and docum",against,text,printed_form
Fingal,Joan Hopkins,09/02/2026,"“In accordance with Section 179 of the Planning and Development Act 2000 (as amended), and having considered the Chief Executive’s Report, the Elected Members approve the proposed development as outlined in the plans, particulars, and docum",against,text,resolved
Fingal,James Humphreys,09/02/2026,"“In accordance with Section 179 of the Planning and Development Act 2000 (as amended), and having considered the Chief Executive’s Report, the Elected Members approve the proposed development as outlined in the plans, particulars, and docum",against,text,resolved
Fingal,Corina Johnston,09/02/2026,"“In accordance with Section 179 of the Planning and Development Act 2000 (as amended), and having considered the Chief Executive’s Report, the Elected Members approve the proposed development as outlined in the plans, particulars, and docum",against,text,resolved
Fingal,Mary McCamley,09/02/2026,"“In accordance with Section 179 of the Planning and Development Act 2000 (as amended), and having considered the Chief Executive’s Report, the Elected Members approve the proposed development as outlined in the plans, particulars, and docum",against,text,resolved
Fingal,Dean Mulligan,09/02/2026,"“In accordance with Section 179 of the Planning and Development Act 2000 (as amended), and having considered the Chief Executive’s Report, the Elected Members approve the proposed development as outlined in the plans, particulars, and docum",against,text,resolved
Fingal,Paul Mulville,09/02/2026,"“In accordance with Section 179 of the Planning and Development Act 2000 (as amended), and having considered the Chief Executive’s Report, the Elected Members approve the proposed development as outlined in the plans, particulars, and docum",against,text,resolved
Fingal,Patrick Quinlan,09/02/2026,"“In accordance with Section 179 of the Planning and Development Act 2000 (as amended), and having considered the Chief Executive’s Report, the Elected Members approve the proposed development as outlined in the plans, particulars, and docum",against,text,printed_form
Fingal,Malachy Quinn,09/02/2026,"“In accordance with Section 179 of the Planning and Development Act 2000 (as amended), and having considered the Chief Executive’s Report, the Elected Members approve the proposed development as outlined in the plans, particulars, and docum",against,text,resolved
Fingal,Brendan Ryan,09/02/2026,"“In accordance with Section 179 of the Planning and Development Act 2000 (as amended), and having considered the Chief Executive’s Report, the Elected Members approve the proposed development as outlined in the plans, particulars, and docum",against,text,resolved
Fingal,Gerard Sheehan,09/02/2026,"“In accordance with Section 179 of the Planning and Development Act 2000 (as amended), and having considered the Chief Executive’s Report, the Elected Members approve the proposed development as outlined in the plans, particulars, and docum",against,text,resolved
Fingal,Ellen Troy,09/02/2026,"“In accordance with Section 179 of the Planning and Development Act 2000 (as amended), and having considered the Chief Executive’s Report, the Elected Members approve the proposed development as outlined in the plans, particulars, and docum",against,text,resolved
Fingal,John Walsh,09/02/2026,"“In accordance with Section 179 of the Planning and Development Act 2000 (as amended), and having considered the Chief Executive’s Report, the Elected Members approve the proposed development as outlined in the plans, particulars, and docum",against,text,resolved
Fingal,Mark Boland,10/03/2025,,for,text,printed_form
Fingal,John Burtchaell,10/03/2025,,for,text,resolved
Fingal,Luke Corkery,10/03/2025,,for,text,resolved
Fingal,Eoghan Dockrell,10/03/2025,,for,text,resolved
Fingal,Angela Donnelly,10/03/2025,,for,text,resolved
Fingal,David Healy,10/03/2025,,for,text,printed_form
Fingal,James Humphreys,10/03/2025,,for,text,resolved
Fingal,Corina Johnston,10/03/2025,,for,text,resolved
Fingal,Brian Mc Donagh,10/03/2025,,for,text,printed_form
Fingal,Mary McCamley,10/03/2025,,for,text,resolved
Fingal,Dean Mulligan,10/03/2025,,for,text,resolved
Fingal,Paul Mulville,10/03/2025,,for,text,resolved
Fingal,Malachy Quinn,10/03/2025,,for,text,resolved
Fingal,18 Helen Redwood,10/03/2025,,for,text,printed_form
Fingal,Brendan Ryan,10/03/2025,,for,text,resolved
Fingal,John Smyth,10/03/2025,,for,text,printed_form
Fingal,Aoibhinn Tormey,10/03/2025,,for,text,resolved
Fingal,John Walsh,10/03/2025,,for,text,resolved
Fingal,Darragh Butler,10/03/2025,,against,text,resolved
Fingal,Eimear Carbone-Mangan,10/03/2025,,against,text,resolved
Fingal,Kieran Dennison,10/03/2025,,against,text,resolved
Fingal,Jimmy Guerin,10/03/2025,,against,text,resolved
Fingal,Cathal Haughey,10/03/2025,,against,text,resolved
Fingal,Tom Kitt,10/03/2025,,against,text,resolved
Fingal,Ted Leddy,10/03/2025,,against,text,resolved
Fingal,Gráinne Maguire,10/03/2025,,against,text,resolved
Fingal,Tony Murphy,10/03/2025,,against,text,resolved
Fingal,Joe Newman,10/03/2025,,against,text,resolved
Fingal,JK Onwumereh,10/03/2025,,against,text,resolved
Fingal,Gerard Sheehan,10/03/2025,,against,text,resolved
Fingal,Ellen Troy,10/03/2025,,against,text,resolved
Fingal,Tom O'Leary,10/03/2025,,abstain,text,resolved
Fingal,Patrick Quinlan,10/03/2025,,abstain,text,printed_form
Fingal,Siobhan Shovlin,10/03/2025,,abstain,text,resolved
Fingal,Mark Boland,13/04/2026,(vote 1 of 2),for,text,printed_form
Fingal,John Burtchaell,13/04/2026,(vote 1 of 2),for,text,resolved
Fingal,Angela Donnelly,13/04/2026,(vote 1 of 2),for,text,resolved
Fingal,Tania Doyle,13/04/2026,(vote 1 of 2),for,text,resolved
Fingal,Breda Hanaphy,13/04/2026,(vote 1 of 2),for,text,resolved
Fingal,David Healy,13/04/2026,(vote 1 of 2),for,text,printed_form
Fingal,Joan Hopkins,13/04/2026,(vote 1 of 2),for,text,resolved
Fingal,James Humphreys,13/04/2026,(vote 1 of 2),for,text,resolved
Fingal,Corina Johnston,13/04/2026,(vote 1 of 2),for,text,resolved
Fingal,Darren Jack Kelly,13/04/2026,(vote 1 of 2),for,text,resolved
Fingal,Brian McDonagh,13/04/2026,(vote 1 of 2),for,text,resolved
Fingal,Paul Mulville,13/04/2026,(vote 1 of 2),for,text,resolved
Fingal,Tom O'Leary,13/04/2026,(vote 1 of 2),for,text,resolved
Fingal,Patrick Quinlan,13/04/2026,(vote 1 of 2),for,text,printed_form
Fingal,3 Malachy Quinn,13/04/2026,(vote 1 of 2),for,text,printed_form
Fingal,Brendan Ryan,13/04/2026,(vote 1 of 2),for,text,resolved
Fingal,Gerard Sheehan,13/04/2026,(vote 1 of 2),for,text,resolved
Fingal,John Smyth,13/04/2026,(vote 1 of 2),for,text,printed_form
Fingal,Ellen Troy,13/04/2026,(vote 1 of 2),for,text,resolved
Fingal,John Walsh,13/04/2026,(vote 1 of 2),for,text,resolved
Fingal,Cathal Boland,13/04/2026,(vote 1 of 2),against,text,resolved
Fingal,Darragh Butler,13/04/2026,(vote 1 of 2),against,text,resolved
Fingal,Eimear Carbone-Mangan,13/04/2026,(vote 1 of 2),against,text,resolved
Fingal,Luke Corkery,13/04/2026,(vote 1 of 2),against,text,resolved
Fingal,Kieran Dennison,13/04/2026,(vote 1 of 2),against,text,resolved
Fingal,Eoghan Dockrell,13/04/2026,(vote 1 of 2),against,text,resolved
Fingal,Cathal Haughey,13/04/2026,(vote 1 of 2),against,text,resolved
Fingal,Tom Kitt,13/04/2026,(vote 1 of 2),against,text,resolved
Fingal,Ted Leddy,13/04/2026,(vote 1 of 2),against,text,resolved
Fingal,Gráinne Maguire,13/04/2026,(vote 1 of 2),against,text,resolved
Fingal,Tony Murphy,13/04/2026,(vote 1 of 2),against,text,resolved
Fingal,Joe Newman,13/04/2026,(vote 1 of 2),against,text,resolved
Fingal,Eoghan O'Brien,13/04/2026,(vote 1 of 2),against,text,resolved
Fingal,JK Onwumereh,13/04/2026,(vote 1 of 2),against,text,resolved
Fingal,Aoibhinn Tormey,13/04/2026,(vote 1 of 2),against,text,resolved
Fingal,Jimmy Guerin,13/04/2026,(vote 1 of 2),abstain,text,resolved
Fingal,Cathal Boland,13/04/2026,(vote 2 of 2),for,text,resolved
Fingal,Darragh Butler,13/04/2026,(vote 2 of 2),for,text,resolved
Fingal,Eimear Carbone-Mangan,13/04/2026,(vote 2 of 2),for,text,resolved
Fingal,Luke Corkery,13/04/2026,(vote 2 of 2),for,text,resolved
Fingal,Kieran Dennison,13/04/2026,(vote 2 of 2),for,text,resolved
Fingal,Eoghan Dockrell,13/04/2026,(vote 2 of 2),for,text,resolved
Fingal,Jimmy Guerin,13/04/2026,(vote 2 of 2),for,text,resolved
Fingal,Cathal Haughey,13/04/2026,(vote 2 of 2),for,text,resolved
Fingal,Joan Hopkins,13/04/2026,(vote 2 of 2),for,text,resolved
Fingal,Darren Jack Kelly,13/04/2026,(vote 2 of 2),for,text,resolved
Fingal,Tom Kitt,13/04/2026,(vote 2 of 2),for,text,resolved
Fingal,Ted Leddy,13/04/2026,(vote 2 of 2),for,text,resolved
Fingal,Gráinne Maguire,13/04/2026,(vote 2 of 2),for,text,resolved
Fingal,Paul Mulville,13/04/2026,(vote 2 of 2),for,text,resolved
Fingal,Tony Murphy,13/04/2026,(vote 2 of 2),for,text,resolved
Fingal,Joe Newman,13/04/2026,(vote 2 of 2),for,text,resolved
Fingal,Eoghan O'Brien,13/04/2026,(vote 2 of 2),for,text,resolved
Fingal,Tom O'Leary,13/04/2026,(vote 2 of 2),for,text,resolved
Fingal,JK Onwumereh,13/04/2026,(vote 2 of 2),for,text,resolved
Fingal,Aoibhinn Tormey,13/04/2026,(vote 2 of 2),for,text,resolved
Fingal,John Burtchaell,13/04/2026,(vote 2 of 2),against,text,resolved
Fingal,Angela Donnelly,13/04/2026,(vote 2 of 2),against,text,resolved
Fingal,Breda Hanaphy,13/04/2026,(vote 2 of 2),against,text,resolved
Fingal,Malachy Quinn,13/04/2026,(vote 2 of 2),against,text,resolved
Fingal,John Smyth,13/04/2026,(vote 2 of 2),against,text,printed_form
Fingal,Mark Boland,13/04/2026,(vote 2 of 2),abstain,text,printed_form
Fingal,James Humphreys,13/04/2026,(vote 2 of 2),abstain,text,resolved
Fingal,Corina Johnston,13/04/2026,(vote 2 of 2),abstain,text,resolved
Fingal,Mary McCamley,13/04/2026,(vote 2 of 2),abstain,text,resolved
Fingal,Brian McDonagh,13/04/2026,(vote 2 of 2),abstain,text,resolved
Fingal,Patrick Quinlan,13/04/2026,(vote 2 of 2),abstain,text,printed_form
Fingal,Gerard Sheehan,13/04/2026,(vote 2 of 2),abstain,text,resolved
Fingal,Ellen Troy,13/04/2026,(vote 2 of 2),abstain,text,resolved
Fingal,John Walsh,13/04/2026,(vote 2 of 2),abstain,text,resolved
Fingal,Cathal Boland,13/04/2026,“To support OAP’s and People on disability payments that are in the lowest income stream”,for,text,resolved
Fingal,Mark Boland,13/04/2026,“To support OAP’s and People on disability payments that are in the lowest income stream”,for,text,printed_form
Fingal,John Burtchaell,13/04/2026,“To support OAP’s and People on disability payments that are in the lowest income stream”,for,text,resolved
Fingal,Luke Corkery,13/04/2026,“To support OAP’s and People on disability payments that are in the lowest income stream”,for,text,resolved
Fingal,Eoghan Dockrell,13/04/2026,“To support OAP’s and People on disability payments that are in the lowest income stream”,for,text,resolved
Fingal,Angela Donnelly,13/04/2026,“To support OAP’s and People on disability payments that are in the lowest income stream”,for,text,resolved
Fingal,Breda Hanaphy,13/04/2026,“To support OAP’s and People on disability payments that are in the lowest income stream”,for,text,resolved
Fingal,Joan Hopkins,13/04/2026,“To support OAP’s and People on disability payments that are in the lowest income stream”,for,text,resolved
Fingal,James Humphreys,13/04/2026,“To support OAP’s and People on disability payments that are in the lowest income stream”,for,text,resolved
Fingal,Corina Johnston,13/04/2026,“To support OAP’s and People on disability payments that are in the lowest income stream”,for,text,resolved
Fingal,Darren Jack Kelly,13/04/2026,“To support OAP’s and People on disability payments that are in the lowest income stream”,for,text,resolved
Fingal,Brian McDonagh,13/04/2026,“To support OAP’s and People on disability payments that are in the lowest income stream”,for,text,resolved
Fingal,Paul Mulville,13/04/2026,“To support OAP’s and People on disability payments that are in the lowest income stream”,for,text,resolved
Fingal,Patrick Quinlan,13/04/2026,“To support OAP’s and People on disability payments that are in the lowest income stream”,for,text,printed_form
Fingal,Malachy Quinn,13/04/2026,“To support OAP’s and People on disability payments that are in the lowest income stream”,for,text,resolved
Fingal,Gerard Sheehan,13/04/2026,“To support OAP’s and People on disability payments that are in the lowest income stream”,for,text,resolved
Fingal,John Smyth,13/04/2026,“To support OAP’s and People on disability payments that are in the lowest income stream”,for,text,printed_form
Fingal,Ellen Troy,13/04/2026,“To support OAP’s and People on disability payments that are in the lowest income stream”,for,text,resolved
Fingal,John Walsh,13/04/2026,“To support OAP’s and People on disability payments that are in the lowest income stream”,for,text,resolved
Fingal,Darragh Butler,13/04/2026,“To support OAP’s and People on disability payments that are in the lowest income stream”,against,text,resolved
Fingal,Eimear Carbone-Mangan,13/04/2026,“To support OAP’s and People on disability payments that are in the lowest income stream”,against,text,resolved
Fingal,Kieran Dennison,13/04/2026,“To support OAP’s and People on disability payments that are in the lowest income stream”,against,text,resolved
Fingal,Jimmy Guerin,13/04/2026,“To support OAP’s and People on disability payments that are in the lowest income stream”,against,text,resolved
Fingal,Cathal Haughey,13/04/2026,“To support OAP’s and People on disability payments that are in the lowest income stream”,against,text,resolved
Fingal,Tom Kitt,13/04/2026,“To support OAP’s and People on disability payments that are in the lowest income stream”,against,text,resolved
Fingal,Ted Leddy,13/04/2026,“To support OAP’s and People on disability payments that are in the lowest income stream”,against,text,resolved
Fingal,Gráinne Maguire,13/04/2026,“To support OAP’s and People on disability payments that are in the lowest income stream”,against,text,resolved
Fingal,Tony Murphy,13/04/2026,“To support OAP’s and People on disability payments that are in the lowest income stream”,against,text,resolved
Fingal,Joe Newman,13/04/2026,“To support OAP’s and People on disability payments that are in the lowest income stream”,against,text,resolved
Fingal,Eoghan O'Brien,13/04/2026,“To support OAP’s and People on disability payments that are in the lowest income stream”,against,text,resolved
Fingal,Tom O'Leary,13/04/2026,“To support OAP’s and People on disability payments that are in the lowest income stream”,against,text,resolved
Fingal,JK Onwumereh,13/04/2026,“To support OAP’s and People on disability payments that are in the lowest income stream”,against,text,resolved
Fingal,Aoibhinn Tormey,13/04/2026,“To support OAP’s and People on disability payments that are in the lowest income stream”,against,text,resolved
Galway City,C. Connolly,08/02/2021,(vote 1 of 2),for,ocr_winocr,printed_form
Galway City,Mike Cubbard,08/02/2021,(vote 1 of 2),for,ocr_winocr,resolved
Galway City,Frank Fahy,08/02/2021,(vote 1 of 2),for,ocr_winocr,resolved
Galway City,O. Hanley,08/02/2021,(vote 1 of 2),for,ocr_winocr,printed_form
Galway City,Donal Lyons,08/02/2021,(vote 1 of 2),for,ocr_winocr,resolved
Galway City,N. Murphy,08/02/2021,(vote 1 of 2),for,ocr_winocr,printed_form
Galway City,M. O'Connor,08/02/2021,(vote 1 of 2),for,ocr_winocr,printed_form
Galway City,Terry O'Flaherty,08/02/2021,(vote 1 of 2),for,ocr_winocr,resolved
Galway City,l. Byrne,08/02/2021,(vote 1 of 2),against,ocr_winocr,printed_form
Galway City,Alan Cheevers,08/02/2021,(vote 1 of 2),against,ocr_winocr,resolved
Galway City,John Connolly,08/02/2021,(vote 1 of 2),against,ocr_winocr,resolved
Galway City,M.J. Crowe,08/02/2021,(vote 1 of 2),against,ocr_winocr,printed_form
Galway City,Eddie Hoare,08/02/2021,(vote 1 of 2),against,ocr_winocr,resolved
Galway City,Declan McDonnell,08/02/2021,(vote 1 of 2),against,ocr_winocr,resolved
Galway City,Níall McNelis,08/02/2021,(vote 1 of 2),against,ocr_winocr,resolved
Galway City,l. Byrne,08/02/2021,2(a) Variations to the Galway City Development Plan 2017-2023 - Proposed Variation No. 7 (i) Amend Land Use Zoning and Specific Objectives Map to extend the existing Specific Objective — Bus Route (GTS) to provide for a link through RA zone,for,ocr_winocr,printed_form
Galway City,Alan Cheevers,08/02/2021,2(a) Variations to the Galway City Development Plan 2017-2023 - Proposed Variation No. 7 (i) Amend Land Use Zoning and Specific Objectives Map to extend the existing Specific Objective — Bus Route (GTS) to provide for a link through RA zone,for,ocr_winocr,resolved
Galway City,C. Connolly,08/02/2021,2(a) Variations to the Galway City Development Plan 2017-2023 - Proposed Variation No. 7 (i) Amend Land Use Zoning and Specific Objectives Map to extend the existing Specific Objective — Bus Route (GTS) to provide for a link through RA zone,for,ocr_winocr,printed_form
Galway City,John Connolly,08/02/2021,2(a) Variations to the Galway City Development Plan 2017-2023 - Proposed Variation No. 7 (i) Amend Land Use Zoning and Specific Objectives Map to extend the existing Specific Objective — Bus Route (GTS) to provide for a link through RA zone,for,ocr_winocr,resolved
Galway City,M.J. Crowe,08/02/2021,2(a) Variations to the Galway City Development Plan 2017-2023 - Proposed Variation No. 7 (i) Amend Land Use Zoning and Specific Objectives Map to extend the existing Specific Objective — Bus Route (GTS) to provide for a link through RA zone,for,ocr_winocr,printed_form
Galway City,Mike Cubbard,08/02/2021,2(a) Variations to the Galway City Development Plan 2017-2023 - Proposed Variation No. 7 (i) Amend Land Use Zoning and Specific Objectives Map to extend the existing Specific Objective — Bus Route (GTS) to provide for a link through RA zone,for,ocr_winocr,resolved
Galway City,Frank Fahy,08/02/2021,2(a) Variations to the Galway City Development Plan 2017-2023 - Proposed Variation No. 7 (i) Amend Land Use Zoning and Specific Objectives Map to extend the existing Specific Objective — Bus Route (GTS) to provide for a link through RA zone,for,ocr_winocr,resolved
Galway City,O. Hanley,08/02/2021,2(a) Variations to the Galway City Development Plan 2017-2023 - Proposed Variation No. 7 (i) Amend Land Use Zoning and Specific Objectives Map to extend the existing Specific Objective — Bus Route (GTS) to provide for a link through RA zone,for,ocr_winocr,printed_form
Galway City,Eddie Hoare,08/02/2021,2(a) Variations to the Galway City Development Plan 2017-2023 - Proposed Variation No. 7 (i) Amend Land Use Zoning and Specific Objectives Map to extend the existing Specific Objective — Bus Route (GTS) to provide for a link through RA zone,for,ocr_winocr,resolved
Galway City,Donal Lyons,08/02/2021,2(a) Variations to the Galway City Development Plan 2017-2023 - Proposed Variation No. 7 (i) Amend Land Use Zoning and Specific Objectives Map to extend the existing Specific Objective — Bus Route (GTS) to provide for a link through RA zone,for,ocr_winocr,resolved
Galway City,Declan McDonnell,08/02/2021,2(a) Variations to the Galway City Development Plan 2017-2023 - Proposed Variation No. 7 (i) Amend Land Use Zoning and Specific Objectives Map to extend the existing Specific Objective — Bus Route (GTS) to provide for a link through RA zone,for,ocr_winocr,resolved
Galway City,Níall McNelis,08/02/2021,2(a) Variations to the Galway City Development Plan 2017-2023 - Proposed Variation No. 7 (i) Amend Land Use Zoning and Specific Objectives Map to extend the existing Specific Objective — Bus Route (GTS) to provide for a link through RA zone,for,ocr_winocr,resolved
Galway City,N. Murphy,08/02/2021,2(a) Variations to the Galway City Development Plan 2017-2023 - Proposed Variation No. 7 (i) Amend Land Use Zoning and Specific Objectives Map to extend the existing Specific Objective — Bus Route (GTS) to provide for a link through RA zone,for,ocr_winocr,printed_form
Galway City,M. O'Connor,08/02/2021,2(a) Variations to the Galway City Development Plan 2017-2023 - Proposed Variation No. 7 (i) Amend Land Use Zoning and Specific Objectives Map to extend the existing Specific Objective — Bus Route (GTS) to provide for a link through RA zone,for,ocr_winocr,printed_form
Galway City,Terry O'Flaherty,08/02/2021,2(a) Variations to the Galway City Development Plan 2017-2023 - Proposed Variation No. 7 (i) Amend Land Use Zoning and Specific Objectives Map to extend the existing Specific Objective — Bus Route (GTS) to provide for a link through RA zone,for,ocr_winocr,resolved
Galway City,l. Byrne,08/02/2021,(vote 2 of 2),for,ocr_winocr,printed_form
Galway City,Alan Cheevers,08/02/2021,(vote 2 of 2),for,ocr_winocr,resolved
Galway City,John Connolly,08/02/2021,(vote 2 of 2),for,ocr_winocr,resolved
Galway City,M.J. Crowe,08/02/2021,(vote 2 of 2),for,ocr_winocr,printed_form
Galway City,Mike Cubbard,08/02/2021,(vote 2 of 2),for,ocr_winocr,resolved
Galway City,Frank Fahy,08/02/2021,(vote 2 of 2),for,ocr_winocr,resolved
Galway City,O. Hanley,08/02/2021,(vote 2 of 2),for,ocr_winocr,printed_form
Galway City,Clodagh Higgins,08/02/2021,(vote 2 of 2),for,ocr_winocr,resolved
Galway City,Eddie Hoare,08/02/2021,(vote 2 of 2),for,ocr_winocr,resolved
Galway City,Declan McDonnell,08/02/2021,(vote 2 of 2),for,ocr_winocr,resolved
Galway City,Níall McNelis,08/02/2021,(vote 2 of 2),for,ocr_winocr,resolved
Galway City,Terry O'Flaherty,08/02/2021,(vote 2 of 2),for,ocr_winocr,resolved
Galway City,C. Connolly,08/02/2021,(vote 2 of 2),against,ocr_winocr,printed_form
Galway City,Donal Lyons,08/02/2021,(vote 2 of 2),against,ocr_winocr,resolved
Galway City,N. Murphy,08/02/2021,(vote 2 of 2),against,ocr_winocr,printed_form
Galway City,M. O'Connor,08/02/2021,(vote 2 of 2),against,ocr_winocr,printed_form
Galway City,l. Byrne,08/03/2021,To adopt the Development Contribution Scheme 2020 — 2026 — per Report circulated'.,for,ocr_winocr,printed_form
Galway City,Alan Cheevers,08/03/2021,To adopt the Development Contribution Scheme 2020 — 2026 — per Report circulated'.,for,ocr_winocr,resolved
Galway City,C. Connolly,08/03/2021,To adopt the Development Contribution Scheme 2020 — 2026 — per Report circulated'.,for,ocr_winocr,printed_form
Galway City,John Connolly,08/03/2021,To adopt the Development Contribution Scheme 2020 — 2026 — per Report circulated'.,for,ocr_winocr,resolved
Galway City,M.J. Crowe,08/03/2021,To adopt the Development Contribution Scheme 2020 — 2026 — per Report circulated'.,for,ocr_winocr,printed_form
Galway City,Frank Fahy,08/03/2021,To adopt the Development Contribution Scheme 2020 — 2026 — per Report circulated'.,for,ocr_winocr,resolved
Galway City,Clodagh Higgins,08/03/2021,To adopt the Development Contribution Scheme 2020 — 2026 — per Report circulated'.,for,ocr_winocr,resolved
Galway City,Eddie Hoare,08/03/2021,To adopt the Development Contribution Scheme 2020 — 2026 — per Report circulated'.,for,ocr_winocr,resolved
Galway City,Peter Keane,08/03/2021,To adopt the Development Contribution Scheme 2020 — 2026 — per Report circulated'.,for,ocr_winocr,resolved
Galway City,N. Larkin,08/03/2021,To adopt the Development Contribution Scheme 2020 — 2026 — per Report circulated'.,for,ocr_winocr,printed_form
Galway City,Donal Lyons,08/03/2021,To adopt the Development Contribution Scheme 2020 — 2026 — per Report circulated'.,for,ocr_winocr,resolved
Galway City,Declan McDonnell,08/03/2021,To adopt the Development Contribution Scheme 2020 — 2026 — per Report circulated'.,for,ocr_winocr,resolved
Galway City,N. Murphy,08/03/2021,To adopt the Development Contribution Scheme 2020 — 2026 — per Report circulated'.,for,ocr_winocr,printed_form
Galway City,M. O'Connor,08/03/2021,To adopt the Development Contribution Scheme 2020 — 2026 — per Report circulated'.,for,ocr_winocr,printed_form
Galway City,Terry O'Flaherty,08/03/2021,To adopt the Development Contribution Scheme 2020 — 2026 — per Report circulated'.,for,ocr_winocr,resolved
Galway City,O. Hanley,08/03/2021,To adopt the Development Contribution Scheme 2020 — 2026 — per Report circulated'.,against,ocr_winocr,printed_form
Galway City,l. Byrne,09/11/2020,2(a) (i) To rescind the agreed date for the holding of the Annual Budget Meeting — scheduled for 16th November 2020 2(a) (ii) To set a new date for the Annual Budget Meeting — proposed for 30th November 2020,for,ocr_winocr,printed_form
Galway City,Alan Cheevers,09/11/2020,2(a) (i) To rescind the agreed date for the holding of the Annual Budget Meeting — scheduled for 16th November 2020 2(a) (ii) To set a new date for the Annual Budget Meeting — proposed for 30th November 2020,for,ocr_winocr,resolved
Galway City,C. Connolly,09/11/2020,2(a) (i) To rescind the agreed date for the holding of the Annual Budget Meeting — scheduled for 16th November 2020 2(a) (ii) To set a new date for the Annual Budget Meeting — proposed for 30th November 2020,for,ocr_winocr,printed_form
Galway City,John Connolly,09/11/2020,2(a) (i) To rescind the agreed date for the holding of the Annual Budget Meeting — scheduled for 16th November 2020 2(a) (ii) To set a new date for the Annual Budget Meeting — proposed for 30th November 2020,for,ocr_winocr,resolved
Galway City,M.J. Crowe,09/11/2020,2(a) (i) To rescind the agreed date for the holding of the Annual Budget Meeting — scheduled for 16th November 2020 2(a) (ii) To set a new date for the Annual Budget Meeting — proposed for 30th November 2020,for,ocr_winocr,printed_form
Galway City,Mike Cubbard,09/11/2020,2(a) (i) To rescind the agreed date for the holding of the Annual Budget Meeting — scheduled for 16th November 2020 2(a) (ii) To set a new date for the Annual Budget Meeting — proposed for 30th November 2020,for,ocr_winocr,resolved
Galway City,Frank Fahy,09/11/2020,2(a) (i) To rescind the agreed date for the holding of the Annual Budget Meeting — scheduled for 16th November 2020 2(a) (ii) To set a new date for the Annual Budget Meeting — proposed for 30th November 2020,for,ocr_winocr,resolved
Galway City,O. Hanley,09/11/2020,2(a) (i) To rescind the agreed date for the holding of the Annual Budget Meeting — scheduled for 16th November 2020 2(a) (ii) To set a new date for the Annual Budget Meeting — proposed for 30th November 2020,for,ocr_winocr,printed_form
Galway City,Clodagh Higgins,09/11/2020,2(a) (i) To rescind the agreed date for the holding of the Annual Budget Meeting — scheduled for 16th November 2020 2(a) (ii) To set a new date for the Annual Budget Meeting — proposed for 30th November 2020,for,ocr_winocr,resolved
Galway City,Eddie Hoare,09/11/2020,2(a) (i) To rescind the agreed date for the holding of the Annual Budget Meeting — scheduled for 16th November 2020 2(a) (ii) To set a new date for the Annual Budget Meeting — proposed for 30th November 2020,for,ocr_winocr,resolved
Galway City,N. Larkin,09/11/2020,2(a) (i) To rescind the agreed date for the holding of the Annual Budget Meeting — scheduled for 16th November 2020 2(a) (ii) To set a new date for the Annual Budget Meeting — proposed for 30th November 2020,for,ocr_winocr,printed_form
Galway City,Donal Lyons,09/11/2020,2(a) (i) To rescind the agreed date for the holding of the Annual Budget Meeting — scheduled for 16th November 2020 2(a) (ii) To set a new date for the Annual Budget Meeting — proposed for 30th November 2020,for,ocr_winocr,resolved
Galway City,Declan McDonnell,09/11/2020,2(a) (i) To rescind the agreed date for the holding of the Annual Budget Meeting — scheduled for 16th November 2020 2(a) (ii) To set a new date for the Annual Budget Meeting — proposed for 30th November 2020,for,ocr_winocr,resolved
Galway City,Níall McNelis,09/11/2020,2(a) (i) To rescind the agreed date for the holding of the Annual Budget Meeting — scheduled for 16th November 2020 2(a) (ii) To set a new date for the Annual Budget Meeting — proposed for 30th November 2020,for,ocr_winocr,resolved
Galway City,N. Murphy,09/11/2020,2(a) (i) To rescind the agreed date for the holding of the Annual Budget Meeting — scheduled for 16th November 2020 2(a) (ii) To set a new date for the Annual Budget Meeting — proposed for 30th November 2020,for,ocr_winocr,printed_form
Galway City,M. O'Connor,09/11/2020,2(a) (i) To rescind the agreed date for the holding of the Annual Budget Meeting — scheduled for 16th November 2020 2(a) (ii) To set a new date for the Annual Budget Meeting — proposed for 30th November 2020,for,ocr_winocr,printed_form
Galway City,Terry O'Flaherty,09/11/2020,2(a) (i) To rescind the agreed date for the holding of the Annual Budget Meeting — scheduled for 16th November 2020 2(a) (ii) To set a new date for the Annual Budget Meeting — proposed for 30th November 2020,for,ocr_winocr,resolved
Galway City,l. Byrne,09/11/2020,2(c) Approval of Draft Development Contribution Scheme 2020 - 2026 for public consultation - per Report circulated on Friday 6th November 2020,for,ocr_winocr,printed_form
Galway City,Alan Cheevers,09/11/2020,2(c) Approval of Draft Development Contribution Scheme 2020 - 2026 for public consultation - per Report circulated on Friday 6th November 2020,for,ocr_winocr,resolved
Galway City,C. Connolly,09/11/2020,2(c) Approval of Draft Development Contribution Scheme 2020 - 2026 for public consultation - per Report circulated on Friday 6th November 2020,for,ocr_winocr,printed_form
Galway City,John Connolly,09/11/2020,2(c) Approval of Draft Development Contribution Scheme 2020 - 2026 for public consultation - per Report circulated on Friday 6th November 2020,for,ocr_winocr,resolved
Galway City,M.J. Crowe,09/11/2020,2(c) Approval of Draft Development Contribution Scheme 2020 - 2026 for public consultation - per Report circulated on Friday 6th November 2020,for,ocr_winocr,printed_form
Galway City,Mike Cubbard,09/11/2020,2(c) Approval of Draft Development Contribution Scheme 2020 - 2026 for public consultation - per Report circulated on Friday 6th November 2020,for,ocr_winocr,resolved
Galway City,Frank Fahy,09/11/2020,2(c) Approval of Draft Development Contribution Scheme 2020 - 2026 for public consultation - per Report circulated on Friday 6th November 2020,for,ocr_winocr,resolved
Galway City,Clodagh Higgins,09/11/2020,2(c) Approval of Draft Development Contribution Scheme 2020 - 2026 for public consultation - per Report circulated on Friday 6th November 2020,for,ocr_winocr,resolved
Galway City,Eddie Hoare,09/11/2020,2(c) Approval of Draft Development Contribution Scheme 2020 - 2026 for public consultation - per Report circulated on Friday 6th November 2020,for,ocr_winocr,resolved
Galway City,Peter Keane,09/11/2020,2(c) Approval of Draft Development Contribution Scheme 2020 - 2026 for public consultation - per Report circulated on Friday 6th November 2020,for,ocr_winocr,resolved
Galway City,N. Larkin,09/11/2020,2(c) Approval of Draft Development Contribution Scheme 2020 - 2026 for public consultation - per Report circulated on Friday 6th November 2020,for,ocr_winocr,printed_form
Galway City,Donal Lyons,09/11/2020,2(c) Approval of Draft Development Contribution Scheme 2020 - 2026 for public consultation - per Report circulated on Friday 6th November 2020,for,ocr_winocr,resolved
Galway City,Declan McDonnell,09/11/2020,2(c) Approval of Draft Development Contribution Scheme 2020 - 2026 for public consultation - per Report circulated on Friday 6th November 2020,for,ocr_winocr,resolved
Galway City,Níall McNelis,09/11/2020,2(c) Approval of Draft Development Contribution Scheme 2020 - 2026 for public consultation - per Report circulated on Friday 6th November 2020,for,ocr_winocr,resolved
Galway City,N. Murphy,09/11/2020,2(c) Approval of Draft Development Contribution Scheme 2020 - 2026 for public consultation - per Report circulated on Friday 6th November 2020,for,ocr_winocr,printed_form
Galway City,M. O'Connor,09/11/2020,2(c) Approval of Draft Development Contribution Scheme 2020 - 2026 for public consultation - per Report circulated on Friday 6th November 2020,for,ocr_winocr,printed_form
Galway City,Terry O'Flaherty,09/11/2020,2(c) Approval of Draft Development Contribution Scheme 2020 - 2026 for public consultation - per Report circulated on Friday 6th November 2020,for,ocr_winocr,resolved
Galway City,O. Hanley,09/11/2020,2(c) Approval of Draft Development Contribution Scheme 2020 - 2026 for public consultation - per Report circulated on Friday 6th November 2020,against,ocr_winocr,printed_form
Galway City,l. Byrne,09/11/2020,To propose the transfer of shareholding of the Port Company to Galway City Council under the Harbours Act 2015,for,ocr_winocr,printed_form
Galway City,Alan Cheevers,09/11/2020,To propose the transfer of shareholding of the Port Company to Galway City Council under the Harbours Act 2015,for,ocr_winocr,resolved
Galway City,John Connolly,09/11/2020,To propose the transfer of shareholding of the Port Company to Galway City Council under the Harbours Act 2015,for,ocr_winocr,resolved
Galway City,M.J. Crowe,09/11/2020,To propose the transfer of shareholding of the Port Company to Galway City Council under the Harbours Act 2015,for,ocr_winocr,printed_form
Galway City,Mike Cubbard,09/11/2020,To propose the transfer of shareholding of the Port Company to Galway City Council under the Harbours Act 2015,for,ocr_winocr,resolved
Galway City,Frank Fahy,09/11/2020,To propose the transfer of shareholding of the Port Company to Galway City Council under the Harbours Act 2015,for,ocr_winocr,resolved
Galway City,O. Hanley,09/11/2020,To propose the transfer of shareholding of the Port Company to Galway City Council under the Harbours Act 2015,for,ocr_winocr,printed_form
Galway City,Clodagh Higgins,09/11/2020,To propose the transfer of shareholding of the Port Company to Galway City Council under the Harbours Act 2015,for,ocr_winocr,resolved
Galway City,Eddie Hoare,09/11/2020,To propose the transfer of shareholding of the Port Company to Galway City Council under the Harbours Act 2015,for,ocr_winocr,resolved
Galway City,Peter Keane,09/11/2020,To propose the transfer of shareholding of the Port Company to Galway City Council under the Harbours Act 2015,for,ocr_winocr,resolved
Galway City,N. Larkin,09/11/2020,To propose the transfer of shareholding of the Port Company to Galway City Council under the Harbours Act 2015,for,ocr_winocr,printed_form
Galway City,Donal Lyons,09/11/2020,To propose the transfer of shareholding of the Port Company to Galway City Council under the Harbours Act 2015,for,ocr_winocr,resolved
Galway City,Declan McDonnell,09/11/2020,To propose the transfer of shareholding of the Port Company to Galway City Council under the Harbours Act 2015,for,ocr_winocr,resolved
Galway City,Níall McNelis,09/11/2020,To propose the transfer of shareholding of the Port Company to Galway City Council under the Harbours Act 2015,for,ocr_winocr,resolved
Galway City,N. Murphy,09/11/2020,To propose the transfer of shareholding of the Port Company to Galway City Council under the Harbours Act 2015,for,ocr_winocr,printed_form
Galway City,M. O'Connor,09/11/2020,To propose the transfer of shareholding of the Port Company to Galway City Council under the Harbours Act 2015,for,ocr_winocr,printed_form
Galway City,Terry O'Flaherty,09/11/2020,To propose the transfer of shareholding of the Port Company to Galway City Council under the Harbours Act 2015,for,ocr_winocr,resolved
Galway City,C. Connolly,09/11/2020,To propose the transfer of shareholding of the Port Company to Galway City Council under the Harbours Act 2015,against,ocr_winocr,printed_form
Galway City,Eddie Hoare,09/11/2020,"To propose adopting of the Road Traffic (Special Speed Limit) Bye-Laws No. 1-2020, as proposed with a review after 12 months.",for,ocr_winocr,resolved
Galway City,N. Larkin,09/11/2020,"To propose adopting of the Road Traffic (Special Speed Limit) Bye-Laws No. 1-2020, as proposed with a review after 12 months.",for,ocr_winocr,printed_form
Galway City,Donal Lyons,09/11/2020,"To propose adopting of the Road Traffic (Special Speed Limit) Bye-Laws No. 1-2020, as proposed with a review after 12 months.",for,ocr_winocr,resolved
Galway City,Declan McDonnell,09/11/2020,"To propose adopting of the Road Traffic (Special Speed Limit) Bye-Laws No. 1-2020, as proposed with a review after 12 months.",for,ocr_winocr,resolved
Galway City,Níall McNelis,09/11/2020,"To propose adopting of the Road Traffic (Special Speed Limit) Bye-Laws No. 1-2020, as proposed with a review after 12 months.",for,ocr_winocr,resolved
Galway City,N. Murphy,09/11/2020,"To propose adopting of the Road Traffic (Special Speed Limit) Bye-Laws No. 1-2020, as proposed with a review after 12 months.",for,ocr_winocr,printed_form
Galway City,M. O'Connor,09/11/2020,"To propose adopting of the Road Traffic (Special Speed Limit) Bye-Laws No. 1-2020, as proposed with a review after 12 months.",for,ocr_winocr,printed_form
Galway City,T. O'Flaherty 10,09/11/2020,"To propose adopting of the Road Traffic (Special Speed Limit) Bye-Laws No. 1-2020, as proposed with a review after 12 months.",for,ocr_winocr,printed_form
Galway City,l. Byrne,09/11/2020,"To propose adopting of the Road Traffic (Special Speed Limit) Bye-Laws No. 1-2020, as proposed with a review after 12 months.",against,ocr_winocr,printed_form
Galway City,Alan Cheevers,09/11/2020,"To propose adopting of the Road Traffic (Special Speed Limit) Bye-Laws No. 1-2020, as proposed with a review after 12 months.",against,ocr_winocr,resolved
Galway City,C. Connolly,09/11/2020,"To propose adopting of the Road Traffic (Special Speed Limit) Bye-Laws No. 1-2020, as proposed with a review after 12 months.",against,ocr_winocr,printed_form
Galway City,John Connolly,09/11/2020,"To propose adopting of the Road Traffic (Special Speed Limit) Bye-Laws No. 1-2020, as proposed with a review after 12 months.",against,ocr_winocr,resolved
Galway City,M.J. Crowe,09/11/2020,"To propose adopting of the Road Traffic (Special Speed Limit) Bye-Laws No. 1-2020, as proposed with a review after 12 months.",against,ocr_winocr,printed_form
Galway City,Mike Cubbard,09/11/2020,"To propose adopting of the Road Traffic (Special Speed Limit) Bye-Laws No. 1-2020, as proposed with a review after 12 months.",against,ocr_winocr,resolved
Galway City,Frank Fahy,09/11/2020,"To propose adopting of the Road Traffic (Special Speed Limit) Bye-Laws No. 1-2020, as proposed with a review after 12 months.",against,ocr_winocr,resolved
Galway City,O. Hanley,09/11/2020,"To propose adopting of the Road Traffic (Special Speed Limit) Bye-Laws No. 1-2020, as proposed with a review after 12 months.",against,ocr_winocr,printed_form
Galway City,Clodagh Higgins,09/11/2020,"To propose adopting of the Road Traffic (Special Speed Limit) Bye-Laws No. 1-2020, as proposed with a review after 12 months.",against,ocr_winocr,resolved
Galway City,Peter Keane,09/11/2020,"To propose adopting of the Road Traffic (Special Speed Limit) Bye-Laws No. 1-2020, as proposed with a review after 12 months.",against,ocr_winocr,resolved
Galway City,l. Byrne,09/11/2020,"To propose reject outright the proposed Road Traffic (Special Speed Limit) Bye-Laws No. 1-2020, as a member of the Transportation Strategic Policy Committee.",for,ocr_winocr,printed_form
Galway City,Alan Cheevers,09/11/2020,"To propose reject outright the proposed Road Traffic (Special Speed Limit) Bye-Laws No. 1-2020, as a member of the Transportation Strategic Policy Committee.",for,ocr_winocr,resolved
Galway City,C. Connolly,09/11/2020,"To propose reject outright the proposed Road Traffic (Special Speed Limit) Bye-Laws No. 1-2020, as a member of the Transportation Strategic Policy Committee.",for,ocr_winocr,printed_form
Galway City,John Connolly,09/11/2020,"To propose reject outright the proposed Road Traffic (Special Speed Limit) Bye-Laws No. 1-2020, as a member of the Transportation Strategic Policy Committee.",for,ocr_winocr,resolved
Galway City,M.J. Crowe,09/11/2020,"To propose reject outright the proposed Road Traffic (Special Speed Limit) Bye-Laws No. 1-2020, as a member of the Transportation Strategic Policy Committee.",for,ocr_winocr,printed_form
Galway City,Mike Cubbard,09/11/2020,"To propose reject outright the proposed Road Traffic (Special Speed Limit) Bye-Laws No. 1-2020, as a member of the Transportation Strategic Policy Committee.",for,ocr_winocr,resolved
Galway City,Frank Fahy,09/11/2020,"To propose reject outright the proposed Road Traffic (Special Speed Limit) Bye-Laws No. 1-2020, as a member of the Transportation Strategic Policy Committee.",for,ocr_winocr,resolved
Galway City,O. Hanley,09/11/2020,"To propose reject outright the proposed Road Traffic (Special Speed Limit) Bye-Laws No. 1-2020, as a member of the Transportation Strategic Policy Committee.",for,ocr_winocr,printed_form
Galway City,Clodagh Higgins,09/11/2020,"To propose reject outright the proposed Road Traffic (Special Speed Limit) Bye-Laws No. 1-2020, as a member of the Transportation Strategic Policy Committee.",for,ocr_winocr,resolved
Galway City,Peter Keane,09/11/2020,"To propose reject outright the proposed Road Traffic (Special Speed Limit) Bye-Laws No. 1-2020, as a member of the Transportation Strategic Policy Committee.",for,ocr_winocr,resolved
Galway City,N. Murphy,09/11/2020,"To propose reject outright the proposed Road Traffic (Special Speed Limit) Bye-Laws No. 1-2020, as a member of the Transportation Strategic Policy Committee.",for,ocr_winocr,printed_form
Galway City,M. O'Connor,09/11/2020,"To propose reject outright the proposed Road Traffic (Special Speed Limit) Bye-Laws No. 1-2020, as a member of the Transportation Strategic Policy Committee.",for,ocr_winocr,printed_form
Galway City,Eddie Hoare,09/11/2020,"To propose reject outright the proposed Road Traffic (Special Speed Limit) Bye-Laws No. 1-2020, as a member of the Transportation Strategic Policy Committee.",against,ocr_winocr,resolved
Galway City,N. Larkin,09/11/2020,"To propose reject outright the proposed Road Traffic (Special Speed Limit) Bye-Laws No. 1-2020, as a member of the Transportation Strategic Policy Committee.",against,ocr_winocr,printed_form
Galway City,Donal Lyons,09/11/2020,"To propose reject outright the proposed Road Traffic (Special Speed Limit) Bye-Laws No. 1-2020, as a member of the Transportation Strategic Policy Committee.",against,ocr_winocr,resolved
Galway City,Declan McDonnell,09/11/2020,"To propose reject outright the proposed Road Traffic (Special Speed Limit) Bye-Laws No. 1-2020, as a member of the Transportation Strategic Policy Committee.",against,ocr_winocr,resolved
Galway City,Níall McNelis,09/11/2020,"To propose reject outright the proposed Road Traffic (Special Speed Limit) Bye-Laws No. 1-2020, as a member of the Transportation Strategic Policy Committee.",against,ocr_winocr,resolved
Galway City,Terry O'Flaherty,09/11/2020,"To propose reject outright the proposed Road Traffic (Special Speed Limit) Bye-Laws No. 1-2020, as a member of the Transportation Strategic Policy Committee.",against,ocr_winocr,resolved
Galway City,C. Connolly,09/12/2019,Item 2 (c) adoption of the Draft West Regional Homeless Action Plan 2020-2022.,for,ocr_winocr,printed_form
Galway City,Mike Cubbard,09/12/2019,Item 2 (c) adoption of the Draft West Regional Homeless Action Plan 2020-2022.,for,ocr_winocr,resolved
Galway City,O. Hanley,09/12/2019,Item 2 (c) adoption of the Draft West Regional Homeless Action Plan 2020-2022.,for,ocr_winocr,printed_form
Galway City,Níall McNelis,09/12/2019,Item 2 (c) adoption of the Draft West Regional Homeless Action Plan 2020-2022.,for,ocr_winocr,resolved
Galway City,M. O'Connor,09/12/2019,Item 2 (c) adoption of the Draft West Regional Homeless Action Plan 2020-2022.,for,ocr_winocr,printed_form
Galway City,P. O'Reilly,09/12/2019,Item 2 (c) adoption of the Draft West Regional Homeless Action Plan 2020-2022.,for,ocr_winocr,printed_form
Galway City,Alan Cheevers,09/12/2019,Item 2 (c) adoption of the Draft West Regional Homeless Action Plan 2020-2022.,against,ocr_winocr,resolved
Galway City,John Connolly,09/12/2019,Item 2 (c) adoption of the Draft West Regional Homeless Action Plan 2020-2022.,against,ocr_winocr,resolved
Galway City,M.J. Crowe,09/12/2019,Item 2 (c) adoption of the Draft West Regional Homeless Action Plan 2020-2022.,against,ocr_winocr,printed_form
Galway City,O. Crowe,09/12/2019,Item 2 (c) adoption of the Draft West Regional Homeless Action Plan 2020-2022.,against,ocr_winocr,printed_form
Galway City,Frank Fahy,09/12/2019,Item 2 (c) adoption of the Draft West Regional Homeless Action Plan 2020-2022.,against,ocr_winocr,resolved
Galway City,Clodagh Higgins,09/12/2019,Item 2 (c) adoption of the Draft West Regional Homeless Action Plan 2020-2022.,against,ocr_winocr,resolved
Galway City,Eddie Hoare,09/12/2019,Item 2 (c) adoption of the Draft West Regional Homeless Action Plan 2020-2022.,against,ocr_winocr,resolved
Galway City,Peter Keane,09/12/2019,Item 2 (c) adoption of the Draft West Regional Homeless Action Plan 2020-2022.,against,ocr_winocr,resolved
Galway City,N. Larkin,09/12/2019,Item 2 (c) adoption of the Draft West Regional Homeless Action Plan 2020-2022.,against,ocr_winocr,printed_form
Galway City,Donal Lyons,09/12/2019,Item 2 (c) adoption of the Draft West Regional Homeless Action Plan 2020-2022.,against,ocr_winocr,resolved
Galway City,Terry O'Flaherty,09/12/2019,Item 2 (c) adoption of the Draft West Regional Homeless Action Plan 2020-2022.,against,ocr_winocr,resolved
Galway City,C. Connolly,09/12/2019,Supported: Cllr. O. Hanley and Cllr. N. McNelis That Galway City Council calls on the government to recognise housing as a human right and to enshrine the right to housing in the Irish Constitution. (vote 1 of 2),for,ocr_winocr,printed_form
Galway City,Mike Cubbard,09/12/2019,Supported: Cllr. O. Hanley and Cllr. N. McNelis That Galway City Council calls on the government to recognise housing as a human right and to enshrine the right to housing in the Irish Constitution. (vote 1 of 2),for,ocr_winocr,resolved
Galway City,O. Hanley,09/12/2019,Supported: Cllr. O. Hanley and Cllr. N. McNelis That Galway City Council calls on the government to recognise housing as a human right and to enshrine the right to housing in the Irish Constitution. (vote 1 of 2),for,ocr_winocr,printed_form
Galway City,Níall McNelis,09/12/2019,Supported: Cllr. O. Hanley and Cllr. N. McNelis That Galway City Council calls on the government to recognise housing as a human right and to enshrine the right to housing in the Irish Constitution. (vote 1 of 2),for,ocr_winocr,resolved
Galway City,M. O'Connor,09/12/2019,Supported: Cllr. O. Hanley and Cllr. N. McNelis That Galway City Council calls on the government to recognise housing as a human right and to enshrine the right to housing in the Irish Constitution. (vote 1 of 2),for,ocr_winocr,printed_form
Galway City,P. O'Reilly,09/12/2019,Supported: Cllr. O. Hanley and Cllr. N. McNelis That Galway City Council calls on the government to recognise housing as a human right and to enshrine the right to housing in the Irish Constitution. (vote 1 of 2),for,ocr_winocr,printed_form
Galway City,Alan Cheevers,09/12/2019,Supported: Cllr. O. Hanley and Cllr. N. McNelis That Galway City Council calls on the government to recognise housing as a human right and to enshrine the right to housing in the Irish Constitution. (vote 1 of 2),against,ocr_winocr,resolved
Galway City,John Connolly,09/12/2019,Supported: Cllr. O. Hanley and Cllr. N. McNelis That Galway City Council calls on the government to recognise housing as a human right and to enshrine the right to housing in the Irish Constitution. (vote 1 of 2),against,ocr_winocr,resolved
Galway City,M.J. Crowe,09/12/2019,Supported: Cllr. O. Hanley and Cllr. N. McNelis That Galway City Council calls on the government to recognise housing as a human right and to enshrine the right to housing in the Irish Constitution. (vote 1 of 2),against,ocr_winocr,printed_form
Galway City,O. Crowe,09/12/2019,Supported: Cllr. O. Hanley and Cllr. N. McNelis That Galway City Council calls on the government to recognise housing as a human right and to enshrine the right to housing in the Irish Constitution. (vote 1 of 2),against,ocr_winocr,printed_form
Galway City,Frank Fahy,09/12/2019,Supported: Cllr. O. Hanley and Cllr. N. McNelis That Galway City Council calls on the government to recognise housing as a human right and to enshrine the right to housing in the Irish Constitution. (vote 1 of 2),against,ocr_winocr,resolved
Galway City,Clodagh Higgins,09/12/2019,Supported: Cllr. O. Hanley and Cllr. N. McNelis That Galway City Council calls on the government to recognise housing as a human right and to enshrine the right to housing in the Irish Constitution. (vote 1 of 2),against,ocr_winocr,resolved
Galway City,Eddie Hoare,09/12/2019,Supported: Cllr. O. Hanley and Cllr. N. McNelis That Galway City Council calls on the government to recognise housing as a human right and to enshrine the right to housing in the Irish Constitution. (vote 1 of 2),against,ocr_winocr,resolved
Galway City,Peter Keane,09/12/2019,Supported: Cllr. O. Hanley and Cllr. N. McNelis That Galway City Council calls on the government to recognise housing as a human right and to enshrine the right to housing in the Irish Constitution. (vote 1 of 2),against,ocr_winocr,resolved
Galway City,N. Larkin,09/12/2019,Supported: Cllr. O. Hanley and Cllr. N. McNelis That Galway City Council calls on the government to recognise housing as a human right and to enshrine the right to housing in the Irish Constitution. (vote 1 of 2),against,ocr_winocr,printed_form
Galway City,Donal Lyons,09/12/2019,Supported: Cllr. O. Hanley and Cllr. N. McNelis That Galway City Council calls on the government to recognise housing as a human right and to enshrine the right to housing in the Irish Constitution. (vote 1 of 2),against,ocr_winocr,resolved
Galway City,Terry O'Flaherty,09/12/2019,Supported: Cllr. O. Hanley and Cllr. N. McNelis That Galway City Council calls on the government to recognise housing as a human right and to enshrine the right to housing in the Irish Constitution. (vote 1 of 2),against,ocr_winocr,resolved
Galway City,Alan Cheevers,09/12/2019,Supported: Cllr. O. Hanley and Cllr. N. McNelis That Galway City Council calls on the government to recognise housing as a human right and to enshrine the right to housing in the Irish Constitution. (vote 2 of 2),for,ocr_winocr,resolved
Galway City,C. Connolly,09/12/2019,Supported: Cllr. O. Hanley and Cllr. N. McNelis That Galway City Council calls on the government to recognise housing as a human right and to enshrine the right to housing in the Irish Constitution. (vote 2 of 2),for,ocr_winocr,printed_form
Galway City,John Connolly,09/12/2019,Supported: Cllr. O. Hanley and Cllr. N. McNelis That Galway City Council calls on the government to recognise housing as a human right and to enshrine the right to housing in the Irish Constitution. (vote 2 of 2),for,ocr_winocr,resolved
Galway City,M.J. Crowe,09/12/2019,Supported: Cllr. O. Hanley and Cllr. N. McNelis That Galway City Council calls on the government to recognise housing as a human right and to enshrine the right to housing in the Irish Constitution. (vote 2 of 2),for,ocr_winocr,printed_form
Galway City,O. Crowe,09/12/2019,Supported: Cllr. O. Hanley and Cllr. N. McNelis That Galway City Council calls on the government to recognise housing as a human right and to enshrine the right to housing in the Irish Constitution. (vote 2 of 2),for,ocr_winocr,printed_form
Galway City,Mike Cubbard,09/12/2019,Supported: Cllr. O. Hanley and Cllr. N. McNelis That Galway City Council calls on the government to recognise housing as a human right and to enshrine the right to housing in the Irish Constitution. (vote 2 of 2),for,ocr_winocr,resolved
Galway City,O. Hanley,09/12/2019,Supported: Cllr. O. Hanley and Cllr. N. McNelis That Galway City Council calls on the government to recognise housing as a human right and to enshrine the right to housing in the Irish Constitution. (vote 2 of 2),for,ocr_winocr,printed_form
Galway City,Peter Keane,09/12/2019,Supported: Cllr. O. Hanley and Cllr. N. McNelis That Galway City Council calls on the government to recognise housing as a human right and to enshrine the right to housing in the Irish Constitution. (vote 2 of 2),for,ocr_winocr,resolved
Galway City,Donal Lyons,09/12/2019,Supported: Cllr. O. Hanley and Cllr. N. McNelis That Galway City Council calls on the government to recognise housing as a human right and to enshrine the right to housing in the Irish Constitution. (vote 2 of 2),for,ocr_winocr,resolved
Galway City,Níall McNelis,09/12/2019,Supported: Cllr. O. Hanley and Cllr. N. McNelis That Galway City Council calls on the government to recognise housing as a human right and to enshrine the right to housing in the Irish Constitution. (vote 2 of 2),for,ocr_winocr,resolved
Galway City,M. O'Connor,09/12/2019,Supported: Cllr. O. Hanley and Cllr. N. McNelis That Galway City Council calls on the government to recognise housing as a human right and to enshrine the right to housing in the Irish Constitution. (vote 2 of 2),for,ocr_winocr,printed_form
Galway City,Terry O'Flaherty,09/12/2019,Supported: Cllr. O. Hanley and Cllr. N. McNelis That Galway City Council calls on the government to recognise housing as a human right and to enshrine the right to housing in the Irish Constitution. (vote 2 of 2),for,ocr_winocr,resolved
Galway City,P. O'Reilly,09/12/2019,Supported: Cllr. O. Hanley and Cllr. N. McNelis That Galway City Council calls on the government to recognise housing as a human right and to enshrine the right to housing in the Irish Constitution. (vote 2 of 2),for,ocr_winocr,printed_form
Galway City,Frank Fahy,09/12/2019,Supported: Cllr. O. Hanley and Cllr. N. McNelis That Galway City Council calls on the government to recognise housing as a human right and to enshrine the right to housing in the Irish Constitution. (vote 2 of 2),against,ocr_winocr,resolved
Galway City,Higgins,09/12/2019,Supported: Cllr. O. Hanley and Cllr. N. McNelis That Galway City Council calls on the government to recognise housing as a human right and to enshrine the right to housing in the Irish Constitution. (vote 2 of 2),against,ocr_winocr,printed_form
Galway City,Eddie Hoare,09/12/2019,Supported: Cllr. O. Hanley and Cllr. N. McNelis That Galway City Council calls on the government to recognise housing as a human right and to enshrine the right to housing in the Irish Constitution. (vote 2 of 2),against,ocr_winocr,resolved
Galway City,N. Larkin,09/12/2019,Supported: Cllr. O. Hanley and Cllr. N. McNelis That Galway City Council calls on the government to recognise housing as a human right and to enshrine the right to housing in the Irish Constitution. (vote 2 of 2),against,ocr_winocr,printed_form
Galway City,C. Connolly,09/12/2019,,for,ocr_winocr,printed_form
Galway City,Mike Cubbard,09/12/2019,,for,ocr_winocr,resolved
Galway City,O. Hanley,09/12/2019,,for,ocr_winocr,printed_form
Galway City,Níall McNelis,09/12/2019,,for,ocr_winocr,resolved
Galway City,M. O'Connor,09/12/2019,,for,ocr_winocr,printed_form
Galway City,P. O'Reilly,09/12/2019,,for,ocr_winocr,printed_form
Galway City,Alan Cheevers,09/12/2019,,against,ocr_winocr,resolved
Galway City,John Connolly,09/12/2019,,against,ocr_winocr,resolved
Galway City,M.J. Crowe,09/12/2019,,against,ocr_winocr,printed_form
Galway City,O. Crowe,09/12/2019,,against,ocr_winocr,printed_form
Galway City,Frank Fahy,09/12/2019,,against,ocr_winocr,resolved
Galway City,Clodagh Higgins,09/12/2019,,against,ocr_winocr,resolved
Galway City,Eddie Hoare,09/12/2019,,against,ocr_winocr,resolved
Galway City,Peter Keane,09/12/2019,,against,ocr_winocr,resolved
Galway City,N. Larkin,09/12/2019,,against,ocr_winocr,printed_form
Galway City,Donal Lyons,09/12/2019,,against,ocr_winocr,resolved
Galway City,Terry O'Flaherty,09/12/2019,,against,ocr_winocr,resolved
Galway City,Alan Cheevers,10/02/2020,,for,ocr_winocr,resolved
Galway City,C. Connolly,10/02/2020,,for,ocr_winocr,printed_form
Galway City,John Connolly,10/02/2020,,for,ocr_winocr,resolved
Galway City,MJ Crowe,10/02/2020,,for,ocr_winocr,printed_form
Galway City,O. Crowe,10/02/2020,,for,ocr_winocr,printed_form
Galway City,O. Hanley,10/02/2020,,for,ocr_winocr,printed_form
Galway City,Clodagh Higgins,10/02/2020,,for,ocr_winocr,resolved
Galway City,Eddie Hoare,10/02/2020,,for,ocr_winocr,resolved
Galway City,Peter Keane,10/02/2020,,for,ocr_winocr,resolved
Galway City,M. O'Connor,10/02/2020,,for,ocr_winocr,printed_form
Galway City,P. O'Reilly,10/02/2020,,for,ocr_winocr,printed_form
Galway City,N. Larkin,10/02/2020,,against,ocr_winocr,printed_form
Galway City,Donal Lyons,10/02/2020,,against,ocr_winocr,resolved
Galway City,Declan McDonnell,10/02/2020,,against,ocr_winocr,resolved
Galway City,Níall McNelis,10/02/2020,,against,ocr_winocr,resolved
Galway City,T. O'Flaherty Present: 16,10/02/2020,,against,ocr_winocr,printed_form
Galway City,l. Byrne,11/01/2021,Proposal to continue the meeting following a 15 minute break should the parties that are physically present in the Council Chamber have the wherewithal to socially distance in separate rooms'.,for,ocr_winocr,printed_form
Galway City,Alan Cheevers,11/01/2021,Proposal to continue the meeting following a 15 minute break should the parties that are physically present in the Council Chamber have the wherewithal to socially distance in separate rooms'.,for,ocr_winocr,resolved
Galway City,John Connolly,11/01/2021,Proposal to continue the meeting following a 15 minute break should the parties that are physically present in the Council Chamber have the wherewithal to socially distance in separate rooms'.,for,ocr_winocr,resolved
Galway City,Mike Cubbard,11/01/2021,Proposal to continue the meeting following a 15 minute break should the parties that are physically present in the Council Chamber have the wherewithal to socially distance in separate rooms'.,for,ocr_winocr,resolved
Galway City,O. Hanley,11/01/2021,Proposal to continue the meeting following a 15 minute break should the parties that are physically present in the Council Chamber have the wherewithal to socially distance in separate rooms'.,for,ocr_winocr,printed_form
Galway City,Clodagh Higgins,11/01/2021,Proposal to continue the meeting following a 15 minute break should the parties that are physically present in the Council Chamber have the wherewithal to socially distance in separate rooms'.,for,ocr_winocr,resolved
Galway City,Eddie Hoare,11/01/2021,Proposal to continue the meeting following a 15 minute break should the parties that are physically present in the Council Chamber have the wherewithal to socially distance in separate rooms'.,for,ocr_winocr,resolved
Galway City,Peter Keane,11/01/2021,Proposal to continue the meeting following a 15 minute break should the parties that are physically present in the Council Chamber have the wherewithal to socially distance in separate rooms'.,for,ocr_winocr,resolved
Galway City,N. Larkin,11/01/2021,Proposal to continue the meeting following a 15 minute break should the parties that are physically present in the Council Chamber have the wherewithal to socially distance in separate rooms'.,for,ocr_winocr,printed_form
Galway City,Declan McDonnell,11/01/2021,Proposal to continue the meeting following a 15 minute break should the parties that are physically present in the Council Chamber have the wherewithal to socially distance in separate rooms'.,for,ocr_winocr,resolved
Galway City,Níall McNelis,11/01/2021,Proposal to continue the meeting following a 15 minute break should the parties that are physically present in the Council Chamber have the wherewithal to socially distance in separate rooms'.,for,ocr_winocr,resolved
Galway City,Terry O'Flaherty,11/01/2021,Proposal to continue the meeting following a 15 minute break should the parties that are physically present in the Council Chamber have the wherewithal to socially distance in separate rooms'.,for,ocr_winocr,resolved
Galway City,C. Connolly,11/01/2021,Proposal to continue the meeting following a 15 minute break should the parties that are physically present in the Council Chamber have the wherewithal to socially distance in separate rooms'.,against,ocr_winocr,printed_form
Galway City,M.J. Crowe,11/01/2021,Proposal to continue the meeting following a 15 minute break should the parties that are physically present in the Council Chamber have the wherewithal to socially distance in separate rooms'.,against,ocr_winocr,printed_form
Galway City,Donal Lyons,11/01/2021,Proposal to continue the meeting following a 15 minute break should the parties that are physically present in the Council Chamber have the wherewithal to socially distance in separate rooms'.,against,ocr_winocr,resolved
Galway City,N. Murphy,11/01/2021,Proposal to continue the meeting following a 15 minute break should the parties that are physically present in the Council Chamber have the wherewithal to socially distance in separate rooms'.,against,ocr_winocr,printed_form
Galway City,M. O'Connor,11/01/2021,Proposal to continue the meeting following a 15 minute break should the parties that are physically present in the Council Chamber have the wherewithal to socially distance in separate rooms'.,against,ocr_winocr,printed_form
Galway City,l. Byrne,11/01/2021,Proposal to continue the meeting following a 15 minute break should the parties that are physically present in the Council Chamber have the wherewithal to socially distance in separate rooms.,for,ocr_winocr,printed_form
Galway City,Alan Cheevers,11/01/2021,Proposal to continue the meeting following a 15 minute break should the parties that are physically present in the Council Chamber have the wherewithal to socially distance in separate rooms.,for,ocr_winocr,resolved
Galway City,John Connolly,11/01/2021,Proposal to continue the meeting following a 15 minute break should the parties that are physically present in the Council Chamber have the wherewithal to socially distance in separate rooms.,for,ocr_winocr,resolved
Galway City,Mike Cubbard,11/01/2021,Proposal to continue the meeting following a 15 minute break should the parties that are physically present in the Council Chamber have the wherewithal to socially distance in separate rooms.,for,ocr_winocr,resolved
Galway City,O. Hanley,11/01/2021,Proposal to continue the meeting following a 15 minute break should the parties that are physically present in the Council Chamber have the wherewithal to socially distance in separate rooms.,for,ocr_winocr,printed_form
Galway City,Clodagh Higgins,11/01/2021,Proposal to continue the meeting following a 15 minute break should the parties that are physically present in the Council Chamber have the wherewithal to socially distance in separate rooms.,for,ocr_winocr,resolved
Galway City,Eddie Hoare,11/01/2021,Proposal to continue the meeting following a 15 minute break should the parties that are physically present in the Council Chamber have the wherewithal to socially distance in separate rooms.,for,ocr_winocr,resolved
Galway City,Peter Keane,11/01/2021,Proposal to continue the meeting following a 15 minute break should the parties that are physically present in the Council Chamber have the wherewithal to socially distance in separate rooms.,for,ocr_winocr,resolved
Galway City,N. Larkin,11/01/2021,Proposal to continue the meeting following a 15 minute break should the parties that are physically present in the Council Chamber have the wherewithal to socially distance in separate rooms.,for,ocr_winocr,printed_form
Galway City,Donal Lyons,11/01/2021,Proposal to continue the meeting following a 15 minute break should the parties that are physically present in the Council Chamber have the wherewithal to socially distance in separate rooms.,for,ocr_winocr,resolved
Galway City,Declan McDonnell,11/01/2021,Proposal to continue the meeting following a 15 minute break should the parties that are physically present in the Council Chamber have the wherewithal to socially distance in separate rooms.,for,ocr_winocr,resolved
Galway City,Níall McNelis,11/01/2021,Proposal to continue the meeting following a 15 minute break should the parties that are physically present in the Council Chamber have the wherewithal to socially distance in separate rooms.,for,ocr_winocr,resolved
Galway City,N. Murphy,11/01/2021,Proposal to continue the meeting following a 15 minute break should the parties that are physically present in the Council Chamber have the wherewithal to socially distance in separate rooms.,for,ocr_winocr,printed_form
Galway City,M. O'Connor,11/01/2021,Proposal to continue the meeting following a 15 minute break should the parties that are physically present in the Council Chamber have the wherewithal to socially distance in separate rooms.,for,ocr_winocr,printed_form
Galway City,T. O'Flaherty 5,11/01/2021,Proposal to continue the meeting following a 15 minute break should the parties that are physically present in the Council Chamber have the wherewithal to socially distance in separate rooms.,for,ocr_winocr,printed_form
Galway City,C. Connolly,11/01/2021,Proposal to continue the meeting following a 15 minute break should the parties that are physically present in the Council Chamber have the wherewithal to socially distance in separate rooms.,against,ocr_winocr,printed_form
Galway City,l. Byrne,11/10/2021,That Galway City Council approves the Merlin Woods Part VIII Development for Affordable and Social Housing as proposed per Report circulated on 6th October 2021.,for,ocr_winocr,printed_form
Galway City,Alan Cheevers,11/10/2021,That Galway City Council approves the Merlin Woods Part VIII Development for Affordable and Social Housing as proposed per Report circulated on 6th October 2021.,for,ocr_winocr,resolved
Galway City,C. Connolly,11/10/2021,That Galway City Council approves the Merlin Woods Part VIII Development for Affordable and Social Housing as proposed per Report circulated on 6th October 2021.,for,ocr_winocr,printed_form
Galway City,John Connolly,11/10/2021,That Galway City Council approves the Merlin Woods Part VIII Development for Affordable and Social Housing as proposed per Report circulated on 6th October 2021.,for,ocr_winocr,resolved
Galway City,M.J. Crowe,11/10/2021,That Galway City Council approves the Merlin Woods Part VIII Development for Affordable and Social Housing as proposed per Report circulated on 6th October 2021.,for,ocr_winocr,printed_form
Galway City,Frank Fahy,11/10/2021,That Galway City Council approves the Merlin Woods Part VIII Development for Affordable and Social Housing as proposed per Report circulated on 6th October 2021.,for,ocr_winocr,resolved
Galway City,O. Hanley,11/10/2021,That Galway City Council approves the Merlin Woods Part VIII Development for Affordable and Social Housing as proposed per Report circulated on 6th October 2021.,for,ocr_winocr,printed_form
Galway City,Eddie Hoare,11/10/2021,That Galway City Council approves the Merlin Woods Part VIII Development for Affordable and Social Housing as proposed per Report circulated on 6th October 2021.,for,ocr_winocr,resolved
Galway City,N. Larkin,11/10/2021,That Galway City Council approves the Merlin Woods Part VIII Development for Affordable and Social Housing as proposed per Report circulated on 6th October 2021.,for,ocr_winocr,printed_form
Galway City,Donal Lyons,11/10/2021,That Galway City Council approves the Merlin Woods Part VIII Development for Affordable and Social Housing as proposed per Report circulated on 6th October 2021.,for,ocr_winocr,resolved
Galway City,Declan McDonnell,11/10/2021,That Galway City Council approves the Merlin Woods Part VIII Development for Affordable and Social Housing as proposed per Report circulated on 6th October 2021.,for,ocr_winocr,resolved
Galway City,Níall McNelis,11/10/2021,That Galway City Council approves the Merlin Woods Part VIII Development for Affordable and Social Housing as proposed per Report circulated on 6th October 2021.,for,ocr_winocr,resolved
Galway City,N. Murphy,11/10/2021,That Galway City Council approves the Merlin Woods Part VIII Development for Affordable and Social Housing as proposed per Report circulated on 6th October 2021.,for,ocr_winocr,printed_form
Galway City,M. O'Connor,11/10/2021,That Galway City Council approves the Merlin Woods Part VIII Development for Affordable and Social Housing as proposed per Report circulated on 6th October 2021.,for,ocr_winocr,printed_form
Galway City,Terry O'Flaherty,11/10/2021,That Galway City Council approves the Merlin Woods Part VIII Development for Affordable and Social Housing as proposed per Report circulated on 6th October 2021.,for,ocr_winocr,resolved
Galway City,Alan Cheevers,12/06/2023,,for,ocr_winocr,resolved
Galway City,John Connolly,12/06/2023,,for,ocr_winocr,resolved
Galway City,M.J. Crowe,12/06/2023,,for,ocr_winocr,printed_form
Galway City,Mike Cubbard,12/06/2023,,for,ocr_winocr,resolved
Galway City,Alan Curran,12/06/2023,,for,ocr_winocr,resolved
Galway City,Peter Keane,12/06/2023,,for,ocr_winocr,resolved
Galway City,N. Larkin,12/06/2023,,for,ocr_winocr,printed_form
Galway City,Donal Lyons,12/06/2023,,for,ocr_winocr,resolved
Galway City,Declan McDonnell,12/06/2023,,for,ocr_winocr,resolved
Galway City,Níall McNelis,12/06/2023,,for,ocr_winocr,resolved
Galway City,Terry O'Flaherty,12/06/2023,,for,ocr_winocr,resolved
Galway City,C. Connolly,12/06/2023,,against,ocr_winocr,printed_form
Galway City,Clodagh Higgins,12/06/2023,,against,ocr_winocr,resolved
Galway City,Eddie Hoare,12/06/2023,,against,ocr_winocr,resolved
Galway City,N. Murphy,12/06/2023,,against,ocr_winocr,printed_form
Galway City,M. O'Connor,12/06/2023,,against,ocr_winocr,printed_form
Galway City,l. Byrne,12/07/2021,(vote 1 of 2),for,ocr_winocr,printed_form
Galway City,Alan Cheevers,12/07/2021,(vote 1 of 2),for,ocr_winocr,resolved
Galway City,C. Connolly,12/07/2021,(vote 1 of 2),for,ocr_winocr,printed_form
Galway City,John Connolly,12/07/2021,(vote 1 of 2),for,ocr_winocr,resolved
Galway City,M. Crowe,12/07/2021,(vote 1 of 2),for,ocr_winocr,printed_form
Galway City,Mike Cubbard,12/07/2021,(vote 1 of 2),for,ocr_winocr,resolved
Galway City,Frank Fahy,12/07/2021,(vote 1 of 2),for,ocr_winocr,resolved
Galway City,O. Hanley,12/07/2021,(vote 1 of 2),for,ocr_winocr,printed_form
Galway City,Clodagh Higgins,12/07/2021,(vote 1 of 2),for,ocr_winocr,resolved
Galway City,Eddie Hoare,12/07/2021,(vote 1 of 2),for,ocr_winocr,resolved
Galway City,N. Larkin,12/07/2021,(vote 1 of 2),for,ocr_winocr,printed_form
Galway City,Donal Lyons,12/07/2021,(vote 1 of 2),for,ocr_winocr,resolved
Galway City,Declan McDonnell,12/07/2021,(vote 1 of 2),for,ocr_winocr,resolved
Galway City,Níall McNelis,12/07/2021,(vote 1 of 2),for,ocr_winocr,resolved
Galway City,M. O'Connor,12/07/2021,(vote 1 of 2),for,ocr_winocr,printed_form
Galway City,Terry O'Flaherty,12/07/2021,(vote 1 of 2),for,ocr_winocr,resolved
Galway City,Peter Keane,12/07/2021,(vote 1 of 2),against,ocr_winocr,resolved
Galway City,N. Murphy,12/07/2021,(vote 1 of 2),against,ocr_winocr,printed_form
Galway City,C. Connolly,12/07/2021,(vote 2 of 2),for,ocr_winocr,printed_form
Galway City,Mike Cubbard,12/07/2021,(vote 2 of 2),for,ocr_winocr,resolved
Galway City,N. Larkin,12/07/2021,(vote 2 of 2),for,ocr_winocr,printed_form
Galway City,Donal Lyons,12/07/2021,(vote 2 of 2),for,ocr_winocr,resolved
Galway City,Declan McDonnell,12/07/2021,(vote 2 of 2),for,ocr_winocr,resolved
Galway City,Terry O'Flaherty,12/07/2021,(vote 2 of 2),for,ocr_winocr,resolved
Galway City,l. Byrne,12/07/2021,(vote 2 of 2),against,ocr_winocr,printed_form
Galway City,Alan Cheevers,12/07/2021,(vote 2 of 2),against,ocr_winocr,resolved
Galway City,John Connolly,12/07/2021,(vote 2 of 2),against,ocr_winocr,resolved
Galway City,M. Crowe,12/07/2021,(vote 2 of 2),against,ocr_winocr,printed_form
Galway City,Frank Fahy,12/07/2021,(vote 2 of 2),against,ocr_winocr,resolved
Galway City,O. Hanley,12/07/2021,(vote 2 of 2),against,ocr_winocr,printed_form
Galway City,Clodagh Higgins,12/07/2021,(vote 2 of 2),against,ocr_winocr,resolved
Galway City,Eddie Hoare,12/07/2021,(vote 2 of 2),against,ocr_winocr,resolved
Galway City,Peter Keane,12/07/2021,(vote 2 of 2),against,ocr_winocr,resolved
Galway City,Níall McNelis,12/07/2021,(vote 2 of 2),against,ocr_winocr,resolved
Galway City,N. Murphy,12/07/2021,(vote 2 of 2),against,ocr_winocr,printed_form
Galway City,M. O'Connor,12/07/2021,(vote 2 of 2),against,ocr_winocr,printed_form
Galway City,l. Byrne,13/09/2021,,for,ocr_winocr,printed_form
Galway City,Alan Cheevers,13/09/2021,,for,ocr_winocr,resolved
Galway City,C. Connolly,13/09/2021,,for,ocr_winocr,printed_form
Galway City,John Connolly,13/09/2021,,for,ocr_winocr,resolved
Galway City,M. Crowe,13/09/2021,,for,ocr_winocr,printed_form
Galway City,Mike Cubbard,13/09/2021,,for,ocr_winocr,resolved
Galway City,Frank Fahy,13/09/2021,,for,ocr_winocr,resolved
Galway City,O. Hanley,13/09/2021,,for,ocr_winocr,printed_form
Galway City,Clodagh Higgins,13/09/2021,,for,ocr_winocr,resolved
Galway City,Eddie Hoare,13/09/2021,,for,ocr_winocr,resolved
Galway City,Peter Keane,13/09/2021,,for,ocr_winocr,resolved
Galway City,N. Larkin,13/09/2021,,for,ocr_winocr,printed_form
Galway City,Donal Lyons,13/09/2021,,for,ocr_winocr,resolved
Galway City,Declan McDonnell,13/09/2021,,for,ocr_winocr,resolved
Galway City,Níall McNelis,13/09/2021,,for,ocr_winocr,resolved
Galway City,N. Murphy,13/09/2021,,for,ocr_winocr,printed_form
Galway City,M. O'Connor,13/09/2021,,for,ocr_winocr,printed_form
Galway City,Terry O'Flaherty,13/09/2021,,for,ocr_winocr,resolved
Galway City,l. Byrne,14/06/2021,"2(b) To approve Disposal of Lands at Monivea Road pursuant to Section 183 of the Local Government Act, 2001, and Section 211 of the Local Government (Planning & Development) Act, 2000 — per report circulated 3rd June 2021.",for,ocr_winocr,printed_form
Galway City,Alan Cheevers,14/06/2021,"2(b) To approve Disposal of Lands at Monivea Road pursuant to Section 183 of the Local Government Act, 2001, and Section 211 of the Local Government (Planning & Development) Act, 2000 — per report circulated 3rd June 2021.",for,ocr_winocr,resolved
Galway City,John Connolly,14/06/2021,"2(b) To approve Disposal of Lands at Monivea Road pursuant to Section 183 of the Local Government Act, 2001, and Section 211 of the Local Government (Planning & Development) Act, 2000 — per report circulated 3rd June 2021.",for,ocr_winocr,resolved
Galway City,Mike Cubbard,14/06/2021,"2(b) To approve Disposal of Lands at Monivea Road pursuant to Section 183 of the Local Government Act, 2001, and Section 211 of the Local Government (Planning & Development) Act, 2000 — per report circulated 3rd June 2021.",for,ocr_winocr,resolved
Galway City,Frank Fahy,14/06/2021,"2(b) To approve Disposal of Lands at Monivea Road pursuant to Section 183 of the Local Government Act, 2001, and Section 211 of the Local Government (Planning & Development) Act, 2000 — per report circulated 3rd June 2021.",for,ocr_winocr,resolved
Galway City,Clodagh Higgins,14/06/2021,"2(b) To approve Disposal of Lands at Monivea Road pursuant to Section 183 of the Local Government Act, 2001, and Section 211 of the Local Government (Planning & Development) Act, 2000 — per report circulated 3rd June 2021.",for,ocr_winocr,resolved
Galway City,Eddie Hoare,14/06/2021,"2(b) To approve Disposal of Lands at Monivea Road pursuant to Section 183 of the Local Government Act, 2001, and Section 211 of the Local Government (Planning & Development) Act, 2000 — per report circulated 3rd June 2021.",for,ocr_winocr,resolved
Galway City,Peter Keane,14/06/2021,"2(b) To approve Disposal of Lands at Monivea Road pursuant to Section 183 of the Local Government Act, 2001, and Section 211 of the Local Government (Planning & Development) Act, 2000 — per report circulated 3rd June 2021.",for,ocr_winocr,resolved
Galway City,N. Larkin,14/06/2021,"2(b) To approve Disposal of Lands at Monivea Road pursuant to Section 183 of the Local Government Act, 2001, and Section 211 of the Local Government (Planning & Development) Act, 2000 — per report circulated 3rd June 2021.",for,ocr_winocr,printed_form
Galway City,Donal Lyons,14/06/2021,"2(b) To approve Disposal of Lands at Monivea Road pursuant to Section 183 of the Local Government Act, 2001, and Section 211 of the Local Government (Planning & Development) Act, 2000 — per report circulated 3rd June 2021.",for,ocr_winocr,resolved
Galway City,Declan McDonnell,14/06/2021,"2(b) To approve Disposal of Lands at Monivea Road pursuant to Section 183 of the Local Government Act, 2001, and Section 211 of the Local Government (Planning & Development) Act, 2000 — per report circulated 3rd June 2021.",for,ocr_winocr,resolved
Galway City,Níall McNelis,14/06/2021,"2(b) To approve Disposal of Lands at Monivea Road pursuant to Section 183 of the Local Government Act, 2001, and Section 211 of the Local Government (Planning & Development) Act, 2000 — per report circulated 3rd June 2021.",for,ocr_winocr,resolved
Galway City,Terry O'Flaherty,14/06/2021,"2(b) To approve Disposal of Lands at Monivea Road pursuant to Section 183 of the Local Government Act, 2001, and Section 211 of the Local Government (Planning & Development) Act, 2000 — per report circulated 3rd June 2021.",for,ocr_winocr,resolved
Galway City,C. Connolly,14/06/2021,"2(b) To approve Disposal of Lands at Monivea Road pursuant to Section 183 of the Local Government Act, 2001, and Section 211 of the Local Government (Planning & Development) Act, 2000 — per report circulated 3rd June 2021.",against,ocr_winocr,printed_form
Galway City,M.J. Crowe,14/06/2021,"2(b) To approve Disposal of Lands at Monivea Road pursuant to Section 183 of the Local Government Act, 2001, and Section 211 of the Local Government (Planning & Development) Act, 2000 — per report circulated 3rd June 2021.",against,ocr_winocr,printed_form
Galway City,O. Hanley,14/06/2021,"2(b) To approve Disposal of Lands at Monivea Road pursuant to Section 183 of the Local Government Act, 2001, and Section 211 of the Local Government (Planning & Development) Act, 2000 — per report circulated 3rd June 2021.",against,ocr_winocr,printed_form
Galway City,N. Murphy,14/06/2021,"2(b) To approve Disposal of Lands at Monivea Road pursuant to Section 183 of the Local Government Act, 2001, and Section 211 of the Local Government (Planning & Development) Act, 2000 — per report circulated 3rd June 2021.",against,ocr_winocr,printed_form
Galway City,M. O'Connor,14/06/2021,"2(b) To approve Disposal of Lands at Monivea Road pursuant to Section 183 of the Local Government Act, 2001, and Section 211 of the Local Government (Planning & Development) Act, 2000 — per report circulated 3rd June 2021.",against,ocr_winocr,printed_form
Galway City,l. Byrne,14/12/2020,,for,ocr_winocr,printed_form
Galway City,Alan Cheevers,14/12/2020,,for,ocr_winocr,resolved
Galway City,C. Connolly,14/12/2020,,for,ocr_winocr,printed_form
Galway City,M.J. Crowe,14/12/2020,,for,ocr_winocr,printed_form
Galway City,Mike Cubbard,14/12/2020,,for,ocr_winocr,resolved
Galway City,Frank Fahy,14/12/2020,,for,ocr_winocr,resolved
Galway City,O. Hanley,14/12/2020,,for,ocr_winocr,printed_form
Galway City,Clodagh Higgins,14/12/2020,,for,ocr_winocr,resolved
Galway City,Eddie Hoare,14/12/2020,,for,ocr_winocr,resolved
Galway City,Peter Keane,14/12/2020,,for,ocr_winocr,resolved
Galway City,N. Larkin,14/12/2020,,for,ocr_winocr,printed_form
Galway City,Donal Lyons,14/12/2020,,for,ocr_winocr,resolved
Galway City,Declan McDonnell,14/12/2020,,for,ocr_winocr,resolved
Galway City,Níall McNelis,14/12/2020,,for,ocr_winocr,resolved
Galway City,N. Murphy,14/12/2020,,for,ocr_winocr,printed_form
Galway City,M. O'Connor,14/12/2020,,for,ocr_winocr,printed_form
Galway City,Terry O'Flaherty,14/12/2020,,for,ocr_winocr,resolved
Galway City,C. Connolly,14/12/2020,To have a Special Meeting on Monday 21st December at 3pm in Leisureland to discuss the Three Year Capital Programme 2021 - 2023.,for,ocr_winocr,printed_form
Galway City,Mike Cubbard,14/12/2020,To have a Special Meeting on Monday 21st December at 3pm in Leisureland to discuss the Three Year Capital Programme 2021 - 2023.,for,ocr_winocr,resolved
Galway City,Frank Fahy,14/12/2020,To have a Special Meeting on Monday 21st December at 3pm in Leisureland to discuss the Three Year Capital Programme 2021 - 2023.,for,ocr_winocr,resolved
Galway City,O. Hanley,14/12/2020,To have a Special Meeting on Monday 21st December at 3pm in Leisureland to discuss the Three Year Capital Programme 2021 - 2023.,for,ocr_winocr,printed_form
Galway City,Clodagh Higgins,14/12/2020,To have a Special Meeting on Monday 21st December at 3pm in Leisureland to discuss the Three Year Capital Programme 2021 - 2023.,for,ocr_winocr,resolved
Galway City,Donal Lyons,14/12/2020,To have a Special Meeting on Monday 21st December at 3pm in Leisureland to discuss the Three Year Capital Programme 2021 - 2023.,for,ocr_winocr,resolved
Galway City,N. Murphy,14/12/2020,To have a Special Meeting on Monday 21st December at 3pm in Leisureland to discuss the Three Year Capital Programme 2021 - 2023.,for,ocr_winocr,printed_form
Galway City,l. Byrne,14/12/2020,To have a Special Meeting on Monday 21st December at 3pm in Leisureland to discuss the Three Year Capital Programme 2021 - 2023.,against,ocr_winocr,printed_form
Galway City,Alan Cheevers,14/12/2020,To have a Special Meeting on Monday 21st December at 3pm in Leisureland to discuss the Three Year Capital Programme 2021 - 2023.,against,ocr_winocr,resolved
Galway City,John Connolly,14/12/2020,To have a Special Meeting on Monday 21st December at 3pm in Leisureland to discuss the Three Year Capital Programme 2021 - 2023.,against,ocr_winocr,resolved
Galway City,M.J. Crowe,14/12/2020,To have a Special Meeting on Monday 21st December at 3pm in Leisureland to discuss the Three Year Capital Programme 2021 - 2023.,against,ocr_winocr,printed_form
Galway City,Eddie Hoare,14/12/2020,To have a Special Meeting on Monday 21st December at 3pm in Leisureland to discuss the Three Year Capital Programme 2021 - 2023.,against,ocr_winocr,resolved
Galway City,Peter Keane,14/12/2020,To have a Special Meeting on Monday 21st December at 3pm in Leisureland to discuss the Three Year Capital Programme 2021 - 2023.,against,ocr_winocr,resolved
Galway City,N. Larkin,14/12/2020,To have a Special Meeting on Monday 21st December at 3pm in Leisureland to discuss the Three Year Capital Programme 2021 - 2023.,against,ocr_winocr,printed_form
Galway City,Declan McDonnell,14/12/2020,To have a Special Meeting on Monday 21st December at 3pm in Leisureland to discuss the Three Year Capital Programme 2021 - 2023.,against,ocr_winocr,resolved
Galway City,Níall McNelis,14/12/2020,To have a Special Meeting on Monday 21st December at 3pm in Leisureland to discuss the Three Year Capital Programme 2021 - 2023.,against,ocr_winocr,resolved
Galway City,Terry O'Flaherty,14/12/2020,To have a Special Meeting on Monday 21st December at 3pm in Leisureland to discuss the Three Year Capital Programme 2021 - 2023.,against,ocr_winocr,resolved
Galway City,M. O'Connor,14/12/2020,To have a Special Meeting on Monday 21st December at 3pm in Leisureland to discuss the Three Year Capital Programme 2021 - 2023.,abstain,ocr_winocr,printed_form
Galway City,l. Byrne,14/12/2020,To formally propose to proceed with arrangements for the process through which Sandy Road Regeneration & Dyke Road Opportunity Sites projects will be developed — per document issued 11th December 2020'.,for,ocr_winocr,printed_form
Galway City,Alan Cheevers,14/12/2020,To formally propose to proceed with arrangements for the process through which Sandy Road Regeneration & Dyke Road Opportunity Sites projects will be developed — per document issued 11th December 2020'.,for,ocr_winocr,resolved
Galway City,John Connolly,14/12/2020,To formally propose to proceed with arrangements for the process through which Sandy Road Regeneration & Dyke Road Opportunity Sites projects will be developed — per document issued 11th December 2020'.,for,ocr_winocr,resolved
Galway City,M.J. Crowe,14/12/2020,To formally propose to proceed with arrangements for the process through which Sandy Road Regeneration & Dyke Road Opportunity Sites projects will be developed — per document issued 11th December 2020'.,for,ocr_winocr,printed_form
Galway City,Mike Cubbard,14/12/2020,To formally propose to proceed with arrangements for the process through which Sandy Road Regeneration & Dyke Road Opportunity Sites projects will be developed — per document issued 11th December 2020'.,for,ocr_winocr,resolved
Galway City,Frank Fahy,14/12/2020,To formally propose to proceed with arrangements for the process through which Sandy Road Regeneration & Dyke Road Opportunity Sites projects will be developed — per document issued 11th December 2020'.,for,ocr_winocr,resolved
Galway City,O. Hanley,14/12/2020,To formally propose to proceed with arrangements for the process through which Sandy Road Regeneration & Dyke Road Opportunity Sites projects will be developed — per document issued 11th December 2020'.,for,ocr_winocr,printed_form
Galway City,Eddie Hoare,14/12/2020,To formally propose to proceed with arrangements for the process through which Sandy Road Regeneration & Dyke Road Opportunity Sites projects will be developed — per document issued 11th December 2020'.,for,ocr_winocr,resolved
Galway City,Peter Keane,14/12/2020,To formally propose to proceed with arrangements for the process through which Sandy Road Regeneration & Dyke Road Opportunity Sites projects will be developed — per document issued 11th December 2020'.,for,ocr_winocr,resolved
Galway City,N. Larkin,14/12/2020,To formally propose to proceed with arrangements for the process through which Sandy Road Regeneration & Dyke Road Opportunity Sites projects will be developed — per document issued 11th December 2020'.,for,ocr_winocr,printed_form
Galway City,Donal Lyons,14/12/2020,To formally propose to proceed with arrangements for the process through which Sandy Road Regeneration & Dyke Road Opportunity Sites projects will be developed — per document issued 11th December 2020'.,for,ocr_winocr,resolved
Galway City,Declan McDonnell,14/12/2020,To formally propose to proceed with arrangements for the process through which Sandy Road Regeneration & Dyke Road Opportunity Sites projects will be developed — per document issued 11th December 2020'.,for,ocr_winocr,resolved
Galway City,Níall McNelis,14/12/2020,To formally propose to proceed with arrangements for the process through which Sandy Road Regeneration & Dyke Road Opportunity Sites projects will be developed — per document issued 11th December 2020'.,for,ocr_winocr,resolved
Galway City,N. Murphy,14/12/2020,To formally propose to proceed with arrangements for the process through which Sandy Road Regeneration & Dyke Road Opportunity Sites projects will be developed — per document issued 11th December 2020'.,for,ocr_winocr,printed_form
Galway City,M. O'Connor,14/12/2020,To formally propose to proceed with arrangements for the process through which Sandy Road Regeneration & Dyke Road Opportunity Sites projects will be developed — per document issued 11th December 2020'.,for,ocr_winocr,printed_form
Galway City,Terry O'Flaherty,14/12/2020,To formally propose to proceed with arrangements for the process through which Sandy Road Regeneration & Dyke Road Opportunity Sites projects will be developed — per document issued 11th December 2020'.,for,ocr_winocr,resolved
Galway City,C. Connolly,14/12/2020,To formally propose to proceed with arrangements for the process through which Sandy Road Regeneration & Dyke Road Opportunity Sites projects will be developed — per document issued 11th December 2020'.,against,ocr_winocr,printed_form
Galway City,l. Byrne,24/04/2023,,for,ocr_winocr,printed_form
Galway City,Alan Cheevers,24/04/2023,,for,ocr_winocr,resolved
Galway City,C. Connolly,24/04/2023,,for,ocr_winocr,printed_form
Galway City,John Connolly,24/04/2023,,for,ocr_winocr,resolved
Galway City,M.J. Crowe,24/04/2023,,for,ocr_winocr,printed_form
Galway City,Mike Cubbard,24/04/2023,,for,ocr_winocr,resolved
Galway City,Alan Curran,24/04/2023,,for,ocr_winocr,resolved
Galway City,Frank Fahy,24/04/2023,,for,ocr_winocr,resolved
Galway City,Clodagh Higgins,24/04/2023,,for,ocr_winocr,resolved
Galway City,Eddie Hoare,24/04/2023,,for,ocr_winocr,resolved
Galway City,N. Larkin,24/04/2023,,for,ocr_winocr,printed_form
Galway City,Donal Lyons,24/04/2023,,for,ocr_winocr,resolved
Galway City,Níall McNelis,24/04/2023,,for,ocr_winocr,resolved
Galway City,M. O'Connor,24/04/2023,,for,ocr_winocr,printed_form
Galway City,Terry O'Flaherty,24/04/2023,,for,ocr_winocr,resolved
Galway City,I. Byrne,30/11/2020,To adopt the Draft Budget 2021 and subject to amendments as set out in proposal no. 2 (vote 1 of 2),for,ocr_winocr,printed_form
Galway City,Alan Cheevers,30/11/2020,To adopt the Draft Budget 2021 and subject to amendments as set out in proposal no. 2 (vote 1 of 2),for,ocr_winocr,resolved
Galway City,John Connolly,30/11/2020,To adopt the Draft Budget 2021 and subject to amendments as set out in proposal no. 2 (vote 1 of 2),for,ocr_winocr,resolved
Galway City,M.J. Crowe,30/11/2020,To adopt the Draft Budget 2021 and subject to amendments as set out in proposal no. 2 (vote 1 of 2),for,ocr_winocr,printed_form
Galway City,Peter Keane,30/11/2020,To adopt the Draft Budget 2021 and subject to amendments as set out in proposal no. 2 (vote 1 of 2),for,ocr_winocr,resolved
Galway City,N. Larkin,30/11/2020,To adopt the Draft Budget 2021 and subject to amendments as set out in proposal no. 2 (vote 1 of 2),for,ocr_winocr,printed_form
Galway City,Declan McDonnell,30/11/2020,To adopt the Draft Budget 2021 and subject to amendments as set out in proposal no. 2 (vote 1 of 2),for,ocr_winocr,resolved
Galway City,C. Connolly,30/11/2020,To adopt the Draft Budget 2021 and subject to amendments as set out in proposal no. 2 (vote 1 of 2),against,ocr_winocr,printed_form
Galway City,Mike Cubbard,30/11/2020,To adopt the Draft Budget 2021 and subject to amendments as set out in proposal no. 2 (vote 1 of 2),against,ocr_winocr,resolved
Galway City,Frank Fahy,30/11/2020,To adopt the Draft Budget 2021 and subject to amendments as set out in proposal no. 2 (vote 1 of 2),against,ocr_winocr,resolved
Galway City,O. Hanley,30/11/2020,To adopt the Draft Budget 2021 and subject to amendments as set out in proposal no. 2 (vote 1 of 2),against,ocr_winocr,printed_form
Galway City,Clodagh Higgins,30/11/2020,To adopt the Draft Budget 2021 and subject to amendments as set out in proposal no. 2 (vote 1 of 2),against,ocr_winocr,resolved
Galway City,Eddie Hoare,30/11/2020,To adopt the Draft Budget 2021 and subject to amendments as set out in proposal no. 2 (vote 1 of 2),against,ocr_winocr,resolved
Galway City,Donal Lyons,30/11/2020,To adopt the Draft Budget 2021 and subject to amendments as set out in proposal no. 2 (vote 1 of 2),against,ocr_winocr,resolved
Galway City,Níall McNelis,30/11/2020,To adopt the Draft Budget 2021 and subject to amendments as set out in proposal no. 2 (vote 1 of 2),against,ocr_winocr,resolved
Galway City,N. Murphy,30/11/2020,To adopt the Draft Budget 2021 and subject to amendments as set out in proposal no. 2 (vote 1 of 2),against,ocr_winocr,printed_form
Galway City,M. O'Connor,30/11/2020,To adopt the Draft Budget 2021 and subject to amendments as set out in proposal no. 2 (vote 1 of 2),against,ocr_winocr,printed_form
Galway City,Terry O'Flaherty,30/11/2020,To adopt the Draft Budget 2021 and subject to amendments as set out in proposal no. 2 (vote 1 of 2),against,ocr_winocr,resolved
Galway City,l. Byrne,30/11/2020,To adopt the Draft Budget 2021 and subject to amendments as set out in proposal no. 2 (vote 2 of 2),for,ocr_winocr,printed_form
Galway City,Alan Cheevers,30/11/2020,To adopt the Draft Budget 2021 and subject to amendments as set out in proposal no. 2 (vote 2 of 2),for,ocr_winocr,resolved
Galway City,John Connolly,30/11/2020,To adopt the Draft Budget 2021 and subject to amendments as set out in proposal no. 2 (vote 2 of 2),for,ocr_winocr,resolved
Galway City,M.J. Crowe,30/11/2020,To adopt the Draft Budget 2021 and subject to amendments as set out in proposal no. 2 (vote 2 of 2),for,ocr_winocr,printed_form
Galway City,O. Hanley,30/11/2020,To adopt the Draft Budget 2021 and subject to amendments as set out in proposal no. 2 (vote 2 of 2),for,ocr_winocr,printed_form
Galway City,Peter Keane,30/11/2020,To adopt the Draft Budget 2021 and subject to amendments as set out in proposal no. 2 (vote 2 of 2),for,ocr_winocr,resolved
Galway City,C. Connolly,30/11/2020,To adopt the Draft Budget 2021 and subject to amendments as set out in proposal no. 2 (vote 2 of 2),against,ocr_winocr,printed_form
Galway City,Mike Cubbard,30/11/2020,To adopt the Draft Budget 2021 and subject to amendments as set out in proposal no. 2 (vote 2 of 2),against,ocr_winocr,resolved
Galway City,Frank Fahy,30/11/2020,To adopt the Draft Budget 2021 and subject to amendments as set out in proposal no. 2 (vote 2 of 2),against,ocr_winocr,resolved
Galway City,Clodagh Higgins,30/11/2020,To adopt the Draft Budget 2021 and subject to amendments as set out in proposal no. 2 (vote 2 of 2),against,ocr_winocr,resolved
Galway City,Eddie Hoare,30/11/2020,To adopt the Draft Budget 2021 and subject to amendments as set out in proposal no. 2 (vote 2 of 2),against,ocr_winocr,resolved
Galway City,N. Larkin,30/11/2020,To adopt the Draft Budget 2021 and subject to amendments as set out in proposal no. 2 (vote 2 of 2),against,ocr_winocr,printed_form
Galway City,Donal Lyons,30/11/2020,To adopt the Draft Budget 2021 and subject to amendments as set out in proposal no. 2 (vote 2 of 2),against,ocr_winocr,resolved
Galway City,Declan McDonnell,30/11/2020,To adopt the Draft Budget 2021 and subject to amendments as set out in proposal no. 2 (vote 2 of 2),against,ocr_winocr,resolved
Galway City,Níall McNelis,30/11/2020,To adopt the Draft Budget 2021 and subject to amendments as set out in proposal no. 2 (vote 2 of 2),against,ocr_winocr,resolved
Galway City,N. Murphy,30/11/2020,To adopt the Draft Budget 2021 and subject to amendments as set out in proposal no. 2 (vote 2 of 2),against,ocr_winocr,printed_form
Galway City,M. O'Connor,30/11/2020,To adopt the Draft Budget 2021 and subject to amendments as set out in proposal no. 2 (vote 2 of 2),against,ocr_winocr,printed_form
Galway City,Terry O'Flaherty,30/11/2020,To adopt the Draft Budget 2021 and subject to amendments as set out in proposal no. 2 (vote 2 of 2),against,ocr_winocr,resolved
Galway City,Cameron,June 2020,(vote 1 of 2),for,ocr_winocr,printed_form
Galway City,C. Ö Conchüir,June 2020,(vote 1 of 2),for,ocr_winocr,printed_form
Galway City,M. Crowe,June 2020,(vote 1 of 2),for,ocr_winocr,printed_form
Galway City,Frank Fahy,June 2020,(vote 1 of 2),for,ocr_winocr,resolved
Galway City,M. Farrell,June 2020,(vote 1 of 2),for,ocr_winocr,printed_form
Galway City,P. Flannery,June 2020,(vote 1 of 2),for,ocr_winocr,printed_form
Galway City,Peter Keane,June 2020,(vote 1 of 2),for,ocr_winocr,resolved
Galway City,N. Larkin,June 2020,(vote 1 of 2),for,ocr_winocr,printed_form
Galway City,M. Lohan,June 2020,(vote 1 of 2),for,ocr_winocr,printed_form
Galway City,Donal Lyons,June 2020,(vote 1 of 2),for,ocr_winocr,resolved
Galway City,Declan McDonnell,June 2020,(vote 1 of 2),for,ocr_winocr,resolved
Galway City,Níall McNelis,June 2020,(vote 1 of 2),for,ocr_winocr,resolved
Galway City,Terry O'Flaherty,June 2020,(vote 1 of 2),for,ocr_winocr,resolved
Galway City,J. Walsh,June 2020,(vote 1 of 2),for,ocr_winocr,printed_form
Galway City,P. Conneely,June 2020,(vote 1 of 2),against,ocr_winocr,printed_form
Galway City,C. Connolly,June 2020,(vote 1 of 2),against,ocr_winocr,printed_form
Galway City,O. Crowe Absent: M. Cubbard,June 2020,(vote 1 of 2),against,ocr_winocr,printed_form
Galway City,B. Cameron,June 2020,(vote 2 of 2),for,ocr_winocr,printed_form
Galway City,C. Ö Conchüir,June 2020,(vote 2 of 2),for,ocr_winocr,printed_form
Galway City,Frank Fahy,June 2020,(vote 2 of 2),for,ocr_winocr,resolved
Galway City,M. Farrell,June 2020,(vote 2 of 2),for,ocr_winocr,printed_form
Galway City,P. Flannery,June 2020,(vote 2 of 2),for,ocr_winocr,printed_form
Galway City,Peter Keane,June 2020,(vote 2 of 2),for,ocr_winocr,resolved
Galway City,N. Larkin,June 2020,(vote 2 of 2),for,ocr_winocr,printed_form
Galway City,M. Lohan,June 2020,(vote 2 of 2),for,ocr_winocr,printed_form
Galway City,Donal Lyons,June 2020,(vote 2 of 2),for,ocr_winocr,resolved
Galway City,Declan McDonnell,June 2020,(vote 2 of 2),for,ocr_winocr,resolved
Galway City,Níall McNelis,June 2020,(vote 2 of 2),for,ocr_winocr,resolved
Galway City,Terry O'Flaherty,June 2020,(vote 2 of 2),for,ocr_winocr,resolved
Galway City,J. Walsh,June 2020,(vote 2 of 2),for,ocr_winocr,printed_form
Galway City,P. Conneely,June 2020,(vote 2 of 2),against,ocr_winocr,printed_form
Galway City,C. Connolly,June 2020,(vote 2 of 2),against,ocr_winocr,printed_form
Galway City,M. Crowe,June 2020,(vote 2 of 2),against,ocr_winocr,printed_form
Galway City,O. Crowe Absent: M. Cubbard,June 2020,(vote 2 of 2),against,ocr_winocr,printed_form
Wexford,Pat Barden,23/12/2011,vote on Cllr. T. Forde’s motion. The outcome was the motion was defeated with 11 in favour and 21 against. The voting was as follows: County Council Meeting 11.12.23 BARDEN PAT F FARRELL,for,text,printed_form
Wexford,Mary Farrell,23/12/2011,vote on Cllr. T. Forde’s motion. The outcome was the motion was defeated with 11 in favour and 21 against. The voting was as follows: County Council Meeting 11.12.23 BARDEN PAT F FARRELL,for,text,resolved
Wexford,Maura Bell,23/12/2011,vote on Cllr. T. Forde’s motion. The outcome was the motion was defeated with 11 in favour and 21 against. The voting was as follows: County Council Meeting 11.12.23 BARDEN PAT F FARRELL,for,text,printed_form
Wexford,Tom Forde,23/12/2011,vote on Cllr. T. Forde’s motion. The outcome was the motion was defeated with 11 in favour and 21 against. The voting was as follows: County Council Meeting 11.12.23 BARDEN PAT F FARRELL,for,text,resolved
Wexford,John O'Rourke,23/12/2011,vote on Cllr. T. Forde’s motion. The outcome was the motion was defeated with 11 in favour and 21 against. The voting was as follows: County Council Meeting 11.12.23 BARDEN PAT F FARRELL,for,text,resolved
Wexford,David Hynes,23/12/2011,vote on Cllr. T. Forde’s motion. The outcome was the motion was defeated with 11 in favour and 21 against. The voting was as follows: County Council Meeting 11.12.23 BARDEN PAT F FARRELL,for,text,printed_form
Wexford,Fionntán Ó'súilleabháin,23/12/2011,vote on Cllr. T. Forde’s motion. The outcome was the motion was defeated with 11 in favour and 21 against. The voting was as follows: County Council Meeting 11.12.23 BARDEN PAT F FARRELL,for,text,printed_form
Wexford,Cathal Byrne,23/12/2011,vote on Cllr. T. Forde’s motion. The outcome was the motion was defeated with 11 in favour and 21 against. The voting was as follows: County Council Meeting 11.12.23 BARDEN PAT F FARRELL,for,text,resolved
Wexford,Jim Codd,23/12/2011,vote on Cllr. T. Forde’s motion. The outcome was the motion was defeated with 11 in favour and 21 against. The voting was as follows: County Council Meeting 11.12.23 BARDEN PAT F FARRELL,for,text,resolved
Wexford,Leonard Kelly,23/12/2011,vote on Cllr. T. Forde’s motion. The outcome was the motion was defeated with 11 in favour and 21 against. The voting was as follows: County Council Meeting 11.12.23 BARDEN PAT F FARRELL,for,text,resolved
Wexford,George Lawlor,23/12/2011,vote on Cllr. T. Forde’s motion. The outcome was the motion was defeated with 11 in favour and 21 against. The voting was as follows: County Council Meeting 11.12.23 BARDEN PAT F FARRELL,for,text,resolved
Wexford,Jim Moore,23/12/2011,vote on Cllr. T. Forde’s motion. The outcome was the motion was defeated with 11 in favour and 21 against. The voting was as follows: County Council Meeting 11.12.23 BARDEN PAT F FARRELL,against,text,printed_form
Wexford,John Fleming,23/12/2011,vote on Cllr. T. Forde’s motion. The outcome was the motion was defeated with 11 in favour and 21 against. The voting was as follows: County Council Meeting 11.12.23 BARDEN PAT F FARRELL,against,text,resolved
Wexford,Anne Barbara,23/12/2011,vote on Cllr. T. Forde’s motion. The outcome was the motion was defeated with 11 in favour and 21 against. The voting was as follows: County Council Meeting 11.12.23 BARDEN PAT F FARRELL,against,text,printed_form
Wexford,Andrew Bolger,23/12/2011,vote on Cllr. T. Forde’s motion. The outcome was the motion was defeated with 11 in favour and 21 against. The voting was as follows: County Council Meeting 11.12.23 BARDEN PAT F FARRELL,against,text,printed_form
Wexford,Bridín Murphy,23/12/2011,vote on Cllr. T. Forde’s motion. The outcome was the motion was defeated with 11 in favour and 21 against. The voting was as follows: County Council Meeting 11.12.23 BARDEN PAT F FARRELL,against,text,resolved
Wexford,Pip Breen,23/12/2011,vote on Cllr. T. Forde’s motion. The outcome was the motion was defeated with 11 in favour and 21 against. The voting was as follows: County Council Meeting 11.12.23 BARDEN PAT F FARRELL,against,text,resolved
Wexford,John Hegarty,23/12/2011,vote on Cllr. T. Forde’s motion. The outcome was the motion was defeated with 11 in favour and 21 against. The voting was as follows: County Council Meeting 11.12.23 BARDEN PAT F FARRELL,against,text,printed_form
Wexford,Aidan Browne,23/12/2011,vote on Cllr. T. Forde’s motion. The outcome was the motion was defeated with 11 in favour and 21 against. The voting was as follows: County Council Meeting 11.12.23 BARDEN PAT F FARRELL,against,text,resolved
Wexford,Willie Kavanagh,23/12/2011,vote on Cllr. T. Forde’s motion. The outcome was the motion was defeated with 11 in favour and 21 against. The voting was as follows: County Council Meeting 11.12.23 BARDEN PAT F FARRELL,against,text,printed_form
Wexford,Michael Sheehan,23/12/2011,vote on Cllr. T. Forde’s motion. The outcome was the motion was defeated with 11 in favour and 21 against. The voting was as follows: County Council Meeting 11.12.23 BARDEN PAT F FARRELL,against,text,printed_form
Wexford,Frank Staples,23/12/2011,vote on Cllr. T. Forde’s motion. The outcome was the motion was defeated with 11 in favour and 21 against. The voting was as follows: County Council Meeting 11.12.23 BARDEN PAT F FARRELL,against,text,resolved
Wexford,Kathleen Codd-nolan,23/12/2011,vote on Cllr. T. Forde’s motion. The outcome was the motion was defeated with 11 in favour and 21 against. The voting was as follows: County Council Meeting 11.12.23 BARDEN PAT F FARRELL,against,text,printed_form
Wexford,Donal Kenny,23/12/2011,vote on Cllr. T. Forde’s motion. The outcome was the motion was defeated with 11 in favour and 21 against. The voting was as follows: County Council Meeting 11.12.23 BARDEN PAT F FARRELL,against,text,resolved
Wexford,Joe Sullivan,23/12/2011,vote on Cllr. T. Forde’s motion. The outcome was the motion was defeated with 11 in favour and 21 against. The voting was as follows: County Council Meeting 11.12.23 BARDEN PAT F FARRELL,against,text,resolved
Wexford,Anthony Connick,23/12/2011,vote on Cllr. T. Forde’s motion. The outcome was the motion was defeated with 11 in favour and 21 against. The voting was as follows: County Council Meeting 11.12.23 BARDEN PAT F FARRELL,against,text,printed_form
Wexford,Garry Laffan,23/12/2011,vote on Cllr. T. Forde’s motion. The outcome was the motion was defeated with 11 in favour and 21 against. The voting was as follows: County Council Meeting 11.12.23 BARDEN PAT F FARRELL,against,text,resolved
Wexford,Oliver Walsh,23/12/2011,vote on Cllr. T. Forde’s motion. The outcome was the motion was defeated with 11 in favour and 21 against. The voting was as follows: County Council Meeting 11.12.23 BARDEN PAT F FARRELL,against,text,resolved
Wexford,Diarmuid Devereux,23/12/2011,vote on Cllr. T. Forde’s motion. The outcome was the motion was defeated with 11 in favour and 21 against. The voting was as follows: County Council Meeting 11.12.23 BARDEN PAT F FARRELL,against,text,printed_form
Wexford,Michael Whelan,23/12/2011,vote on Cllr. T. Forde’s motion. The outcome was the motion was defeated with 11 in favour and 21 against. The voting was as follows: County Council Meeting 11.12.23 BARDEN PAT F FARRELL,against,text,printed_form
Wexford,Anthony Donohoe,23/12/2011,vote on Cllr. T. Forde’s motion. The outcome was the motion was defeated with 11 in favour and 21 against. The voting was as follows: County Council Meeting 11.12.23 BARDEN PAT F FARRELL,against,text,resolved
Wexford,Lisa McDonald,23/12/2011,vote on Cllr. T. Forde’s motion. The outcome was the motion was defeated with 11 in favour and 21 against. The voting was as follows: County Council Meeting 11.12.23 BARDEN PAT F FARRELL,against,text,resolved
Wexford,Mary Farrell,12/06/2023,"accordance with the terms of the S. 183 Notice, as circulated was carried with 24 in favour and 7 against. The voting was as follows: BARDEN PAT A FARRELL MARY F MURPHY BARBARA ANNE F B",for,text,resolved
Wexford,Anne Barbara,12/06/2023,"accordance with the terms of the S. 183 Notice, as circulated was carried with 24 in favour and 7 against. The voting was as follows: BARDEN PAT A FARRELL MARY F MURPHY BARBARA ANNE F B",for,text,printed_form
Wexford,Maura Bell,12/06/2023,"accordance with the terms of the S. 183 Notice, as circulated was carried with 24 in favour and 7 against. The voting was as follows: BARDEN PAT A FARRELL MARY F MURPHY BARBARA ANNE F B",for,text,printed_form
Wexford,John Fleming,12/06/2023,"accordance with the terms of the S. 183 Notice, as circulated was carried with 24 in favour and 7 against. The voting was as follows: BARDEN PAT A FARRELL MARY F MURPHY BARBARA ANNE F B",for,text,resolved
Wexford,Bridín Murphy,12/06/2023,"accordance with the terms of the S. 183 Notice, as circulated was carried with 24 in favour and 7 against. The voting was as follows: BARDEN PAT A FARRELL MARY F MURPHY BARBARA ANNE F B",for,text,resolved
Wexford,John O'Rourke,12/06/2023,"accordance with the terms of the S. 183 Notice, as circulated was carried with 24 in favour and 7 against. The voting was as follows: BARDEN PAT A FARRELL MARY F MURPHY BARBARA ANNE F B",for,text,resolved
Wexford,Pip Breen,12/06/2023,"accordance with the terms of the S. 183 Notice, as circulated was carried with 24 in favour and 7 against. The voting was as follows: BARDEN PAT A FARRELL MARY F MURPHY BARBARA ANNE F B",for,text,resolved
Wexford,John Hegarty,12/06/2023,"accordance with the terms of the S. 183 Notice, as circulated was carried with 24 in favour and 7 against. The voting was as follows: BARDEN PAT A FARRELL MARY F MURPHY BARBARA ANNE F B",for,text,printed_form
Wexford,Aidan Browne,12/06/2023,"accordance with the terms of the S. 183 Notice, as circulated was carried with 24 in favour and 7 against. The voting was as follows: BARDEN PAT A FARRELL MARY F MURPHY BARBARA ANNE F B",for,text,resolved
Wexford,Michael Sheehan,12/06/2023,"accordance with the terms of the S. 183 Notice, as circulated was carried with 24 in favour and 7 against. The voting was as follows: BARDEN PAT A FARRELL MARY F MURPHY BARBARA ANNE F B",for,text,printed_form
Wexford,Cathal Byrne,12/06/2023,"accordance with the terms of the S. 183 Notice, as circulated was carried with 24 in favour and 7 against. The voting was as follows: BARDEN PAT A FARRELL MARY F MURPHY BARBARA ANNE F B",for,text,resolved
Wexford,Willie Kavanagh,12/06/2023,"accordance with the terms of the S. 183 Notice, as circulated was carried with 24 in favour and 7 against. The voting was as follows: BARDEN PAT A FARRELL MARY F MURPHY BARBARA ANNE F B",for,text,printed_form
Wexford,Frank Staples,12/06/2023,"accordance with the terms of the S. 183 Notice, as circulated was carried with 24 in favour and 7 against. The voting was as follows: BARDEN PAT A FARRELL MARY F MURPHY BARBARA ANNE F B",for,text,resolved
Wexford,Ger Carthy,12/06/2023,"accordance with the terms of the S. 183 Notice, as circulated was carried with 24 in favour and 7 against. The voting was as follows: BARDEN PAT A FARRELL MARY F MURPHY BARBARA ANNE F B",for,text,resolved
Wexford,Leonard Kelly,12/06/2023,"accordance with the terms of the S. 183 Notice, as circulated was carried with 24 in favour and 7 against. The voting was as follows: BARDEN PAT A FARRELL MARY F MURPHY BARBARA ANNE F B",for,text,resolved
Wexford,Donal Kenny,12/06/2023,"accordance with the terms of the S. 183 Notice, as circulated was carried with 24 in favour and 7 against. The voting was as follows: BARDEN PAT A FARRELL MARY F MURPHY BARBARA ANNE F B",for,text,resolved
Wexford,Oliver Walsh,12/06/2023,"accordance with the terms of the S. 183 Notice, as circulated was carried with 24 in favour and 7 against. The voting was as follows: BARDEN PAT A FARRELL MARY F MURPHY BARBARA ANNE F B",for,text,resolved
Wexford,Kathleen Codd-nolan,12/06/2023,"accordance with the terms of the S. 183 Notice, as circulated was carried with 24 in favour and 7 against. The voting was as follows: BARDEN PAT A FARRELL MARY F MURPHY BARBARA ANNE F B",for,text,printed_form
Wexford,Garry Laffan,12/06/2023,"accordance with the terms of the S. 183 Notice, as circulated was carried with 24 in favour and 7 against. The voting was as follows: BARDEN PAT A FARRELL MARY F MURPHY BARBARA ANNE F B",for,text,resolved
Wexford,Michael Whelan,12/06/2023,"accordance with the terms of the S. 183 Notice, as circulated was carried with 24 in favour and 7 against. The voting was as follows: BARDEN PAT A FARRELL MARY F MURPHY BARBARA ANNE F B",for,text,printed_form
Wexford,Anthony Connick,12/06/2023,"accordance with the terms of the S. 183 Notice, as circulated was carried with 24 in favour and 7 against. The voting was as follows: BARDEN PAT A FARRELL MARY F MURPHY BARBARA ANNE F B",for,text,printed_form
Wexford,George Lawlor,12/06/2023,"accordance with the terms of the S. 183 Notice, as circulated was carried with 24 in favour and 7 against. The voting was as follows: BARDEN PAT A FARRELL MARY F MURPHY BARBARA ANNE F B",for,text,resolved
Wexford,Anthony Donohoe,12/06/2023,"accordance with the terms of the S. 183 Notice, as circulated was carried with 24 in favour and 7 against. The voting was as follows: BARDEN PAT A FARRELL MARY F MURPHY BARBARA ANNE F B",for,text,resolved
Wexford,Jim Moore,12/06/2023,"accordance with the terms of the S. 183 Notice, as circulated was carried with 24 in favour and 7 against. The voting was as follows: BARDEN PAT A FARRELL MARY F MURPHY BARBARA ANNE F B",for,text,printed_form
Wexford,Pat Barden,12/06/2023,"accordance with the terms of the S. 183 Notice, as circulated was carried with 24 in favour and 7 against. The voting was as follows: BARDEN PAT A FARRELL MARY F MURPHY BARBARA ANNE F B",against,text,printed_form
Wexford,Andrew Bolger,12/06/2023,"accordance with the terms of the S. 183 Notice, as circulated was carried with 24 in favour and 7 against. The voting was as follows: BARDEN PAT A FARRELL MARY F MURPHY BARBARA ANNE F B",against,text,printed_form
Wexford,Tom Forde,12/06/2023,"accordance with the terms of the S. 183 Notice, as circulated was carried with 24 in favour and 7 against. The voting was as follows: BARDEN PAT A FARRELL MARY F MURPHY BARBARA ANNE F B",against,text,resolved
Wexford,Fionntán Ó'súilleabháin,12/06/2023,"accordance with the terms of the S. 183 Notice, as circulated was carried with 24 in favour and 7 against. The voting was as follows: BARDEN PAT A FARRELL MARY F MURPHY BARBARA ANNE F B",against,text,printed_form
Wexford,David Hynes,12/06/2023,"accordance with the terms of the S. 183 Notice, as circulated was carried with 24 in favour and 7 against. The voting was as follows: BARDEN PAT A FARRELL MARY F MURPHY BARBARA ANNE F B",against,text,printed_form
Wexford,Joe Sullivan,12/06/2023,"accordance with the terms of the S. 183 Notice, as circulated was carried with 24 in favour and 7 against. The voting was as follows: BARDEN PAT A FARRELL MARY F MURPHY BARBARA ANNE F B",against,text,resolved
Wexford,Jim Codd,12/06/2023,"accordance with the terms of the S. 183 Notice, as circulated was carried with 24 in favour and 7 against. The voting was as follows: BARDEN PAT A FARRELL MARY F MURPHY BARBARA ANNE F B",against,text,resolved
Wexford,Fionntán Ó'súilleabháin,04/12/2023,me was that the proposal to amend the Rates Abatement Scheme was defeated with 8 in favour and 20 against. The voting was as follows: BELL MAURA A FARRELL MARY A Ó'SÚILLEABHÁIN FIONNTÁN F B,for,text,printed_form
Wexford,Tom Forde,04/12/2023,me was that the proposal to amend the Rates Abatement Scheme was defeated with 8 in favour and 20 against. The voting was as follows: BELL MAURA A FARRELL MARY A Ó'SÚILLEABHÁIN FIONNTÁN F B,for,text,resolved
Wexford,David Hynes,04/12/2023,me was that the proposal to amend the Rates Abatement Scheme was defeated with 8 in favour and 20 against. The voting was as follows: BELL MAURA A FARRELL MARY A Ó'SÚILLEABHÁIN FIONNTÁN F B,for,text,printed_form
Wexford,Cathal Byrne,04/12/2023,me was that the proposal to amend the Rates Abatement Scheme was defeated with 8 in favour and 20 against. The voting was as follows: BELL MAURA A FARRELL MARY A Ó'SÚILLEABHÁIN FIONNTÁN F B,for,text,resolved
Wexford,Leonard Kelly,04/12/2023,me was that the proposal to amend the Rates Abatement Scheme was defeated with 8 in favour and 20 against. The voting was as follows: BELL MAURA A FARRELL MARY A Ó'SÚILLEABHÁIN FIONNTÁN F B,for,text,resolved
Wexford,Jim Codd,04/12/2023,me was that the proposal to amend the Rates Abatement Scheme was defeated with 8 in favour and 20 against. The voting was as follows: BELL MAURA A FARRELL MARY A Ó'SÚILLEABHÁIN FIONNTÁN F B,for,text,resolved
Wexford,Anthony Connick,04/12/2023,me was that the proposal to amend the Rates Abatement Scheme was defeated with 8 in favour and 20 against. The voting was as follows: BELL MAURA A FARRELL MARY A Ó'SÚILLEABHÁIN FIONNTÁN F B,for,text,printed_form
Wexford,John O'Rourke,04/12/2023,me was that the proposal to amend the Rates Abatement Scheme was defeated with 8 in favour and 20 against. The voting was as follows: BELL MAURA A FARRELL MARY A Ó'SÚILLEABHÁIN FIONNTÁN F B,for,text,resolved
Wexford,Maura Bell,04/12/2023,me was that the proposal to amend the Rates Abatement Scheme was defeated with 8 in favour and 20 against. The voting was as follows: BELL MAURA A FARRELL MARY A Ó'SÚILLEABHÁIN FIONNTÁN F B,against,text,printed_form
Wexford,Mary Farrell,04/12/2023,me was that the proposal to amend the Rates Abatement Scheme was defeated with 8 in favour and 20 against. The voting was as follows: BELL MAURA A FARRELL MARY A Ó'SÚILLEABHÁIN FIONNTÁN F B,against,text,resolved
Wexford,Andrew Bolger,04/12/2023,me was that the proposal to amend the Rates Abatement Scheme was defeated with 8 in favour and 20 against. The voting was as follows: BELL MAURA A FARRELL MARY A Ó'SÚILLEABHÁIN FIONNTÁN F B,against,text,printed_form
Wexford,John Fleming,04/12/2023,me was that the proposal to amend the Rates Abatement Scheme was defeated with 8 in favour and 20 against. The voting was as follows: BELL MAURA A FARRELL MARY A Ó'SÚILLEABHÁIN FIONNTÁN F B,against,text,resolved
Wexford,Michael Sheehan,04/12/2023,me was that the proposal to amend the Rates Abatement Scheme was defeated with 8 in favour and 20 against. The voting was as follows: BELL MAURA A FARRELL MARY A Ó'SÚILLEABHÁIN FIONNTÁN F B,against,text,printed_form
Wexford,Pip Breen,04/12/2023,me was that the proposal to amend the Rates Abatement Scheme was defeated with 8 in favour and 20 against. The voting was as follows: BELL MAURA A FARRELL MARY A Ó'SÚILLEABHÁIN FIONNTÁN F B,against,text,resolved
Wexford,Frank Staples,04/12/2023,me was that the proposal to amend the Rates Abatement Scheme was defeated with 8 in favour and 20 against. The voting was as follows: BELL MAURA A FARRELL MARY A Ó'SÚILLEABHÁIN FIONNTÁN F B,against,text,resolved
Wexford,Aidan Browne,04/12/2023,me was that the proposal to amend the Rates Abatement Scheme was defeated with 8 in favour and 20 against. The voting was as follows: BELL MAURA A FARRELL MARY A Ó'SÚILLEABHÁIN FIONNTÁN F B,against,text,resolved
Wexford,Joe Sullivan,04/12/2023,me was that the proposal to amend the Rates Abatement Scheme was defeated with 8 in favour and 20 against. The voting was as follows: BELL MAURA A FARRELL MARY A Ó'SÚILLEABHÁIN FIONNTÁN F B,against,text,resolved
Wexford,Willie Kavanagh,04/12/2023,me was that the proposal to amend the Rates Abatement Scheme was defeated with 8 in favour and 20 against. The voting was as follows: BELL MAURA A FARRELL MARY A Ó'SÚILLEABHÁIN FIONNTÁN F B,against,text,printed_form
Wexford,Oliver Walsh,04/12/2023,me was that the proposal to amend the Rates Abatement Scheme was defeated with 8 in favour and 20 against. The voting was as follows: BELL MAURA A FARRELL MARY A Ó'SÚILLEABHÁIN FIONNTÁN F B,against,text,resolved
Wexford,Ger Carthy,04/12/2023,me was that the proposal to amend the Rates Abatement Scheme was defeated with 8 in favour and 20 against. The voting was as follows: BELL MAURA A FARRELL MARY A Ó'SÚILLEABHÁIN FIONNTÁN F B,against,text,resolved
Wexford,Michael Whelan,04/12/2023,me was that the proposal to amend the Rates Abatement Scheme was defeated with 8 in favour and 20 against. The voting was as follows: BELL MAURA A FARRELL MARY A Ó'SÚILLEABHÁIN FIONNTÁN F B,against,text,printed_form
Wexford,Donal Kenny,04/12/2023,me was that the proposal to amend the Rates Abatement Scheme was defeated with 8 in favour and 20 against. The voting was as follows: BELL MAURA A FARRELL MARY A Ó'SÚILLEABHÁIN FIONNTÁN F B,against,text,resolved
Wexford,Kathleen Codd-nolan,04/12/2023,me was that the proposal to amend the Rates Abatement Scheme was defeated with 8 in favour and 20 against. The voting was as follows: BELL MAURA A FARRELL MARY A Ó'SÚILLEABHÁIN FIONNTÁN F B,against,text,printed_form
Wexford,Garry Laffan,04/12/2023,me was that the proposal to amend the Rates Abatement Scheme was defeated with 8 in favour and 20 against. The voting was as follows: BELL MAURA A FARRELL MARY A Ó'SÚILLEABHÁIN FIONNTÁN F B,against,text,resolved
Wexford,Lisa McDonald,04/12/2023,me was that the proposal to amend the Rates Abatement Scheme was defeated with 8 in favour and 20 against. The voting was as follows: BELL MAURA A FARRELL MARY A Ó'SÚILLEABHÁIN FIONNTÁN F B,against,text,resolved
Wexford,Diarmuid Devereux,04/12/2023,me was that the proposal to amend the Rates Abatement Scheme was defeated with 8 in favour and 20 against. The voting was as follows: BELL MAURA A FARRELL MARY A Ó'SÚILLEABHÁIN FIONNTÁN F B,against,text,printed_form
Wexford,Anne Barbara,04/12/2023,me was that the proposal to amend the Rates Abatement Scheme was defeated with 8 in favour and 20 against. The voting was as follows: BELL MAURA A FARRELL MARY A Ó'SÚILLEABHÁIN FIONNTÁN F B,against,text,printed_form
Wexford,Anthony Donohoe,04/12/2023,me was that the proposal to amend the Rates Abatement Scheme was defeated with 8 in favour and 20 against. The voting was as follows: BELL MAURA A FARRELL MARY A Ó'SÚILLEABHÁIN FIONNTÁN F B,against,text,resolved
Wexford,Anthony Donohoe,28/11/2022,"amendment to increase the Amenity Grants by €1,000 per Member was carried with 24 in favour and 4 against. The voting was as follows: BARDEN PAT A DONOHOE ANTHONY F Ó'SÚILLEABHÁIN FIONNTÁN",for,text,resolved
Wexford,Maura Bell,28/11/2022,"amendment to increase the Amenity Grants by €1,000 per Member was carried with 24 in favour and 4 against. The voting was as follows: BARDEN PAT A DONOHOE ANTHONY F Ó'SÚILLEABHÁIN FIONNTÁN",for,text,printed_form
Wexford,Mary Farrell,28/11/2022,"amendment to increase the Amenity Grants by €1,000 per Member was carried with 24 in favour and 4 against. The voting was as follows: BARDEN PAT A DONOHOE ANTHONY F Ó'SÚILLEABHÁIN FIONNTÁN",for,text,resolved
Wexford,Andrew Bolger,28/11/2022,"amendment to increase the Amenity Grants by €1,000 per Member was carried with 24 in favour and 4 against. The voting was as follows: BARDEN PAT A DONOHOE ANTHONY F Ó'SÚILLEABHÁIN FIONNTÁN",for,text,printed_form
Wexford,John Fleming,28/11/2022,"amendment to increase the Amenity Grants by €1,000 per Member was carried with 24 in favour and 4 against. The voting was as follows: BARDEN PAT A DONOHOE ANTHONY F Ó'SÚILLEABHÁIN FIONNTÁN",for,text,resolved
Wexford,Michael Sheehan,28/11/2022,"amendment to increase the Amenity Grants by €1,000 per Member was carried with 24 in favour and 4 against. The voting was as follows: BARDEN PAT A DONOHOE ANTHONY F Ó'SÚILLEABHÁIN FIONNTÁN",for,text,printed_form
Wexford,Pip Breen,28/11/2022,"amendment to increase the Amenity Grants by €1,000 per Member was carried with 24 in favour and 4 against. The voting was as follows: BARDEN PAT A DONOHOE ANTHONY F Ó'SÚILLEABHÁIN FIONNTÁN",for,text,resolved
Wexford,Willie Kavanagh,28/11/2022,"amendment to increase the Amenity Grants by €1,000 per Member was carried with 24 in favour and 4 against. The voting was as follows: BARDEN PAT A DONOHOE ANTHONY F Ó'SÚILLEABHÁIN FIONNTÁN",for,text,printed_form
Wexford,Joe Sullivan,28/11/2022,"amendment to increase the Amenity Grants by €1,000 per Member was carried with 24 in favour and 4 against. The voting was as follows: BARDEN PAT A DONOHOE ANTHONY F Ó'SÚILLEABHÁIN FIONNTÁN",for,text,resolved
Wexford,Aidan Browne,28/11/2022,"amendment to increase the Amenity Grants by €1,000 per Member was carried with 24 in favour and 4 against. The voting was as follows: BARDEN PAT A DONOHOE ANTHONY F Ó'SÚILLEABHÁIN FIONNTÁN",for,text,resolved
Wexford,Donal Kenny,28/11/2022,"amendment to increase the Amenity Grants by €1,000 per Member was carried with 24 in favour and 4 against. The voting was as follows: BARDEN PAT A DONOHOE ANTHONY F Ó'SÚILLEABHÁIN FIONNTÁN",for,text,resolved
Wexford,Oliver Walsh,28/11/2022,"amendment to increase the Amenity Grants by €1,000 per Member was carried with 24 in favour and 4 against. The voting was as follows: BARDEN PAT A DONOHOE ANTHONY F Ó'SÚILLEABHÁIN FIONNTÁN",for,text,resolved
Wexford,Cathal Byrne,28/11/2022,"amendment to increase the Amenity Grants by €1,000 per Member was carried with 24 in favour and 4 against. The voting was as follows: BARDEN PAT A DONOHOE ANTHONY F Ó'SÚILLEABHÁIN FIONNTÁN",for,text,resolved
Wexford,George Lawlor,28/11/2022,"amendment to increase the Amenity Grants by €1,000 per Member was carried with 24 in favour and 4 against. The voting was as follows: BARDEN PAT A DONOHOE ANTHONY F Ó'SÚILLEABHÁIN FIONNTÁN",for,text,resolved
Wexford,Michael Whelan,28/11/2022,"amendment to increase the Amenity Grants by €1,000 per Member was carried with 24 in favour and 4 against. The voting was as follows: BARDEN PAT A DONOHOE ANTHONY F Ó'SÚILLEABHÁIN FIONNTÁN",for,text,printed_form
Wexford,Ger Carthy,28/11/2022,"amendment to increase the Amenity Grants by €1,000 per Member was carried with 24 in favour and 4 against. The voting was as follows: BARDEN PAT A DONOHOE ANTHONY F Ó'SÚILLEABHÁIN FIONNTÁN",for,text,resolved
Wexford,Lisa McDonald,28/11/2022,"amendment to increase the Amenity Grants by €1,000 per Member was carried with 24 in favour and 4 against. The voting was as follows: BARDEN PAT A DONOHOE ANTHONY F Ó'SÚILLEABHÁIN FIONNTÁN",for,text,resolved
Wexford,Jim Moore,28/11/2022,"amendment to increase the Amenity Grants by €1,000 per Member was carried with 24 in favour and 4 against. The voting was as follows: BARDEN PAT A DONOHOE ANTHONY F Ó'SÚILLEABHÁIN FIONNTÁN",for,text,printed_form
Wexford,Kathleen Codd-nolan,28/11/2022,"amendment to increase the Amenity Grants by €1,000 per Member was carried with 24 in favour and 4 against. The voting was as follows: BARDEN PAT A DONOHOE ANTHONY F Ó'SÚILLEABHÁIN FIONNTÁN",for,text,printed_form
Wexford,Anne Barbara,28/11/2022,"amendment to increase the Amenity Grants by €1,000 per Member was carried with 24 in favour and 4 against. The voting was as follows: BARDEN PAT A DONOHOE ANTHONY F Ó'SÚILLEABHÁIN FIONNTÁN",for,text,printed_form
Wexford,Anthony Connick,28/11/2022,"amendment to increase the Amenity Grants by €1,000 per Member was carried with 24 in favour and 4 against. The voting was as follows: BARDEN PAT A DONOHOE ANTHONY F Ó'SÚILLEABHÁIN FIONNTÁN",for,text,printed_form
Wexford,Bridín Murphy,28/11/2022,"amendment to increase the Amenity Grants by €1,000 per Member was carried with 24 in favour and 4 against. The voting was as follows: BARDEN PAT A DONOHOE ANTHONY F Ó'SÚILLEABHÁIN FIONNTÁN",for,text,resolved
Wexford,Diarmuid Devereux,28/11/2022,"amendment to increase the Amenity Grants by €1,000 per Member was carried with 24 in favour and 4 against. The voting was as follows: BARDEN PAT A DONOHOE ANTHONY F Ó'SÚILLEABHÁIN FIONNTÁN",for,text,printed_form
Wexford,John O'Rourke,28/11/2022,"amendment to increase the Amenity Grants by €1,000 per Member was carried with 24 in favour and 4 against. The voting was as follows: BARDEN PAT A DONOHOE ANTHONY F Ó'SÚILLEABHÁIN FIONNTÁN",for,text,resolved
Wexford,Pat Barden,28/11/2022,"amendment to increase the Amenity Grants by €1,000 per Member was carried with 24 in favour and 4 against. The voting was as follows: BARDEN PAT A DONOHOE ANTHONY F Ó'SÚILLEABHÁIN FIONNTÁN",against,text,printed_form
Wexford,Fionntán Ó'súilleabháin,28/11/2022,"amendment to increase the Amenity Grants by €1,000 per Member was carried with 24 in favour and 4 against. The voting was as follows: BARDEN PAT A DONOHOE ANTHONY F Ó'SÚILLEABHÁIN FIONNTÁN",against,text,printed_form
Wexford,Jackser Owens,28/11/2022,"amendment to increase the Amenity Grants by €1,000 per Member was carried with 24 in favour and 4 against. The voting was as follows: BARDEN PAT A DONOHOE ANTHONY F Ó'SÚILLEABHÁIN FIONNTÁN",against,text,resolved
Wexford,Jim Codd,28/11/2022,"amendment to increase the Amenity Grants by €1,000 per Member was carried with 24 in favour and 4 against. The voting was as follows: BARDEN PAT A DONOHOE ANTHONY F Ó'SÚILLEABHÁIN FIONNTÁN",against,text,resolved
